siteid,latitude,longitude
539,37.9748171,23.7205719
6187,37.10360762,25.37542824
5146,36.64106411,23.02762863
2925,37.97625776,23.72879099
3470,40.33153801,21.1806868
134,38.10273604,23.67378036
948,38.04638889,23.76538889
1919,35.33362984,25.13285831
980,38.09980556,23.76658333
5476,38.26966093,22.04421217
3873,40.96778053,25.43879625
2459,38.15204711,24.37852808
4400,39.62467123,20.86188084
739,37.91516895,23.75229685
1297,40.61509664,22.96322431
6317,35.07002037,26.19190238
5825,38.05739592,23.51607087
3590,41.45637378,26.45967195
5425,37.84263969,21.74152853
3436,40.9228471,23.09240274
4535,39.27951545,20.42433491
6150,35.15029344,24.98436292
5137,36.82726155,22.98423619
4285,39.55691918,22.09225395
6229,36.40252932,28.09237067
1110,40.81840905,23.35824726
1556,36.76455557,27.11696536
1628,35.06322222,25.34183333
285,37.9942919,23.34701357
3511,40.92882609,24.83366385
4013,39.60218851,22.4364552
1643,35.06836111,24.97183333
2976,37.97023273,23.70055468
5332,37.67701231,20.80248036
2652,38.26777778,23.68583333
6226,35.29663595,25.00027269
4790,39.49906361,20.43340558
67,38.01018562,23.72352812
4390,39.31312031,22.8772311
1667,39.11675773,26.51195144
174,38.15488175,23.96418853
5016,38.24030992,21.75023003
3837,41.09369956,24.85468262
5566,37.93408333,23.88438889
4399,39.07866014,20.69945555
41759,40.67653286,22.94875925
1062,40.6739677,22.92962849
6417,36.37752179,28.11674116
6134,35.28967025,25.09620513
2427,38.42279001,22.11982956
3533,40.26877085,22.59794862
5104,37.75918365,21.43549138
6211,36.67578393,24.38176471
1322,40.60578434,22.96820918
3011,40.27765383,23.33957018
4366,39.93380556,21.00591667
4111,39.47038462,22.08352441
3813,40.76078495,22.16050756
3198,40.51667027,21.2537972
3432,40.05980217,21.08415159
3147,40.26077778,23.21891667
2195,38.68785422,21.86492454
2804,37.83869444,23.89266667
1296,40.51674252,23.28428396
469,37.98477524,23.6416451
2306,37.89550216,23.73477472
5345,37.83395353,21.3972825
4185,39.08743224,20.91989321
611,38.08890201,23.6223795
4187,39.32168613,20.35430566
2529,37.96797203,23.74444492
1565,37.98387134,23.87019432
578,38.01190327,23.68853689
3223,40.31326368,21.38833574
5156,38.09177538,22.12072536
2291,38.68761777,21.19441302
6286,38.285112,26.09801851
3205,40.79761149,21.04039524
4456,39.55447112,21.7244441
4933,39.08829331,23.74411839
5188,37.79751386,20.89487111
926,37.97107265,23.708926
1996,35.24626691,25.08275206
3319,40.58629649,21.49005464
6285,35.75544212,27.18049288
4260,39.306459,22.50578181
3341,40.72956111,22.0918865
822,38.00815142,23.86728896
1790,39.95207107,25.14876945
1522,40.61148453,22.97094881
1817,35.33431984,25.1595426
1245,40.67723969,22.95071851
1855,36.97972281,25.39611625
2173,38.77622818,21.87314513
892,38.04294444,23.78375
3162,40.83595381,22.08549859
520,37.95571206,23.6121765
42022,40.50242071,21.77676455
4465,39.6754153,22.46016488
5245,37.61807079,21.66272778
6511,35.31963889,24.48216667
3272,40.27117998,22.50845557
3723,41.533423,24.27680203
5282,37.08622321,22.43084494
3471,41.70496962,26.29514373
347,38.03179522,23.72833909
4016,39.81989776,21.22328806
2858,37.93273996,23.63648609
5258,37.69687102,21.49590626
2172,38.85944537,22.11631519
2055,38.4389902,22.88045508
514,37.94946032,23.76950507
2484,38.17186019,23.55998916
3344,40.76984196,22.31885667
5779,37.9733997,23.7347569
3846,35.51503303,24.01800244
1509,40.63381125,22.93959586
145,37.98371629,23.73036208
3308,41.13477702,22.72102372
4774,39.14260984,21.02308265
12,38.27441,23.832797
2204,38.76438734,22.75371814
218,38.00187622,23.73978133
387,37.88965187,23.76211186
1210,40.52163889,23.00077778
2397,37.97374032,23.73327413
5074,37.6022578,23.15581544
3741,41.69784937,26.30628555
4060,39.69978526,19.69717042
41348,39.1491357,21.48101331
2283,37.85497461,23.76600843
5250,35.86094444,23.30994444
6493,35.45597222,23.57702778
5095,37.90314216,21.14482599
5101,37.55390271,21.67827714
5856,38.10693115,20.80987222
4227,39.37996617,21.63443503
4152,39.87852778,20.66541667
3098,40.79655529,22.01020714
1769,35.33886975,25.13386076
3268,40.53970228,23.09389598
2053,40.20713889,23.32225
5376,37.36557704,21.88187358
830,38.03780556,23.784
2832,38.07486111,23.82280556
2359,38.26333736,24.20923854
5423,37.38212151,21.76452426
2702,37.9793,23.71518889
3435,40.06577232,21.68343192
585,38.05894444,23.75638889
4923,39.72938887,22.36439201
5420,37.98108333,23.80666667
1077,38.02046504,23.7979586
3113,40.67190556,24.55357616
6324,35.28416667,25.53269444
5694,36.92842015,21.85822198
4154,39.81464115,20.75118222
3118,41.19228097,26.30372597
2570,38.8638747,21.18533409
4474,39.60548753,20.86000038
625,37.99897977,23.72252937
2078,38.43323203,22.42569632
6315,35.39727114,25.03880337
1176,40.68849843,22.90949053
4046,39.2035,20.883
594,37.96078718,24.00532297
1036,35.51784597,24.09055288
304,37.6914187,23.45778413
2755,37.85719722,23.83447222
3027,40.22705726,24.26524125
507,37.93866923,23.7266283
4543,38.41440294,26.11657199
41546,37.98854747,23.93532561
4921,39.67225333,20.84693201
3133,41.50176264,26.53182697
4099,39.3871715,21.73355134
4687,38.00385917,23.87831262
3800,41.29495365,23.29748619
405,37.98219832,23.31972015
3792,38.00106829,23.78812693
4906,39.6638871,20.85138415
6532,35.33893187,25.13699595
5967,37.83980695,23.77187487
5225,37.81872724,21.83760467
1899,37.41468807,25.36212046
41250,37.98611786,23.76797696
2018,38.93469571,22.41838581
5060,38.25134719,22.08525516
4120,39.15280666,20.58765896
6516,35.02067746,26.12734788
5937,37.97875662,23.76296934
2582,37.98043123,23.75361629
1045,40.67704934,22.89779427
1735,35.00168729,25.79631006
3712,40.03342415,21.9359611
5096,37.85391666,21.25661696
6122,35.24951782,24.27076302
3834,41.05513324,22.78465078
2039,38.47929267,23.64157493
2136,38.86537846,23.18825053
1780,36.31392817,28.16030305
2691,38.035,23.77113889
5419,37.22534824,21.96792383
3022,39.963209,23.400046
1677,35.14309759,25.51946184
1206,37.89317935,23.95034835
4360,39.51870777,21.02350366
6140,35.20922119,25.33733144
2189,38.41087021,21.73060549
2163,38.37255482,22.78795197
5238,37.7331236,23.11802052
4712,39.3584554,22.94808381
1711,35.27216301,25.71253042
2016,38.89900801,22.48178409
3335,40.52036624,22.39522458
4523,37.51839269,22.37228601
5523,38.24252778,22.07513889
487,38.02273579,23.73070021
2215,38.58118695,22.53198347
3811,40.52357738,22.13195134
5740,37.94649057,22.43090965
5918,37.94345736,23.6469718
5084,37.47501977,23.20891557
5325,37.40600519,21.87790451
3518,40.48120717,20.9986346
5614,37.19110964,21.8865999
202,37.94676879,23.71191973
41347,38.07822224,23.73855864
2384,37.98025745,23.67847505
6439,35.18165985,25.96905981
3061,40.25205403,23.58179771
5053,37.89985211,23.87293756
2761,37.95811111,23.62619444
1766,37.68059453,26.34612022
2506,35.34573397,24.56070381
2749,40.54767853,22.98748172
6408,35.30268161,24.57262864
167,40.58824292,22.96077058
4142,39.38952068,23.01141773
4235,39.42271391,21.05403467
4276,39.62353182,19.92057129
5791,35.51257975,24.01872835
6107,35.06890471,26.067838
270,38.05209564,23.64743785
5996,38.03795298,23.81657399
1202,40.60560736,22.96371173
3468,35.50783987,24.01902201
41177,38.34149167,23.59183333
2712,37.9456519,23.67874495
3498,41.26646493,24.49673628
1284,38.88050136,23.35279027
6308,36.8805,22.24005556
716,37.97665541,23.74044858
1882,35.15130535,24.78982915
1004,40.70523125,22.78935046
5086,37.63776118,23.1540123
900,37.9979428,23.73123903
2497,38.71160402,23.74646833
5291,37.93867796,22.94321897
4776,40.69755556,23.05338889
1787,36.4295,28.21430556
3129,41.69482569,26.1246484
5045,38.05140237,23.83814635
2997,37.98885234,23.74238807
5749,37.65278938,21.30803418
361,38.02486111,23.80711111
6469,38.98722189,26.38633845
5608,37.51307007,21.89524944
866,37.97701753,23.74371454
6245,39.13222835,25.94608747
4559,39.43661111,20.60383333
4899,39.87425,22.57916667
1505,40.71984496,23.01838474
1005,40.67079889,22.80631146
2563,39.361638,22.9593802
2019,38.89613873,22.38884008
2050,38.36905608,21.43127181
394,37.93480673,23.72879133
3094,41.10798266,23.58837458
4601,39.36076239,22.94596067
6334,35.0869412,25.40736485
2292,38.67525704,21.3604563
4476,39.39612433,23.06271771
579,38.09161111,23.86202778
3156,41.13914254,24.88678254
4376,39.39507611,22.96335481
298,37.75592536,23.51785562
3218,40.31311437,21.68210733
5482,37.80183381,21.35172154
2717,37.99785139,23.84775032
1816,37.44656389,24.90560802
6016,36.09554412,27.84004446
41620,40.69730221,22.95079471
1912,35.33503735,25.12417134
5509,37.46771131,21.66294584
2514,38.13642389,24.49385701
4705,39.61166668,22.41120641
5844,37.38481927,22.19500386
6329,36.69093173,24.50991395
2548,38.89995641,22.43516399
3474,40.24727738,21.66645682
2400,38.57130214,21.66696831
5302,38.06108589,21.89386904
3523,40.24349642,21.71253512
201,37.95850084,23.69931719
114,37.91900706,24.02598751
4508,39.5726727,21.74802718
523,41.03064917,24.28018897
4303,40.17161111,20.77744444
2011,38.86022368,22.87852669
2480,38.87256316,22.43980697
41498,37.41000778,25.3597327
41276,38.02210778,23.70308837
454,38.06455952,23.68701616
1927,35.39274588,23.56862153
3191,40.52062989,21.26660275
3167,40.10830277,23.97809611
5883,37.78089221,22.68869033
5742,38.00330069,21.37981945
4101,39.36522333,21.92003164
3661,40.3151797,21.79685923
3562,40.76577277,23.90958192
5770,36.6107834,22.9325349
6069,35.4694535,24.08815862
358,38.01343442,23.70775027
3215,38.38893166,22.65357867
649,37.92310958,23.75497015
2405,38.54786982,23.66937381
2194,38.61198771,21.79368837
4246,39.60313466,22.37577726
4242,39.81195829,20.99960119
5724,37.07009335,22.10836158
1683,36.42035292,28.16044551
2251,38.70773733,20.64891214
6467,39.0292522,26.15449338
5148,36.67023686,22.39324872
3520,40.30017707,23.09907862
3572,40.99391156,22.85931175
5467,37.85131288,22.8407142
5394,38.00124964,23.77303686
2638,37.97385745,23.66226693
2076,38.99969443,22.38625157
5802,37.06534606,22.91040193
1697,35.48420196,27.11994902
5786,40.7865,21.88336111
6296,36.60543893,27.8291199
2072,38.49190906,22.97722604
3115,40.68971881,24.75798576
1562,37.55265217,25.11777678
3465,40.64900531,22.47026157
6465,39.2460807,26.26899408
113,38.03346616,23.81832095
797,37.92132721,23.70228793
1971,35.18777114,25.71528209
1856,35.42213999,24.70489431
1682,35.07517963,25.71045549
2475,37.42302778,23.48483333
2952,38.07372222,23.80855556
5350,37.64158398,22.430063
2654,35.29747112,25.1713124
1650,38.31823599,21.971396
5379,38.22444483,21.7225774
3857,39.61646181,19.83856758
4549,39.7893367,19.81541693
6287,37.34392564,26.54286624
4308,39.24672051,20.68682534
1720,36.12313396,28.05995262
5094,37.91673006,21.18522503
3460,40.78706231,21.9677075
6474,37.70032539,26.80021534
132,37.82434859,23.80905357
5475,38.2984719,21.99347853
1693,36.86948216,27.13740737
3362,41.41703667,26.23003536
1613,36.44397222,28.21180556
1402,40.67257237,22.96053267
1095,40.77805448,22.574866
3930,41.102365,23.54879709
6223,37.63845635,26.27887638
2848,38.21519444,23.80872222
3508,41.22973693,24.8703279
63,38.01013889,23.84875
1746,37.43975997,25.41764218
3146,41.11353369,25.37994718
2688,37.94180239,23.7495799
3503,41.59460031,26.45147464
3615,41.11920506,22.86619551
1988,39.25744196,26.39386788
5321,37.02526289,21.64220541
5270,37.19540316,22.27968025
3568,40.34751068,23.01571341
2135,38.88548744,23.41417309
4573,39.43677778,20.48486111
2500,38.070389,23.836625
156,37.95758303,23.73465079
762,38.11683333,23.77394444
2212,38.84648289,20.97324005
2672,35.35913266,24.47539342
4103,39.3378461,22.09655969
2670,38.00125264,23.71884137
5573,37.59564308,23.07958589
5042,38.01814228,23.85267718
1342,40.60016667,22.97611111
3574,40.77520073,23.99332223
4767,39.37883333,20.32738889
3101,41.08532033,23.5440512
349,37.92612653,23.73559391
3369,40.97365141,25.42340028
2447,38.72295509,23.4908545
3145,41.11731447,25.40347509
124,37.71359298,24.05407812
2823,37.96721855,23.64281478
759,37.96288715,23.76093569
1186,40.62633921,23.44030379
4783,39.7282798,22.66926715
3776,41.06980838,23.93671234
1075,39.67419147,20.84004574
3855,40.88274714,24.24349084
232,37.94645541,23.67759534
823,37.97974354,23.64563314
2619,38.21426771,23.81604043
1418,38.09067761,23.72998718
2079,38.52792514,22.37829356
519,38.00448203,23.71448092
891,38.02383273,23.7359774
4475,39.58795597,20.5961241
44018,35.49606578,23.9615839
5248,38.13224662,22.43319027
2386,38.50187235,23.97561425
6155,37.79299241,24.90571881
3158,40.79039707,22.15078276
4778,37.71698117,23.94597824
241,38.10969444,23.75958333
3380,40.23957458,22.58726827
1433,40.73151137,22.91670523
1359,38.11819444,23.99091667
5547,36.84885882,22.53021541
6205,36.41908644,25.43119903
2551,38.4670511,23.57375416
5230,37.15810531,21.5857394
1170,38.03499389,23.79999703
2188,38.37309018,21.57169119
4970,37.95530866,23.95763127
2003,38.4100253,23.751638
1964,35.36266667,24.51086111
4094,39.52765639,21.43891006
1999,40.74793973,22.75728556
4268,39.42535695,22.21449252
2719,38.0053146,23.74510548
5377,38.26115961,21.74599793
2134,38.8022927,23.47671577
2236,38.58002248,24.08454959
1506,40.71595557,22.9651002
4551,39.34253666,21.52548786
154,37.96184885,23.72305676
2709,37.93978776,23.73981116
3190,40.02472222,23.92791667
6526,35.41822218,24.69281895
41698,40.58808175,23.75192151
3404,41.12773069,23.48150577
2963,38.04344444,23.77194444
6136,35.38071686,24.98491244
221,37.83684512,23.7770982
5424,37.8490188,21.38659124
646,37.97465349,23.73635093
3617,41.2579375,22.83164794
3019,40.05027554,23.4131323
4419,39.67563342,21.84571238
5366,37.36753971,23.20149779
1898,37.39686937,24.45954532
4416,39.30333724,22.36525702
188,37.9633255,23.69082478
6490,35.30247701,24.17304602
2156,37.98480556,24.00622222
5304,37.98613056,22.27934122
3399,41.32098654,23.52848488
764,37.34812165,23.46177696
323,38.06947222,23.71869444
3850,37.08229167,25.3702
118,37.94250439,24.00974537
4098,39.36450996,21.57538414
6310,34.9663099,25.13308506
588,38.08299239,23.8183741
2323,37.99978694,23.79801861
86,37.95221634,23.70583438
4782,39.59341275,22.46967865
1802,35.32291667,25.11786111
4625,39.3629568,21.92351078
6106,35.56954411,27.08618673
41580,40.62844995,22.95104572
5301,38.01318578,21.97988909
5797,37.40124323,25.26912881
297,38.02765941,23.44856794
4772,40.05224041,20.8294893
5256,37.95078988,22.31975407
1906,37.32997113,26.54407394
6394,35.40952778,23.78722222
3555,41.13953726,23.4021016
258,38.03232379,23.74513894
3941,40.80040355,23.80447696
1083,40.59003572,22.94718903
3009,40.25238537,23.27241863
1477,40.59670711,22.95758395
6405,35.19347222,25.36825
2180,39.14096066,21.63264115
2926,37.98900698,23.73283338
3775,40.84805915,25.72354579
4032,39.95375536,22.6508045
5593,38.0238766,23.99979373
5308,37.7354923,22.82485685
1807,36.72755355,25.26643368
6457,38.30612445,26.05873405
1768,37.30474118,26.56425049
4069,36.88175149,27.32889559
6298,36.85579615,25.46730085
990,38.02888889,23.76186111
6072,35.41244444,23.74541667
4036,39.55076994,22.17701287
3277,41.17839816,24.79072329
5486,37.6742307,20.82660337
5787,37.86961564,23.76449397
3544,41.10377801,25.47781978
176,37.74747849,23.90833547
1404,40.64302668,22.96896433
4298,39.42773364,21.63316208
545,38.02340583,23.78631256
543,37.97597162,23.72315534
6163,36.29155255,28.16192797
4840,36.39597222,25.43758333
5719,38.31571312,20.55049395
2685,38.02659314,23.72748919
4446,39.3299675,23.06495786
6406,35.194,25.01216667
602,37.65087407,24.02607028
6551,36.4521187,28.2183058
782,38.0415,23.78752778
1876,37.62913524,26.1126771
3868,38.10448397,23.67300208
43,38.03778718,23.69122838
4478,39.93395763,22.17149535
3458,40.82559258,22.5208086
3798,41.21721709,23.01171732
4164,39.94955519,21.96587588
4486,39.37037453,20.11170408
4273,39.6982942,22.24669887
6306,37.59359568,26.05641823
6402,35.31958333,25.13622222
4902,39.99323294,22.6039049
2433,38.64028681,22.76283572
41475,39.76800077,20.76237921
2724,37.98965006,23.72533931
1407,40.62206169,22.98133446
4885,39.52840698,21.95266252
5716,37.97577407,23.74154567
5073,37.96649497,23.70752652
4525,39.74711458,19.871885
41320,35.00458858,25.81456789
2197,38.45837339,21.98064549
630,38.08277704,23.87777831
1312,40.66343324,22.90797514
3234,40.90440152,24.25960771
4954,37.93483509,21.24465811
4175,39.65896367,22.43804673
1299,40.65975167,22.97296164
1134,40.66752642,22.58773337
4,38.01630013,23.73617507
2024,38.69266577,23.02071476
1701,37.48547379,25.34263328
215,38.01899807,23.68156605
4321,39.74329033,22.78403691
638,37.97724961,23.7291798
5092,38.23824729,22.12405199
540,38.00141246,23.69620778
6265,39.16642833,23.46557947
5005,36.82003636,22.56962929
2107,38.41116344,24.03796028
5133,37.59825055,22.81548092
116,37.88321565,23.93543325
464,37.92316541,23.70072308
3958,41.06183989,25.03252327
5552,37.9761607,23.90241287
5363,37.79388697,21.6336251
2731,38.0555,23.79294444
2629,37.88803733,23.88156179
3642,40.316572,21.3648557
1126,40.67784343,22.9852678
3430,40.05901893,23.35121952
6333,35.23104803,25.02691552
396,37.97256923,23.74487628
817,38.00752965,23.86223778
41684,38.16538506,21.48325078
41734,40.59325401,23.74718522
989,38.03844444,23.78377778
4685,39.12778035,21.94852382
5796,37.77890705,21.52500636
5003,38.27755797,21.77661429
5954,37.93951229,22.94915247
5303,37.8572978,21.62373111
6111,35.40696004,24.88791011
3046,40.3675,22.60122222
5522,37.03829481,22.38736306
3405,41.02735719,23.77978687
4346,37.43523308,25.40827368
42014,41.14871434,24.14595916
3183,40.90206539,21.81824966
704,37.98752494,23.75511401
2851,37.97779964,23.6533604
2276,38.6499685,21.91938331
3566,39.94359013,23.66310923
6466,39.24896193,26.03450548
1410,40.59932445,22.99721783
4791,39.63643941,20.86698484
3304,41.03753901,22.95183912
4932,37.923537,23.69333357
3295,40.92181544,23.97065309
41592,40.71910131,22.29691481
2297,38.92024128,22.66531359
45940,39.23662025,20.48303365
1644,38.55255055,26.09749594
3660,40.52448574,21.25849132
6357,37.28394235,26.76611956
3580,40.05988538,22.55565606
4057,39.73256511,19.82607162
41206,40.09579254,23.78483778
4937,39.3737132,22.93292532
2274,38.27705906,23.33188148
2411,38.62474458,23.09804223
1480,40.16174884,23.72762116
4655,39.35581748,21.89250625
5793,38.12119574,21.78144413
3406,40.89209695,23.75104772
3242,41.31005927,22.9135122
5519,37.77695171,20.8898589
5636,36.79237156,22.50362331
5518,37.82493079,20.8116655
5696,38.11866695,23.79816037
3803,40.07363786,23.44627665
4248,39.06647846,21.98061599
3585,40.48621305,22.54010942
4422,39.25140388,20.88432292
3267,40.01659804,23.52296316
3988,37.96745689,23.7123721
6320,35.11169225,25.8274394
2620,37.67568311,24.04679612
2781,37.95506429,23.70290835
697,37.99873445,23.76784852
2868,37.9672824,23.72994
6482,37.16058333,24.46102778
5933,38.01032222,23.64804945
5661,37.70984339,22.6031641
5186,37.96303594,23.72986406
4879,39.6140693,22.42691555
3914,40.46517983,22.22465446
495,37.95086594,23.63580614
1755,38.98692456,26.5051294
2651,37.93675507,23.64552915
3648,41.02688597,23.60931743
6023,37.81891005,24.95860016
1201,40.5995838,22.95458649
6166,36.84169614,25.90006847
3627,40.30340933,22.43061219
5151,38.1552738,22.25175388
2383,37.94127693,23.73154662
1417,38.03013007,23.83284907
3058,40.44301533,23.33153848
3076,40.93757681,24.40891291
1534,40.57444444,22.95091667
5960,37.98362725,23.78860412
5818,36.6894504,22.8322533
3121,41.03725655,26.19458719
3641,40.0699499,21.2670052
4342,39.13364994,22.0108405
5417,37.88832706,22.15814621
5597,37.5036715,22.36277349
1478,37.43363961,25.34675758
4522,37.0359774,22.08068687
651,38.06838889,23.76605556
1098,40.96995466,23.22046174
3423,41.12778408,23.90445292
1003,40.71577778,22.72883333
4202,39.08602778,20.90219444
4951,38.24071691,21.73929385
4421,39.2792133,20.85094667
5535,38.08701782,23.80389586
6101,36.28733855,28.03450112
4207,39.58179183,20.67967741
4788,39.67945738,20.96628936
3822,40.50815823,21.25346106
5689,36.16355556,23.00047222
159,37.95393591,23.71374326
2421,38.04392973,23.80316584
228,38.0435,23.82844444
5355,38.11944444,20.50475
2597,38.05894444,23.73641667
3161,40.53946631,22.22645228
1946,35.05059765,24.8758511
6509,35.02534619,25.39374825
2993,38.01563094,23.86833558
3131,41.36016529,26.60473894
203,38.02130823,23.81920308
1115,38.02154122,23.80042303
1328,37.96006372,23.69684979
6392,35.42580645,23.6981178
4221,39.47246373,21.32519097
1956,35.39022222,24.61347222
4724,40.40370982,21.74490345
815,37.98251862,23.73514903
5834,38.2237056,21.72904896
6235,39.07222418,26.35288892
2056,38.46971207,22.69645342
3130,41.57564254,26.23350994
679,38.13793501,23.84070806
3445,40.73953887,24.57461987
3705,41.38533563,23.43069071
576,38.12084839,23.79634625
46058,39.98142853,21.95603431
360,37.98931722,23.80580163
1848,37.45857903,25.390039
1229,40.6103365,22.95367472
4811,39.34072174,23.00893465
3324,40.38688934,21.07160679
3305,41.00899716,22.79544983
5780,37.50982141,22.37489934
6230,39.90418285,25.07849104
5456,37.93983166,22.03985197
4457,39.44333946,21.78382345
1275,40.4511741,22.89994846
1645,38.29547968,26.12304309
1990,35.42235541,24.09638007
1495,36.46511111,25.37325
44015,35.48704799,23.69036063
2681,37.92239297,23.7066331
1185,40.74987464,23.38659561
3245,40.91447222,24.25541667
6431,37.03666341,25.07823365
3509,41.22549612,25.738228
690,38.03244799,23.68905574
2153,38.67406381,23.18955161
6477,37.55105736,26.49461209
2664,37.92075734,23.70089298
1443,36.16788281,27.78300586
1421,37.67186111,24.325125
41469,36.40434658,25.47288906
274,38.04882444,23.71539848
1798,37.05360641,25.20336733
2666,37.93226365,23.75666701
5935,37.97311297,23.70767869
41462,37.97691166,23.75522961
2838,38.01315125,23.81847275
2803,38.39885754,24.0390711
851,38.03805556,23.76252778
1080,37.9786523,23.71037735
2621,37.9476532,23.64649388
3005,40.29562853,23.18274856
418,37.941656,23.68774303
3099,40.79594444,22.41525
6213,36.78174197,24.57204703
4375,39.31887207,20.90981243
1621,37.42508827,24.94684164
5833,37.99192221,23.68026869
6095,35.15883333,25.94
2676,38.04516293,23.98393558
906,38.00201474,23.73400855
450,38.06433477,23.78282285
838,37.98593167,23.76343875
924,37.95697222,23.62583333
4364,39.7586135,20.68970393
2275,38.74518777,21.87621559
5672,37.90861256,22.7852041
645,38.0085,23.84013889
6354,39.3491631,26.26971896
6001,37.45662531,24.92603067
5625,36.76394767,22.33463227
564,37.99333688,23.73150934
3311,40.9172137,22.78219448
4519,39.63245981,22.39726123
5418,37.7930769,21.90445287
4015,39.83041462,20.92637801
1749,36.44425,28.22411111
208,38.14356842,23.35555036
546,37.98581958,23.72970822
4468,38.16982044,22.26131228
2713,38.3595632,21.65705682
3028,35.87702395,23.29611728
4113,39.69202896,22.72860774
2510,38.97068413,22.38996388
1184,40.66377778,22.71263889
3224,40.25018331,21.306458
2190,38.59421034,21.9245384
1065,40.58991946,23.03267242
5987,37.00372259,21.94120707
3516,40.85938449,24.09026929
3634,40.23922711,21.59431686
6267,39.10897964,23.69230254
2807,37.92662693,23.72697109
5472,37.78615971,20.89738854
5038,37.95619173,22.80103547
6008,36.45030556,28.2225
6231,39.84597451,25.29988863
5712,37.30001931,23.19046308
5586,38.22569835,21.74261632
5079,37.41739817,23.34559431
41456,38.07564876,23.17322176
34,37.95403024,23.66956366
378,38.02201826,23.71015063
1111,40.62066869,22.96222906
2616,37.91765051,23.7023381
2526,38.61183051,21.416997
4147,40.04831412,20.75201701
6309,35.3808641,24.71799792
2916,38.00743581,23.70991277
4198,39.45894891,20.38693235
4156,39.93018427,20.37617544
153,37.96126927,23.71025488
5663,37.45410789,22.72835543
41105,36.67625446,24.52010525
5274,36.85047472,22.39164116
1082,40.65434986,22.941647
3338,40.53708818,22.17850114
325,38.02056393,23.82816971
4240,40.02860201,20.43196122
2314,38.62207204,21.4189829
2416,38.37028814,22.36551031
4745,39.46154288,21.84658993
6024,37.65581482,25.02281061
3845,41.11783391,25.40037537
5803,38.24751389,21.73596083
928,38.15198922,23.97598903
4409,39.63977155,21.33652575
3909,40.46253719,21.92475949
3211,39.95119495,21.35844835
2885,37.95997175,23.65542949
6504,36.34769445,25.43775183
139,37.98766667,23.76025
2423,35.51253583,24.03105757
3260,39.92339632,21.81159806
3545,37.59672628,23.07500239
4296,39.18953375,21.78161725
5364,37.19362357,22.54087374
6014,36.21928722,28.11541716
4534,39.66305727,20.85096821
2355,38.15530556,24.21311111
2784,38.12388889,23.54055556
5822,36.52480205,23.0954429
1013,40.63996247,22.93434713
1496,40.60805395,22.95341121
1270,40.62843408,22.96451286
41325,37.97213,23.749915
1215,40.76871754,23.47609822
3012,40.19567957,23.32864795
3250,41.18440419,23.28165366
2585,38.05469444,23.78480556
340,37.94122678,23.65189293
1727,35.33254944,25.12083579
2623,37.93674179,23.64151167
3015,38.53191667,23.29844444
6291,36.548176,26.3467187
1639,36.46054766,25.39328545
6491,35.47611822,24.01706049
3422,41.3074041,23.99201998
3586,40.89443957,22.08090382
4300,39.48578431,21.90458163
5223,37.6390049,22.13907039
3143,41.0227237,25.69216644
4488,39.56725925,19.88506891
2331,38.35460294,23.02059477
4527,36.83166756,27.0611036
318,37.97639925,23.73457188
1646,36.34930618,25.38545716
2735,37.88110638,23.76325449
5598,36.84742782,22.80806814
3342,40.72093875,22.14335676
5100,37.64274208,21.62483599
2820,37.89122531,23.74877846
2395,38.43893411,22.80077448
6080,36.3877175,25.46360805
1570,37.99605556,23.86775
5985,38.08027778,23.72861111
1154,40.6390485,22.9438955
5617,38.06005556,23.80813889
1391,37.92493591,23.70191569
2854,37.99603965,23.81149781
3663,41.22065374,23.29437058
755,37.96584109,23.5159914
6092,35.00931436,25.73937326
2349,38.46866524,21.82297282
3254,41.16636846,24.07250439
2399,37.97956486,23.67797283
5359,37.85041385,22.99974955
1962,35.50730556,24.06302778
219,37.94124184,23.69011727
102,37.97204131,23.73139917
2953,37.95942805,23.7212681
41172,35.33752217,25.13318206
5543,37.86565126,23.75550057
1703,35.30637809,25.08825338
2961,38.09129559,23.55381392
2647,37.91567249,23.70683412
5913,38.00835437,23.73495851
4128,39.41513386,23.15470768
3762,40.43500643,21.13360391
3030,40.31593929,23.39316504
4741,39.63915934,22.4187401
6217,37.66160866,26.8076246
2144,38.95022778,23.08900013
3548,35.42711111,27.14907778
5241,36.88735955,22.23135226
4462,39.00411551,22.96622795
542,37.9636786,23.67692876
963,37.74392226,23.47991395
3667,41.3596063,25.00563817
2870,38.01427295,23.74125302
5658,37.39687436,23.16287118
5288,38.24885902,21.73680134
5912,38.32913209,20.72214533
1298,40.66000533,22.79876439
5340,37.88280103,21.85334461
5910,37.04333943,22.10744031
4362,39.73118559,21.10924356
5683,36.1505,22.98702778
382,38.01686111,23.79419444
4824,38.11691667,23.84069444
5135,37.52055881,22.85244896
3631,40.25257625,21.97066198
5443,37.45485124,22.40939876
2284,38.55043254,22.10503299
1107,40.78920695,23.35413283
1008,40.667134,22.896397
3185,40.2022744,20.99179931
4190,39.25478582,20.78654383
2715,38.07268669,23.77644768
4720,39.62331193,19.8983194
5941,38.116,23.56172222
3553,40.97836765,24.18850621
2501,38.29863889,23.08211111
5152,38.00725123,22.19646745
493,37.98414087,23.65657201
1248,40.57382379,23.28528055
2770,38.06477102,23.77067679
5726,38.27250483,21.74212278
2515,38.08448984,24.39163942
1225,40.61042169,22.95725822
6105,37.46398642,26.97085763
4600,39.63765534,22.41993924
935,37.99305389,23.73003653
4011,39.6294958,22.45417919
3090,40.99769013,22.57025761
4972,37.95474546,23.95890267
5289,38.29879833,21.7724163
4395,39.1971878,21.25414727
1871,38.31693679,26.12655334
2862,38.03853264,23.82018932
3687,37.97091689,23.65319253
3966,41.10594339,24.1091341
3016,40.081611,23.331298
4398,39.31711111,20.76088889
4326,39.36771768,21.38691056
2390,38.94591119,23.27690036
301,37.76953356,23.49453365
622,37.96954472,23.75850871
140,37.98931833,23.76459379
3072,40.85933664,24.32544231
5373,37.91658731,21.25261021
4617,39.79515148,22.61024439
4180,39.78091573,21.97962263
2175,37.69511645,23.96056611
4597,37.51289148,22.37529357
5629,37.36601724,22.70620559
936,37.94809767,23.64267783
2258,38.606494,22.71432767
2577,38.003546,23.720198
2347,38.85202476,21.76097877
2914,38.08197222,23.78613889
3377,40.49390807,23.65236208
1304,40.66561687,22.92069942
1852,36.98731986,25.182633
6244,38.99298607,26.3401128
1055,40.63520149,22.93540503
3854,41.0818655,24.63504319
876,37.99318962,23.77628561
5175,38.39490225,20.67340425
2128,38.37183333,23.10352778
3609,37.05828819,27.09226522
1331,38.09955744,23.81852465
42011,40.83888441,21.16015801
6114,35.24497764,24.39801973
42046,40.59481383,24.620143
6542,36.88504048,27.33260242
6172,37.42015922,24.45610141
1731,35.47157522,23.86070265
4228,39.45840743,21.65777234
1031,40.42387717,22.92508584
4796,39.32161985,21.60288467
5221,37.95163758,21.540835
6201,36.8402456,27.07869726
244,37.99349222,23.73092521
6065,35.51952778,23.92886111
4815,39.49464628,20.50685874
5077,37.5384589,23.36438444
2104,38.1779833,24.20996426
4669,36.35231406,25.40295349
175,37.95725516,23.76320488
4555,40.18272222,20.93347222
4565,39.48067516,20.83756063
5568,37.80154411,20.83094058
104,38.02659851,23.99903701
2294,38.75428908,22.88683892
6462,35.17038164,25.39975212
4881,39.63331598,22.42848469
3062,40.24989923,23.69882732
2381,38.00999947,23.71296345
4606,39.75963775,21.16789425
5167,38.10981428,20.78758079
41731,40.59327778,23.74716667
6250,38.37117221,26.1363762
5184,37.59769748,23.04689992
3557,40.27249547,22.48721626
3312,40.58848265,21.82448301
1078,40.60708333,22.98416667
2022,38.77762285,22.7843426
42025,40.90752075,24.70742678
1471,38.03167247,23.81019052
3031,39.98343429,23.59626609
5093,38.0328064,21.36650367
5553,36.74323615,23.07798574
636,37.97895035,23.74116173
1791,39.86527471,25.17415332
5539,36.86684555,22.71712913
1939,35.07022222,25.09247222
3675,41.13756944,23.02447778
3761,40.53902134,21.1609587
692,37.93290732,23.71445169
5305,38.0931007,22.20951253
2178,38.94270813,22.94766822
3838,40.96006239,25.13524519
4203,39.22769944,20.79331606
1569,40.67230528,22.89586065
4347,39.39247798,21.28476407
5958,38.01221816,23.87166566
2389,38.73420636,22.23235443
2461,38.41671847,23.92343553
4905,35.93237396,27.8514168
1099,41.01449548,23.28856829
3707,40.02394444,23.37252778
6183,36.93877778,24.70608333
3867,36.96580529,27.03483151
1253,40.63611585,22.95280111
1361,40.73983978,22.87279351
2503,38.21471005,23.47860817
2345,38.38169444,21.53538889
6212,36.74362379,24.42528996
4609,40.13702778,20.846
508,38.03572222,23.79511111
6289,36.72938451,25.30534112
6164,36.41540566,28.13806892
1493,40.74448491,23.04299895
4624,39.08512872,20.94531194
1809,37.42616952,24.91224672
3316,40.84414285,21.55274297
6115,35.35959083,24.4818332
2492,38.00028274,23.74779571
4700,37.86914395,22.97595684
5999,38.04345505,23.84153785
2494,39.66555403,20.85016996
3756,41.08716667,22.28277778
895,37.9664006,23.91004594
4763,39.0785936,22.9645916
3874,40.94739736,25.37663033
2705,37.95521532,23.67610712
4335,39.62315692,22.53320777
3064,40.16540359,23.81776015
5276,36.63319621,22.50301543
2155,38.54011265,23.20475418
3373,41.25867081,24.95979918
5020,37.03031164,22.11543972
4846,40.29514181,20.76960327
1295,40.41399001,23.00966866
6093,35.03736111,25.97233333
2796,38.01248487,23.62859548
1895,37.13069119,25.27694503
4979,36.4449631,28.22005894
1516,40.65050846,22.9210112
5940,37.67679202,21.34288463
5491,37.4876089,23.00893121
2741,38.06781752,23.5286637
6043,36.60247283,27.1783736
4412,39.69115096,20.82507029
1142,37.9339966,23.88435977
2066,38.41896839,21.26886595
1217,38.02806428,23.80186357
1747,39.16062748,23.50315949
698,37.96802327,23.76103471
1617,37.82933824,24.80613079
5498,37.16038006,22.09324825
41645,37.93186111,23.87705556
1485,40.63324835,22.93959788
3616,41.14776702,22.97357651
5375,38.05353856,23.02947792
6137,34.99246206,25.20663901
5261,38.06880896,23.98909482
5647,38.06031409,23.79860059
5264,37.9088061,21.26864725
1960,37.09749962,25.14446714
6452,37.56795725,25.19448585
4169,39.36201251,21.94654135
1127,40.63203132,22.94285534
133,37.836815,23.799498
2477,38.77633308,22.80502079
3515,40.97165718,24.81852714
5531,38.22119346,21.75090686
808,38.06900824,23.61644417
1834,39.92610013,25.3341476
4026,39.36688011,22.95460761
41094,40.53278024,22.99494819
3137,40.90507842,25.74371237
3148,41.1356062,25.23196575
721,37.90807069,23.73366168
5356,37.84870809,22.11563918
2312,38.19404582,23.09290613
6048,37.43335303,25.36006211
348,37.9263294,23.71567423
3745,40.58583333,22.32236111
5174,38.01616704,23.86657626
5478,38.08298655,23.7838702
2558,37.96447954,23.58006985
1986,35.33807738,25.15980599
4834,36.87825252,21.78817606
2658,37.8614814,23.75105987
4035,39.26479295,22.79804593
4271,39.62268629,19.91859067
3740,41.72513533,26.22027707
1085,40.73213403,22.60368231
393,37.95638619,23.71464562
2074,39.12757048,22.30381226
1836,35.32031986,24.85130603
2714,37.99848426,23.82733486
2929,37.96538924,23.64744696
4510,37.84704026,21.10901575
1722,37.12983419,24.4633681
3082,40.98479904,24.70223268
669,37.97602129,23.64218057
2369,38.69753799,20.71439866
264,38.08598207,23.96443937
1056,40.65635916,22.93502716
2897,37.94384185,23.68403002
756,38.15158333,23.73677778
41525,37.93375,23.63447222
3168,40.03900426,23.94423063
530,37.97719248,23.73951285
3089,40.98323551,22.87397821
6020,36.27179457,27.93241702
1567,37.95660125,23.74958572
6010,36.39418868,28.09422646
1913,35.13113889,25.25747222
1307,40.63212463,22.9510179
1729,37.39740657,24.40114217
5007,38.24639948,21.73899379
751,37.97622685,23.73379518
6421,37.03947,26.91985255
2545,38.52773148,21.2803913
2622,38.11611468,23.82858469
2453,38.46369444,23.59933333
865,37.98394732,23.72992212
4553,39.63894193,21.54127957
4338,39.71887909,22.5790056
4472,39.59956977,20.97331078
6240,39.10437023,26.55310109
2273,38.31615828,23.63286865
189,38.01697494,23.75478536
613,37.99689991,23.69036569
1223,40.80684892,23.15730201
6036,37.66596464,24.35981642
3457,40.82567926,22.5966668
4581,39.62448215,19.92082173
5032,37.93001692,22.92822607
3136,41.62242108,26.42238705
3155,41.15055075,24.89851242
5542,37.71028065,21.65358199
1801,37.42272574,25.3262387
260,37.9748263,23.71921608
1733,36.38141019,28.22402675
5814,37.93082677,23.71071321
41230,38.02597681,23.7745186
2613,37.72561447,23.53485963
1934,40.65319745,22.92157761
3766,41.26168954,25.44884916
4798,39.3601014,22.94481004
1144,40.51979314,23.2050807
1786,35.98161821,27.86526272
3733,41.4528027,24.55689368
5204,38.0616049,22.62514644
239,37.99912122,23.73963577
5880,37.74283959,23.92514465
5546,36.89685416,22.17105237
6045,36.87433373,25.51699811
41009,38.89938719,22.43383917
869,37.97013792,23.99500829
3258,41.21537641,24.84865739
5704,37.46078504,23.08260048
4747,39.63883187,22.41563374
5785,38.17739926,20.48865916
2334,38.95264391,23.36682183
1922,38.82333333,22.68666667
5144,36.92653023,22.46196588
2089,38.68866269,22.65021177
4352,39.56887759,20.29867739
2571,38.05638889,23.59666667
5695,37.96861362,22.50327521
4327,39.96515638,22.44537464
5622,37.04577748,21.70612419
41221,37.41544571,25.33645333
867,38.09684775,23.79586212
4306,40.13166159,20.73599582
4043,38.95547638,20.75308089
4484,39.73422435,19.84985841
3784,37.94456426,23.50222747
6044,36.41973719,25.43225021
3655,41.51246223,26.51746942
1067,40.56646128,22.96735209
444,38.06694444,23.80761111
6098,35.20812868,26.22116086
5260,37.67634533,21.59097727
5584,37.69446907,22.69229708
2337,38.75556356,23.55831081
6319,35.01986111,25.84502778
5064,38.18224116,21.40981041
5195,37.93860948,22.92673078
5691,37.97224397,23.75334531
6461,36.36305135,25.38417917
3174,40.37386669,23.87529845
4044,38.96876111,20.79561111
1903,38.0496257,23.76323512
4797,39.75508498,22.47829818
5908,37.70858957,21.33267216
3323,40.54157631,21.06174203
5287,37.40149582,22.13177062
1547,40.67353923,22.94307279
3415,40.50311339,21.15664095
2044,38.620613,23.23302783
754,38.07994444,23.7455
2219,38.58885291,23.76722649
5076,37.5805,23.39025
5466,37.45418227,22.2208508
2847,36.2756589,23.01505348
3184,40.83018725,21.77157588
5267,37.80406963,22.01731289
41356,37.94322533,23.65360391
6322,35.12226629,25.73231136
860,37.9771871,23.28513658
42038,40.58158354,24.66517423
5589,36.47583876,23.15061846
2985,38.14458707,23.83150024
5458,38.05665039,23.7902076
77,37.98216772,23.76292098
4684,36.72939433,25.25664792
5368,37.05512506,22.0341635
6062,35.32817717,23.73867581
4161,39.66730352,22.38550378
4766,39.65858196,20.8532943
2965,38.16326318,24.05373137
1153,40.64283085,22.93163039
6348,39.54153225,24.99216502
1835,35.51608216,23.91055786
4518,39.60011168,19.83960868
1462,40.49069444,22.97313889
2911,37.75429216,23.44536775
3899,40.51278894,21.6793378
2678,38.06971702,23.810507
5193,37.75522397,20.90600697
1413,40.58505556,22.95994444
4034,39.18030778,22.76137138
3463,40.88500314,22.25083816
2542,38.95671767,22.17011413
4792,38.34425,23.36063889
2269,38.8913288,21.87296957
1219,40.68591166,22.85912795
4880,39.64632412,22.42926435
6513,35.16561426,26.12695918
4149,40.05837434,20.75972734
993,38.08106499,23.81438973
5630,37.39112624,22.38198002
2343,38.35419444,21.69841667
524,37.97665468,23.65115626
848,37.97142032,23.72785806
5182,36.1649777,22.96953716
355,37.97141727,23.77219193
5421,37.35995241,21.69728051
3519,40.65883329,21.2503411
2266,38.57011732,21.30521194
2883,37.97991334,23.73088034
2592,37.95780292,23.71053306
3199,40.66723988,21.6931191
6262,38.88219658,24.54773521
5075,37.63069247,23.38618318
3296,40.08468953,21.42549481
587,38.01676313,23.60560175
1426,40.63163685,22.95301872
5581,37.10022671,21.73772117
521,38.03572222,23.79511111
2660,38.98979646,21.17056185
5572,38.00769308,23.74918128
2293,39.09109416,22.47113919
1558,38.0728008,23.83628303
448,38.21568522,23.94820854
207,37.92230116,23.72235109
1678,35.41303725,23.68993845
5326,37.44167986,21.93552407
3439,40.17597222,22.24002778
878,37.97551223,23.73496227
5157,38.01590862,23.86298493
4247,39.3798771,21.90490952
2092,38.94700123,22.24830655
2296,38.89603221,22.7695962
44,38.05367448,23.72045472
5127,36.79666957,21.86775499
842,38.00014031,23.73345397
843,37.9913634,23.72970552
44001,37.73072263,21.96015589
6340,35.01523022,25.4639486
804,38.02600757,23.81098604
2109,38.11147274,24.22789899
252,38.05955556,23.74875
484,37.97596846,23.65556148
3728,41.29708478,24.67997655
41482,38.00044444,23.78341667
2593,38.00884696,23.68842625
41341,38.08586111,23.79719444
5236,37.04985714,21.71654358
3960,40.96726877,24.13144268
5416,37.71982427,21.84046104
230,38.00688539,23.73223279
3481,41.25266632,26.12232561
2790,38.04019971,23.75579501
6135,35.24027491,25.14421486
2271,38.72881862,22.22829766
4059,39.72331665,19.7188945
2696,37.95158333,23.73758333
5556,37.57112471,21.59521164
365,38.01145673,23.81422169
3221,38.11929745,23.79390813
5829,37.76830135,22.97052415
6343,35.06397222,25.10336111
233,37.98261242,23.67175853
2229,38.83390873,23.31946531
1120,40.66148247,22.94607765
337,38.0585,23.83822222
5410,37.58169156,22.81168036
563,37.93649911,23.69156458
2663,38.03027844,23.95392725
5839,37.66605005,22.4800887
1987,39.21800107,26.02475369
5336,37.42249897,23.33587876
3086,41.15113271,24.14673209
4014,39.56475047,22.46610948
6147,35.33880556,25.14763889
4051,39.65216667,20.84227778
5129,37.82115201,22.66258152
3360,40.91903065,26.08370271
4764,39.38313107,22.92307033
1355,40.60192434,22.95334176
6321,35.1422145,25.66973865
41584,40.54728956,22.26788447
1976,35.01590853,25.74405521
4506,39.63855788,22.4288306
6041,36.46027507,25.39907973
2068,38.69589906,21.18685277
5349,37.31911643,22.04626902
937,37.94472106,23.66474656
777,38.03514447,23.78749447
3510,41.30162722,25.67901391
4864,39.45617458,20.34045325
6197,36.85780978,27.31779476
5903,37.93558102,21.14249169
3412,40.85602222,25.94387778
2800,37.98192616,23.65638188
3584,40.31661111,22.20675
4596,39.6588289,20.85127048
1777,36.35484847,25.44423247
5469,37.73749923,22.72815669
3209,40.08834545,21.42696672
1866,39.12947409,25.99588358
2417,38.45654781,23.53303935
3828,40.58966103,21.19022838
1515,40.63925761,22.85594738
293,37.88570335,23.73989326
964,37.97004777,23.74049389
87,37.94604906,23.69334107
1521,40.65914051,22.9438859
1436,38.05269922,23.82767732
5115,37.21417406,21.81741757
4930,39.29993526,23.14238006
1484,35.32627778,25.06958333
6386,35.35741667,24.46883333
4414,39.59751006,21.92297488
5110,37.58383372,22.00898577
2971,38.0429272,23.68240902
953,38.03230556,23.82333333
2131,38.3358914,22.90970591
3589,38.03125722,23.83508252
4616,39.45760573,22.92843499
4144,39.38143021,22.89969007
5025,38.23864317,21.74442348
229,37.961979,23.72547835
2058,38.48699,22.589354
1044,38.02204512,23.79729833
1093,40.72116667,23.70655556
1071,40.38233333,23.02755556
2295,38.72719394,23.02112904
2064,38.39096245,21.58156531
5360,37.50424969,23.21343156
2906,37.98265329,23.72989399
368,38.03752357,23.73395478
952,37.93951124,23.94416312
4621,37.88488889,23.91794444
2043,38.66293606,23.20051461
5687,37.08981673,22.63826705
2679,38.07791667,23.83955556
6228,36.14561111,29.58088889
2595,38.02072492,23.68663993
276,38.200625,23.82933333
6454,37.02940703,25.3892589
144,37.98294799,23.71365164
5891,38.275535,22.008549
1465,40.66562844,22.9293508
6330,35.39638889,24.62572222
3478,41.12872983,24.25875752
2157,38.00872222,23.85808333
59,38.05352778,23.76702778
4507,36.90578934,27.26546147
161,38.07152778,23.8205
4443,39.50307939,21.41661001
828,37.97502567,23.6720799
5098,37.74834952,21.39409542
1318,40.63658528,22.9425097
4418,39.60499297,21.30448772
1424,40.67969312,22.90565444
6256,38.25156994,25.90879138
1559,37.01514046,25.13274842
5138,36.62124318,22.92486146
5920,39.77502778,21.20438889
5243,36.44286944,22.46928185
4695,40.51301983,21.6801849
938,38.01979073,23.73177336
1163,37.94776768,23.73138836
901,37.92443062,23.69811295
3947,40.47407725,21.74709347
3505,41.02982526,26.29531814
2840,37.97682776,23.75382151
2148,38.69340413,21.41722956
4653,39.2908973,21.69817213
6209,36.8544711,27.15791574
48,38.12858333,23.75844444
41146,36.79453501,24.57262165
4963,36.36112871,28.21079
6481,37.76940767,27.02389161
4561,36.68741674,23.05531555
1054,40.64073842,22.94162894
3662,40.29776972,23.13838123
5641,38.217,22.07805556
5166,38.21571326,20.37978042
3394,40.52960411,23.62606489
875,37.99977631,23.7853492
4604,39.75286847,21.13870459
1196,40.63440085,22.94651238
2105,37.98383687,24.49777051
5435,37.65771129,21.31926564
2377,38.42070761,21.80494432
2268,38.72361471,21.49300756
3321,40.76405694,21.61190252
2042,38.39280023,23.79414967
9028,37.99730572,23.71124508
6063,35.40822222,24.19802778
5536,37.63572969,22.55361126
2937,36.35754007,25.36648309
5269,37.16889869,22.25192848
2778,38.07471354,23.68938016
4702,39.76365784,21.17201779
4557,39.45825273,21.57599129
333,38.01503515,23.75427787
5938,37.99710282,23.81029575
2627,38.01085978,23.97708488
6456,38.46713255,26.12106491
1526,37.94509786,23.70001765
3181,40.62203918,22.03461184
148,38.20330328,23.96406704
606,37.36499948,23.07551021
41552,40.64397503,22.96232264
560,37.97779609,23.72086949
2499,38.65569416,23.96360678
41766,38.0952585,23.584443
42017,41.14751076,24.14817683
6373,37.1555856,25.4971996
296,38.08313029,23.73705933
5934,38.04414113,23.81088357
6385,35.1550897,24.83231218
683,37.93295697,23.9413821
20,38.131172,23.194762
531,37.93652188,23.63713433
4529,39.21450717,21.87485629
3721,40.29567996,23.23868621
3935,40.17118415,24.37947514
4765,39.36288027,22.87984111
4560,39.3400759,23.20950361
985,37.87979829,23.76762812
5604,38.12239197,20.62501744
3711,39.97141957,21.27545692
1841,35.25615944,23.82265254
259,38.03388889,23.76452778
6288,37.84237175,24.90934141
5505,37.87471269,21.12065708
3244,40.79500262,22.43929362
5408,37.37022222,23.11297222
2839,37.8175199,23.77058228
1109,40.49574062,22.83420886
2047,38.39357771,21.83370195
2367,38.62240927,20.67468096
6367,39.1084172,26.5547105
1190,40.63627258,22.93640126
41136,38.00781071,23.66062006
1141,40.60085017,22.96991381
1795,35.33223132,25.37928053
1,37.98583352,23.72404289
4691,38.04386402,23.71296879
1049,40.65299763,22.90996311
4913,37.58807505,25.08022319
4579,39.63659477,22.41833654
1932,35.48778658,24.03513128
2103,38.45051254,21.40009313
1827,37.8947767,23.98366382
4042,39.18324982,20.99834439
4985,39.48875,20.89125
157,37.96653386,23.74855318
41487,38.02508333,23.73294444
4226,39.29757035,21.44703096
2779,37.97741614,23.64967
1016,40.63385683,22.94420094
3934,36.40152778,25.47283333
5571,38.3320553,20.53405077
299,37.91776417,23.43097799
6096,35.18655556,26.00955556
4445,39.23493285,23.24887855
374,37.93722442,23.65843376
80,37.97963712,23.7266032
3618,40.99786562,22.90756786
623,37.96412346,23.70761113
5463,38.02236111,23.79961111
3142,40.99481841,25.72680524
6518,35.13789156,26.25118382
1058,40.61444444,22.97622222
6345,35.30547281,25.14986873
40,38.01293344,23.65920752
885,38.02819444,23.72616667
1520,37.96412637,23.75867902
733,38.05643833,23.6327003
5181,37.955672,23.88653984
6017,36.08300872,27.99990227
5840,37.44759952,22.31836684
2801,37.9746396,23.66604375
6,38.06615236,23.9824155
2326,38.46043007,23.61070795
6087,35.20180556,25.70683333
489,37.97201136,23.6913336
2196,38.36420154,21.64114414
1193,40.6300025,22.94738304
5090,37.13038188,21.87462086
3554,41.42142612,23.83218072
4509,36.77006982,27.05243857
5109,37.50728216,22.37606705
151,37.97164389,23.66421358
3170,40.53662518,23.75384994
3154,41.11894097,24.75332901
2802,37.98565392,23.64688513
2231,38.6350311,23.93375432
5437,37.95788416,23.71914836
429,38.01004273,23.73558499
5635,38.27997957,20.46810258
5099,37.67341725,21.43787334
4919,39.36554298,22.31706351
41234,38.04023485,23.74743104
2120,38.65293879,20.71169949
4048,39.40645056,20.85058444
3880,37.51619444,22.97872222
2350,39.04313916,21.68026379
5744,37.74157138,21.3402261
2414,37.92357098,23.74370522
3534,41.11318956,22.56471941
4196,39.60589757,19.88796773
109,37.95330621,23.85392032
2014,38.45247715,23.1637405
4258,39.426953,22.7455
10,38.29564555,23.90217252
3079,40.95057335,24.46002877
415,38.17166667,23.72938889
105,37.96847161,23.75861043
2864,37.95721876,23.76543733
640,37.9863166,23.75732413
5124,37.05364067,21.64464889
1358,40.46573736,22.87421125
3235,41.18959713,24.44453146
1274,40.56541664,22.96420798
656,37.95486507,23.681186
2365,38.40803956,23.5931029
658,37.95660689,23.6923396
1046,40.67035927,22.93435241
3163,40.97253073,22.05872278
2028,38.58777895,23.19254619
2265,38.64885355,21.00927013
2604,37.82093319,23.78431841
5575,38.25103503,21.73731692
6199,36.70297688,26.95544929
480,37.98324188,23.73442408
2129,38.31638889,23.17738889
583,37.98328973,23.72758492
2448,38.66033449,23.56251193
2949,38.00195662,23.8331141
119,37.84427797,23.92790027
2689,39.22474772,21.30947898
4489,39.67295278,20.84907584
41497,38.45997222,23.6175
1528,39.48091796,20.88255224
173,37.79098062,23.88100683
6156,37.75650086,24.95234474
3351,41.29042641,26.25610466
3446,40.6278594,24.57397482
3281,40.04566532,23.81486294
5320,37.01752217,21.78192801
6146,35.04976308,24.87347269
1576,35.33654562,25.13466117
2280,38.70485342,22.04445363
2584,38.03970549,23.5012114
2252,37.95738889,23.86258333
3866,37.77248565,26.85001916
6368,36.28896282,27.94222638
1419,37.0630526,25.10941046
397,37.99798106,23.36458531
3901,40.51384123,21.67864715
2787,37.92820591,23.68408566
5369,38.22812493,21.74149086
5975,37.99676245,23.74356023
3401,41.28743102,23.04077785
5234,37.76399667,21.61680849
6381,35.29751331,24.82209011
4191,39.40705556,20.24275
5294,37.86131662,22.67200652
5565,38.08012235,20.72376419
434,37.76613695,24.07468229
2516,38.65172222,23.81241667
2033,38.32134328,23.31741806
4245,39.88942871,20.81675417
41594,41.12300628,24.90863083
41044,38.62755945,21.4100932
41461,38.06804089,23.84232585
4814,40.26445636,20.76302641
1796,37.63103769,26.21678438
2398,38.51677345,21.36703819
4618,39.8801174,22.52975279
2655,38.58998941,21.42075835
5206,38.00052403,22.47334699
2452,38.61570108,21.88436164
3859,36.27587778,22.96490833
1159,40.61846736,22.95468021
5180,36.29857019,22.96438811
331,37.93319946,23.70457242
5628,37.81103483,23.78697882
5644,37.93583333,23.85694444
685,38.05612476,23.84531493
541,37.96902208,23.72897738
6387,35.41392451,24.05375347
2046,38.09772491,23.72521188
4062,39.76228901,19.91608083
3303,40.91130818,22.8714347
1375,38.00228743,23.9049817
2777,37.98532506,23.76502503
2159,38.49274615,22.54768706
761,38.04758333,23.75647222
41297,37.84895117,21.56709678
1029,40.48092066,23.13873151
4896,39.85081079,22.52391774
5354,38.25081666,21.7364917
147,37.9828343,23.75581154
1461,40.6679745,22.91050877
5733,38.26021187,21.73892484
518,38.06044444,23.72986111
6167,36.80310926,25.87326507
639,38.01342911,23.8305866
2810,37.99945747,23.98525985
1209,40.62317449,22.96354397
41521,38.04089854,23.53366356
1271,40.5075,22.97941667
21,38.03001177,23.65479899
272,38.02374386,23.69474176
3629,40.10690392,22.50061857
2232,38.63078028,23.90053873
41122,38.2606799,21.73908601
155,38.00217683,23.74182395
2769,38.045,23.53638889
1052,40.64894212,22.9356582
3289,41.22961422,23.40178666
4768,37.97746724,23.86870352
5462,37.61581095,21.63745777
3370,40.9414399,25.47042114
1200,39.0985,22.86461111
5944,37.86546764,23.74560928
3237,40.81382497,23.80020501
505,38.0268822,23.64464187
4039,39.46277241,22.74426821
5957,37.91336948,23.06039277
2319,38.39288889,23.88491667
3936,40.49758031,21.24758118
33,37.94585032,23.64664777
71,37.99713854,23.79617808
5857,37.98825469,23.79142298
4563,39.63812472,20.81393005
3127,41.63491981,26.20012657
41012,36.42843844,28.19914621
4728,39.66740705,20.8524106
771,38.02219958,23.84790168
3665,37.93029194,23.7022217
5506,38.03236674,22.72347621
275,38.02848383,23.68477933
3671,40.78982461,22.41169024
3684,40.95721712,25.82328343
2434,38.44859477,21.90341121
4322,39.71928478,22.75755841
4642,39.43978883,21.37900492
1880,35.27198682,23.57926874
2263,38.68151876,21.11096606
4697,39.6417459,22.41070455
4255,39.32701804,22.92334591
5119,37.05248468,22.00833486
2951,41.14217073,24.88694237
41507,38.08516264,20.80080411
6546,35.29818758,25.1613871
5263,37.8639128,21.20765063
2240,38.44759623,23.56462688
2816,37.98160456,23.74993382
913,37.92730395,23.63956045
1893,37.61025937,25.16139803
1380,40.43852513,23.14264504
1382,38.33809174,23.67059839
199,38.01170543,23.60534255
4537,39.62301619,19.92263826
1843,39.18647063,26.1413266
385,37.9946861,23.72381785
6077,36.42075836,28.19327003
4294,39.71080836,21.40901384
1710,35.37207255,24.84114635
5610,37.00592767,22.17498212
4066,39.70974235,19.7511864
5878,38.2478963,22.08907472
1446,40.66281215,22.90126643
673,38.0435,23.83491667
1033,40.45761111,23.00755556
781,37.99766987,23.72354399
5306,37.993583,22.01952291
383,38.00598427,23.79877342
4718,39.67219664,20.85616676
1494,39.66761304,20.85562837
2975,37.95286077,23.65969575
66,38.00669444,23.77647222
3248,41.26013889,22.99886111
4078,39.78253909,19.92120854
6082,36.0607433,27.95988294
6171,37.36502874,24.4170654
4605,39.7551285,21.15992586
191,37.96845786,23.69948324
3806,37.98613889,23.91019444
5921,38.25366958,21.74103943
2426,38.71598483,22.49348947
1736,38.46146402,25.96070133
5845,37.68807866,22.51923706
3100,40.62916603,22.43996144
3230,40.40969723,21.92932657
4116,40.12398828,22.00296393
2580,37.84427726,23.82113028
1216,40.74374981,23.5894578
6198,36.75187644,26.97863411
2646,37.95133423,23.69418901
3808,40.62638654,22.43905292
1651,37.13118869,25.42868522
4892,39.6147741,22.39833639
593,38.00616577,23.69945592
2346,38.57361449,23.2639714
5952,38.02740234,23.6926452
41606,39.38863485,22.07523897
6046,37.48209816,25.38536115
1820,36.93819867,25.60473186
3531,40.13305626,21.73628827
3670,40.25790925,22.53027063
1947,35.54482631,24.06689608
6152,37.93331065,24.779233
36,37.96503719,23.65001487
3748,39.9692765,23.36707472
3345,40.84262278,22.37580828
3024,39.94482579,23.68241167
2430,38.31978414,23.59330267
2745,37.91704057,23.74394081
1969,35.33596231,25.12111073
106,37.76819507,21.29577189
3614,40.45650822,23.66151912
661,38.04555556,23.7875
4197,39.64319468,20.35689478
193,38.05323881,23.50212439
504,37.94456298,23.74394012
5480,37.41607523,22.76593968
6407,35.11833237,24.6408494
2572,39.35859365,22.95066599
1921,35.50394152,24.01035315
5218,37.52819142,22.35664714
1923,35.33773592,25.11556474
1050,40.62962474,22.77906256
1337,40.62909968,22.94906135
5457,40.6176155,22.50137599
2227,38.87023714,21.68467225
5189,37.7744278,20.74630739
837,37.98400855,23.72384607
213,37.93506236,23.74426151
58,38.04891667,23.78788889
2928,38.58294444,21.14397222
3280,40.62290277,21.70704206
2966,37.92610782,23.69624981
5279,36.95895636,22.99615629
3013,40.170761,23.337018
5981,38.15168056,21.41536389
255,38.03561111,23.82508333
2835,37.9808833,23.76828466
568,38.09243033,23.69331166
4825,39.36583333,21.92472222
5955,37.88461185,22.57471281
2225,38.79143581,21.63540993
1957,36.74125547,24.43264858
3871,40.81190984,23.9406479
4192,39.35809538,20.43681078
83,37.96411796,23.72536487
3315,40.07280853,21.98968008
6227,36.14829972,29.58502979
5725,37.10653713,21.61880946
3220,40.25737086,21.55396952
6255,38.24107515,26.06520135
3252,41.09279311,24.22717614
2916,38.00743581,23.70991277
4244,39.9334255,20.46400151
1018,40.62619171,22.95451998
2127,38.26835181,22.99750737
2242,38.84855168,21.23785008
163,37.98717145,23.76603845
6124,35.21943768,24.53456191
41567,40.84083649,22.77208775
2207,38.56877645,22.58561424
2067,38.64486858,21.40169797
41262,38.00779822,22.64577201
2287,38.84732335,22.46733361
379,38.01338329,23.70689078
647,37.7272288,24.0377816
2451,38.51785063,21.94114429
1610,35.33194444,25.15147222
5194,37.81715961,20.744274
3668,40.61547915,21.37384993
1905,35.337,25.14208333
41680,38.07986111,23.80680556
547,37.88444444,23.92763889
4249,39.27256589,22.05627272
4564,39.38862638,20.78579145
886,38.07425,23.82930556
4943,39.36932523,22.96010334
5117,37.02470059,22.10882783
1877,35.05863889,24.89097222
3526,40.38035209,21.69103411
1456,40.58825,23.01602778
5037,37.93730831,22.84090501
2255,38.62970226,21.66984223
3343,40.7567852,22.21578943
3020,38.06800454,23.7471238
2170,38.84280094,21.73245075
4818,39.7245302,22.75452777
6083,35.39938889,24.25532845
1879,35.27895297,23.63442388
4305,39.15158365,20.71790592
4884,36.1390175,23.00542099
5637,38.10293754,22.15138534
486,37.95722222,23.71833333
2764,38.38598755,23.49879328
1151,40.57697222,22.96611111
41329,39.54487625,20.78784633
6336,35.34623963,23.56496972
4018,39.4799381,22.60801158
2277,38.86707615,23.05178469
3569,40.23455354,23.60374556
3722,41.05964736,24.07084696
2118,38.67943865,20.5671605
1014,40.64760882,22.94679736
1660,35.30991667,25.14972222
2095,38.91521462,21.79351489
5361,37.70137094,21.72608858
3176,40.39687894,23.87922038
417,37.96275171,23.59656828
3339,40.69622743,22.21245483
50,38.1288366,23.85714121
5865,37.04222858,22.12133143
3208,40.64029987,21.49520526
5638,38.26772784,21.81613113
6097,35.20816667,26.10536111
5006,38.25739125,21.741805
3750,41.12557947,24.20093281
6034,37.62110452,24.35674611
883,38.00215106,23.83428112
3240,41.19282635,23.57826108
807,37.97498098,23.73532899
2281,38.6241471,22.08757311
5768,37.0189228,22.14849932
863,37.989746,23.67672
1048,40.67785946,22.93849132
6177,38.36276414,26.12158027
2318,38.49637675,22.84620722
6494,35.35144069,23.89983428
2533,38.37430556,21.4615
4628,39.15384916,21.18989838
2032,38.380047,23.275857
2124,38.6334149,24.1036132
5699,37.95313017,23.73182832
619,37.99394444,23.76638889
1647,35.13204021,26.03059581
5679,38.24216667,22.09455556
4584,39.13856617,22.72844572
3093,41.09162868,23.54876633
419,38.00347372,23.88490281
3207,40.70314104,21.22080936
2532,38.08486111,23.83036111
5783,38.13188934,22.43704744
6318,35.07438765,26.13873184
2151,38.80622757,21.46261217
1993,35.50814774,24.0301773
6005,37.03831796,25.25271342
6489,35.3464604,24.879423
1326,40.61012339,22.96209056
3646,40.32378768,23.65696127
5896,38.0296953,23.72326067
2757,38.02505556,23.81813889
4278,39.27169896,21.2735605
409,37.95658333,23.81805556
1188,40.7320654,22.69056633
3598,40.88851778,26.00080386
6486,35.51197838,24.05480413
3476,40.85229928,21.37156351
2345,38.3764485,21.52281554
5713,37.87182371,23.76445331
3979,40.30454221,24.16180026
2606,37.98713889,23.65802778
5484,37.90848246,23.9097086
3178,40.27166042,22.507741
896,37.94325414,23.71011195
5852,38.24833766,21.73581418
537,37.98379468,23.72723489
2575,38.62680272,21.82445107
89,37.92796095,23.74984358
5106,37.0405618,22.11077379
41142,37.99800961,23.80099646
4234,39.19187484,21.33928963
2065,38.1333209,23.82515695
4607,37.97814883,23.73494789
3653,40.618417,24.77022537
3821,40.88014202,23.75147605
4644,36.44539641,28.2243992
1182,35.32230312,24.67264911
6537,36.05426668,27.97191725
3092,41.06349095,22.55612502
4053,39.69537728,20.61022844
2098,39.23630573,22.29284632
736,38.01593323,23.69258635
4800,39.49772632,20.4606397
5993,38.00836111,23.83527778
3558,40.29069391,22.50388243
6290,36.59894246,26.43977969
5023,37.03849392,22.11080905
309,38.05587276,23.52866282
400,37.97395821,23.73967599
5357,37.98699149,23.91489741
2313,38.52613834,22.55817358
3898,40.51359684,21.67838601
3107,40.80026347,22.0480958
4165,39.75925247,22.57914448
112,37.97002082,24.00544098
4576,39.62455494,22.42776732
6397,39.99129886,25.41459164
2748,38.11437214,23.84781483
2335,38.52970208,23.64086096
1707,35.93860889,27.75388406
5709,38.05552561,23.77928125
5217,37.35779464,22.67786578
4567,37.06957779,22.06089809
3096,40.52344342,22.20412079
224,37.9746471,23.69886635
4396,39.19071045,21.13505041
5792,38.25078267,22.08851531
5570,37.96721852,23.70965544
5497,36.97022045,22.21166021
4010,39.63050903,22.40995178
2744,37.96203603,23.69911303
5114,37.07498324,22.43065582
1070,40.51397222,22.98569444
5333,37.05697465,21.58205149
2254,38.6593254,21.74443981
6158,35.27124668,25.29814102
3559,40.28560238,21.77680859
1088,40.74835146,23.06962176
6497,37.41808576,25.33137462
246,38.10470131,23.8475089
884,38.04527778,23.79366667
45423,39.88312984,20.67923448
2894,38.04472222,23.79022222
3869,38.11292531,23.79549855
5646,36.84083305,21.7329013
987,38.03794444,23.78063889
5496,37.06964583,21.85202718
3726,40.07688889,23.793
3172,38.00284635,23.78570489
2794,38.00265593,23.86847623
976,37.76913889,23.48080556
306,37.34911495,23.46556399
243,37.96022222,23.92288889
5149,38.07252924,21.98671936
4177,37.0112414,25.24096406
4250,39.11756111,22.09071222
2598,37.96895562,23.69144816
2626,38.62551644,21.40611172
3953,41.13829076,24.88784039
4219,39.28891984,21.39957878
4045,39.03702778,20.73313889
291,37.97611519,23.73062027
5501,37.82869207,23.122946
2695,37.9925,23.87516667
1657,35.33470515,25.14395014
2317,38.43365013,21.93647014
254,37.99099353,23.72584499
849,37.99999591,23.78748503
3003,40.32699763,23.07442483
5481,38.03426346,23.68246253
3512,41.25279201,25.0583447
5949,37.95598444,23.75972785
694,38.0215,23.82086111
41328,37.30499913,24.3792193
6176,39.87298286,25.26815524
6071,35.51127778,23.8355
4651,39.37451563,22.93495345
2438,38.089,23.78275
3039,40.48041285,22.48739383
4562,39.47483153,20.99210444
4837,36.68732365,25.38115884
2147,38.62789229,21.52708387
5147,36.6862098,23.03582016
4311,39.34908625,21.27868002
3284,40.27457522,23.38658337
701,37.85682315,23.77972465
798,37.97604993,23.72551104
2054,38.46865763,22.86606585
6139,35.28287106,25.46761498
3151,41.00718021,24.99854563
3977,36.93101557,25.59716493
1357,40.69845405,22.83358369
6269,39.1639912,23.85913891
5205,38.04574063,22.54061387
5671,37.0452023,22.00339088
1001,40.61370881,22.68521903
2193,38.54420806,21.81424071
2732,37.95393182,23.6392918
4183,39.28677778,21.05841667
2171,39.02280604,21.80200027
2919,37.970431,23.767779
41249,37.99073319,23.75450431
3029,40.03002778,23.48180556
6021,36.39641667,28.18427778
5648,38.04530556,23.80319444
4004,39.79334953,22.46279844
4578,39.62447942,19.92248513
1390,40.52738889,22.98827778
403,37.96156342,23.74685108
96,38.11274842,23.98111442
3970,41.19513007,25.59035765
1655,35.18894681,25.71715144
3772,37.91988706,23.72388671
3036,40.54997064,22.48493883
3632,40.35922199,22.06205803
4677,39.63327767,20.849889
6395,39.85962858,25.07713427
5781,37.9862566,23.72844083
6119,35.24066667,24.72536111
667,38.08958333,23.78613889
1479,40.58311111,22.953
267,38.0080677,23.80480268
4008,39.63919871,22.41590433
6375,37.53251993,25.19291918
5412,37.84386999,21.48820039
5887,38.27265405,21.78310478
6328,36.22514321,27.85891328
2877,37.97259919,23.7754031
5000,38.15937384,21.37234263
4206,39.30106258,20.38526718
3238,40.93188636,24.06645453
356,37.99692865,23.82586221
51,38.110924,23.842205
2169,39.10359114,21.50919548
3104,40.37816874,23.44038739
2982,38.09966667,23.80619444
2406,38.57769812,23.84747385
4863,39.57978838,20.73885629
3473,40.15885732,21.3587509
3461,40.94442217,22.16021918
6295,36.41716628,27.36981851
41120,38.00144994,23.80734302
308,37.91812958,23.47836157
3189,40.61884143,23.68308435
6142,35.14581728,25.26564291
1011,40.66056607,22.93504996
273,38.09783333,23.73733333
5384,37.43772364,22.57918381
663,37.89250005,23.75717105
1319,40.62935001,22.94837312
3253,41.05058808,24.18251369
2179,38.97561721,22.91419324
2360,38.9264967,21.69770163
1709,37.12220477,25.23633729
5140,36.71278456,22.89670955
41631,38.09170881,23.76152983
2791,37.86099827,23.75350795
1339,40.67816875,22.92488183
3799,41.28464384,23.20317103
1754,39.26592287,26.07097873
6380,34.95449012,24.94027389
6161,37.61665853,26.29495047
2464,38.90017196,22.43306448
5682,37.90029862,21.3209226
503,37.92696934,23.63420729
1941,35.53680047,24.0792472
64,38.03176956,23.73568127
1392,40.70591959,22.58690931
5746,38.23467106,21.77528857
2094,39.05028584,21.903712
5113,37.56522019,22.80175532
3348,40.22809039,24.21890183
1145,40.63564644,22.94068934
3485,41.07427271,25.30245577
3291,40.46812249,25.46069154
4608,39.54665804,21.77431203
5727,37.08049662,22.72374144
4521,39.68394043,19.73339771
1057,39.25441578,25.93411867
4299,39.38599987,22.04795715
1338,40.60205895,22.96399229
2143,38.76398212,23.3227319
1694,36.7230595,25.33567144
6378,35.27558333,26.27516667
412,38.06837707,23.78884122
624,38.00245543,23.72642009
6326,36.07586111,28.05477778
5449,37.58038115,22.43101432
4028,39.38878981,22.99693033
1231,40.65558798,22.86278925
1968,35.21172222,24.035
3298,40.31463818,21.52672662
6276,37.17420061,26.82354223
1542,38.01750788,23.81143026
5136,37.68850649,22.53015715
438,38.04160943,23.72385122
3212,40.0929229,21.08597253
1831,37.31526384,24.37532768
4542,39.95750542,22.01777351
41131,37.99213359,23.7988989
5748,38.04027616,21.68428236
974,38.08217991,23.66913907
1022,40.59140735,22.9576947
1690,35.26596652,24.89147037
5319,36.80752851,21.91514333
372,38.06536111,23.74097222
4889,39.26367413,21.68978042
6337,39.1112363,23.74765224
4104,39.38784993,22.41243912
600,38.01143201,23.75343195
3229,40.39602126,23.75110309
3852,37.97494907,23.73399038
2000,37.99182941,23.81516675
6189,37.05287459,25.51167404
3906,40.31995737,23.04005702
41317,38.37408333,23.38247222
1813,36.61613523,27.81969958
5870,37.00111303,21.65180337
659,37.88576481,23.46345094
5911,38.37611246,20.73214423
1774,37.63878056,24.33413221
3200,40.79196762,21.39222153
3035,40.58325795,22.58090766
4135,39.30744374,23.12098302
41,38.00821938,23.69876201
1467,40.65107115,22.92467625
4670,39.65618044,20.8583453
476,37.9776718,23.72546461
4282,40.02535853,20.98547939
4878,39.61860818,22.48976579
4626,38.20635671,26.04155093
5633,38.11494964,20.52270845
45,38.07808333,23.70369444
700,38.05897222,23.79141667
2329,38.40556809,24.09318831
898,37.94310625,23.64491393
1641,36.42654948,28.2121819
5200,39.36366522,22.95690139
3409,41.06839756,23.39291871
2146,38.52452267,21.46957638
2980,37.97994203,23.6577307
4291,39.54581544,21.26281335
4463,39.10341756,22.89401234
5021,38.33303243,21.85274816
5130,37.97691405,22.97720174
4835,36.68243896,25.38143674
5642,37.95238889,23.61758333
1453,40.5938819,22.95619019
6522,39.02170206,26.2790695
2798,38.034,23.79263889
4876,39.36547698,22.92590655
2586,37.90623342,23.74604809
6266,39.15232271,23.4176193
41045,37.99413889,23.65386111
2363,38.89985146,20.93683057
1982,36.25977737,28.16277942
6196,36.89239247,27.29004881
6035,37.02841352,25.25174122
2063,38.59893764,23.00102164
5344,37.20348422,21.79100907
344,37.93748594,23.70073712
197,38.04798375,23.54227622
4138,39.16958162,23.25373827
125,38.0291667,23.78911124
4647,39.59167571,19.91893437
3,37.96512739,23.74520494
836,37.86254849,23.74942002
1804,35.3360932,25.10521676
744,37.98881547,23.72868038
680,37.95383764,23.73953188
330,38.02277778,23.85961111
509,37.97979732,23.72887225
2891,38.01007396,23.68326442
6425,39.33017488,26.17850098
3928,40.41021822,22.14612706
6362,38.85137262,24.52251663
42040,40.7892645,24.62800603
6346,35.31844739,23.85661852
2375,38.89355295,21.94062041
1860,36.88326251,27.33416754
78,37.97447397,23.74914977
3243,41.06913801,22.14226336
5440,37.59198757,23.37093417
1706,36.95205556,26.95391667
2394,37.96800893,23.76001474
4532,39.77187541,21.80779472
1728,35.37687897,24.87775097
4359,39.46147222,21.01872222
5477,37.06476798,21.63927276
5228,37.48381721,21.90444399
3010,40.24055516,23.28444791
4179,39.1647378,20.75233918
3057,40.26875442,22.53010819
4131,39.32740617,23.15166829
4490,39.38930379,23.00066349
2228,38.80129445,21.15787458
829,38.03513889,23.79316667
3139,40.84847657,25.8349319
2771,37.86206405,23.75484659
4087,39.78216667,21.22477778
4124,39.43529158,20.00321389
4633,35.58733056,27.08057186
4324,39.60314571,22.74940702
6549,36.33393901,28.17998268
3103,40.74148614,23.98248265
6507,35.38263979,24.95944743
6118,35.15697077,24.61400429
4839,39.62815029,19.89607721
287,37.97278466,23.22150634
4904,40.07276836,23.33820504
3450,41.15969718,24.54950541
1979,35.51289261,23.92474429
1191,40.63491544,22.9373431
5150,37.34777407,22.24834834
4716,37.93844184,22.93060025
1371,40.67637032,22.89339666
2884,38.0083613,23.7409812
5009,38.24325433,21.7332835
5464,37.7485639,21.69413121
143,37.9436831,23.69348737
4411,39.85242613,21.61877284
511,37.97793514,23.73712861
1772,36.22536333,27.81656006
3879,41.20668859,25.45881562
5198,38.30152118,20.59498556
129,37.94278595,23.73297397
6271,39.16384534,23.48753329
2237,39.10111345,22.27158771
589,38.07997222,23.78933333
766,38.00552128,23.66394972
6099,35.03680556,25.78291667
2062,38.39726503,23.62110341
54,38.0735,23.81355556
3431,39.91060915,21.29426144
4517,39.63165898,22.44417725
41114,37.89455556,24.03652778
6323,35.30938889,25.56511111
3217,40.27269014,21.55122619
3581,41.26576821,23.60596075
41372,37.88249115,23.93290211
2396,39.05863084,21.31341074
3421,41.39107822,24.03706814
2920,37.98741618,23.99811925
6434,37.85040277,24.80654309
6188,37.09586195,25.41022205
25,38.03621832,23.77440108
6468,39.16109877,26.05901804
4730,39.36537345,21.9233249
41188,37.996938,23.667969
5677,37.3695711,22.46438289
3232,40.51424661,23.82471016
3472,40.19514464,21.57928924
627,37.521656,23.49165739
2057,38.45386015,22.63750789
5414,38.25594126,21.74701924
1356,40.64278633,22.84395827
1738,38.50837502,26.075601
2081,38.44489369,22.48631758
5961,38.01333333,23.89197222
2596,38.06727522,23.82846638
2829,38.62407597,21.4087565
2245,38.60413253,22.87506354
245,37.93768647,23.75920106
1517,36.41686111,25.43186111
1026,40.55694327,22.98810625
3833,41.08979057,23.55060925
1500,40.60673048,22.95310137
2429,39.01792022,21.65018406
4972,37.95474546,23.95888839
2813,37.9150616,23.73740903
373,38.02489726,23.68283285
6275,37.12075718,26.86545134
6384,39.62962918,22.4226839
2683,37.98369245,23.73141708
1794,35.34148485,24.39680588
346,37.93898853,23.71216885
1203,40.63174843,22.94621445
1961,37.43866901,25.33309875
1125,40.55116667,23.02163889
3081,40.99649716,24.61602844
447,38.16657706,23.3381828
3561,40.86165543,25.85226325
41111,37.94183426,23.64584328
1303,40.66126662,22.94649869
2600,37.93715334,23.7397686
5632,38.12760503,20.54208567
2432,38.7755405,22.75601293
4779,39.28014575,21.53048428
2243,38.72396776,21.35944945
27,38.05019841,23.58696149
41174,37.96991667,23.74302778
5827,37.8553759,23.75838407
302,37.74789357,23.42959225
2746,37.95268806,23.61374706
4641,39.45941866,21.32919092
1090,40.61769717,23.23219625
6012,36.38002778,28.21125
3858,40.8600781,23.60690053
4721,39.62189597,19.91880616
1581,37.97249337,23.73409321
2001,38.34698741,23.58230521
41459,37.96840008,23.76748405
5759,38.21750367,21.74225431
3613,40.30822347,21.796522
2004,38.30879854,23.63744407
532,37.97113889,23.72875
44008,38.24120156,21.74178925
1631,35.29568141,25.72477873
4379,37.831288,21.26883001
3152,41.11366666,24.86992135
894,38.07325,23.76766667
3758,40.49058364,22.5704105
6350,36.18055584,28.07194444
4176,39.83979584,22.15203529
3454,40.94986728,22.51982194
5574,37.62204929,21.83610942
3352,41.38911412,26.34498121
1885,35.3021599,25.11045166
460,37.9907666,23.72086583
1970,37.45347222,25.44158333
3765,38.01824285,23.76630425
6126,35.63550839,27.13640495
1282,40.64556464,22.94156763
2059,38.78475888,21.11598177
6361,38.91654263,24.57323098
9,38.28426578,23.7156265
5898,38.24875664,21.73781404
1596,37.4175,24.39808333
6203,36.98029675,26.92968174
5296,37.6008001,22.68106224
6483,37.14441667,24.52591667
1064,40.58248911,22.98051303
6025,37.13545623,25.21512812
4133,39.4273004,23.11615793
3575,40.3367214,23.98820754
4503,39.38663526,22.93055503
909,37.9401209,23.64227117
3564,41.00825526,23.60259691
5512,38.1815,22.15969444
889,38.04719444,23.808
1365,37.89334046,23.99017093
2874,37.95700742,23.50052876
2013,38.85609003,23.04276095
1024,40.63277778,23.05555556
310,38.07805556,23.79661111
3140,40.89351203,25.93749055
4492,39.59443576,20.23841924
4108,39.89619893,22.18826444
3797,41.30793261,22.81279069
5946,38.0197788,23.73649539
2201,37.86575881,23.85244237
2902,37.96202933,23.913575
4205,39.29618365,20.54816404
6182,37.17775731,24.50560156
4106,39.23228497,21.79623621
4343,39.37215621,20.30214658
5310,38.00396879,23.87497034
5239,36.50729877,22.97706264
2402,38.34157097,23.56641658
4401,39.16144444,20.93541667
1524,40.47808265,22.87621993
4928,39.55431651,21.76947578
3276,40.24841899,24.24026431
1490,40.60011795,22.95059818
4645,37.35832566,23.08914751
5698,38.25866369,21.74776497
4470,39.26830284,21.25295475
6004,37.39947277,24.94431127
2836,38.01732854,23.67185391
5126,37.14778226,21.61870178
2435,38.59871066,22.4794537
5385,37.75780905,21.9443615
5899,38.17795345,22.20707187
6427,38.51465813,26.21809733
3233,41.20587093,24.73707706
3525,40.53312812,21.62121121
5237,37.76143658,22.57322958
605,37.97787238,23.78979725
5508,37.80078656,21.39001407
6129,35.35583333,24.48861111
3980,40.26916937,24.17800342
263,37.97604351,23.7275084
3595,40.27617612,23.47536552
2182,38.94671518,21.90617065
4200,39.36822222,21.17233333
4002,39.70683331,20.71091667
216,38.03490083,23.7058656
44021,37.24561166,22.5475438
3108,40.63244422,22.06830201
41086,37.90147876,23.75603532
2278,38.91207186,23.08334988
192,37.99062017,23.68707725
5227,37.54119481,21.81170272
432,37.80667112,23.92388257
1464,40.54867191,22.99013092
3851,37.84597222,22.62247222
5869,37.87444444,21.29661111
6233,37.30002179,26.54001714
1578,38.00754071,23.70422974
2895,38.01977006,23.72821314
3451,41.02720973,24.63467652
6022,36.26720951,28.00500736
4926,37.02307686,22.13474997
1023,40.58469755,23.0314789
423,37.97855751,23.7529405
3180,40.55232973,22.01836059
5048,38.12651129,22.50520637
5372,37.84861378,20.65805386
2760,38.02506505,23.68637364
3060,40.27793895,23.43858933
3504,40.87411766,25.8019992
4871,39.54254478,19.85125463
4129,39.38174371,23.16922123
4109,39.85926774,22.24988905
2460,38.08335364,24.3277252
6430,37.38765792,24.94672428
1155,40.65978616,22.91022783
3659,40.73402174,21.62127425
2931,38.01300332,23.70620161
854,37.97100363,23.72401999
5809,37.58420902,22.74586859
1752,35.32238129,25.16768669
322,38.00495273,23.42492474
97,38.08511111,23.97725
1395,40.64081449,22.91976634
3543,41.01805456,25.38304766
2086,38.32159008,23.43734122
497,37.93038798,23.63470069
1995,35.19290169,26.25439244
3274,40.33845298,24.02689133
265,38.01622222,23.77177778
3536,40.02325143,22.57627899
5247,37.67533898,22.04309543
2282,38.64038028,22.19199781
5465,38.21243025,21.72904277
1403,40.66115278,22.96830208
6173,37.5528982,25.13831057
2298,38.93050151,22.75802461
3120,40.96098244,26.29917542
363,37.9874242,23.73028552
2642,37.98658242,23.6320728
3535,40.97644352,22.52376096
5494,36.76828103,21.87918347
708,37.97429123,23.47673854
1936,38.00998117,23.67552917
6376,38.26082057,26.03520381
2440,38.9416704,22.63617035
473,37.81171065,23.7828527
3860,40.42686532,23.50106263
1112,40.58504507,22.95975235
6325,39.5262578,25.02943157
5439,38.36496114,20.72056756
1632,39.21092103,26.44834029
3736,40.47521592,23.43484475
5229,37.92698117,22.16504925
2230,38.82087083,23.40768205
4263,39.16840121,22.83971465
1135,40.63841632,22.9387825
3186,40.35164235,21.95518394
3677,40.66001543,21.99321633
6057,35.51142519,24.01360122
1276,40.70055283,22.88888376
3374,41.30304204,24.90279732
3420,41.13744415,24.17262169
2031,38.45493729,23.20904372
2590,38.04455556,23.84319444
732,37.96701004,23.67185295
1281,40.633745,22.95146736
3902,40.93657721,24.41113783
1858,39.20018186,23.47113378
2192,38.39552958,21.89333754
3059,40.37834822,23.46719892
5154,37.37612899,22.49446799
5342,38.10962699,24.440317
6284,35.5006998,27.22807638
1784,35.33905556,25.13525
4102,38.95850445,20.7510376
5578,37.45780556,23.22930556
3160,41.67514375,26.33895046
1673,40.65365123,22.93898819
1745,36.41031459,25.44693143
4208,39.49862811,21.79458927
4225,39.28034064,21.59204729
4114,39.50578984,22.64185304
4402,39.7703796,21.18560318
6109,35.29177258,24.87835366
5050,37.06691016,22.06035434
705,37.98008124,23.74431904
222,37.85159903,23.75331706
6443,38.57937956,26.00075082
3967,40.30208333,24.23077778
4528,39.60723178,19.87679115
3007,40.25895069,24.17846223
775,38.03624582,23.78873632
2209,38.62520464,22.35977181
5778,38.48098883,22.50125532
4262,39.06450688,22.53466202
4050,39.66636111,20.85258333
5405,37.45422877,23.15238588
6145,36.93157267,27.13011728
4171,39.60332934,22.01229214
3499,41.30895024,24.47069932
4020,39.04773856,22.91324872
4464,39.63740816,22.4171839
3640,41.22509785,23.99172971
890,38.03961111,23.79080556
2954,38.01284676,23.99345703
1750,37.37994444,24.90952778
4722,36.07739869,28.07541031
4568,36.85125914,27.1038122
5660,37.82809609,22.67985329
4582,39.63653914,20.264494
2262,39.10275363,21.65060412
2045,38.56570398,23.28444133
5370,37.55253015,22.07973777
6464,39.17771917,26.41205444
3496,37.97467651,23.74485909
790,37.99376024,23.73084767
6445,37.70834585,27.01887505
657,37.96807596,23.70913199
5030,37.98729707,22.97444119
2903,37.94219665,23.74102407
168,38.01897222,23.80652778
204,37.90504846,23.75375144
3433,40.022669,21.14420255
4162,40.13370704,22.16382509
6523,39.10525695,26.53599266
4061,39.6389502,19.74355836
4575,38.33345921,26.12365653
5783,38.13040529,22.42137365
3002,40.31196792,23.06190764
6414,36.55545056,27.84937006
1336,40.63027934,22.95332809
4663,39.14531227,23.46200646
5105,37.59098819,21.61794417
5777,36.47741703,22.47580643
4188,39.28505556,20.40091667
6363,38.42990268,26.10583502
2100,38.62258333,24.10991667
1601,37.8608979,24.78538006
2872,38.08486111,23.68572222
4980,36.41813889,28.18166667
26,38.06475403,23.51277212
6018,36.10279488,28.08235631
5362,38.24803617,21.73807159
3037,40.50074536,22.54358866
4795,39.88869866,22.1868751
41467,38.03694861,23.98214102
1503,40.54188183,23.08817511
4836,39.46306973,20.79009301
6178,38.20647017,26.00283272
4001,39.9073135,22.63499008
5426,37.87429879,21.70897786
1132,40.64010633,22.94457835
2809,37.762408,23.45382212
6260,38.54262302,26.10630509
2320,38.89983333,22.44927778
3789,40.27679724,23.68538012
551,37.98289133,23.73334642
41493,38.91130556,22.51080556
2388,38.02857783,23.78078809
2121,38.72114975,20.7035665
2474,37.93089828,23.63927593
609,37.97660521,23.74028655
6302,36.69305406,25.12808861
648,38.01939634,23.92118174
816,38.14308333,23.75847222
6184,36.99975144,24.686669
4931,39.55186599,21.76629497
41035,41.10961631,25.35321055
351,37.95614973,23.72562226
608,37.94166749,23.69789472
3777,40.8480301,25.88835694
5145,36.51383267,23.05836555
6338,35.33686111,25.17416667
3527,40.27355556,23.16116667
4809,39.50422863,20.44507996
3391,39.97285246,23.92245496
2936,37.93183646,23.69557027
5517,37.64888136,22.26988919
1718,37.0202204,25.11923174
2483,38.91841291,22.38273381
5382,37.29471011,22.68396678
3452,41.15535089,24.63728824
512,37.9416863,23.87404157
4799,39.49674669,20.46233999
4950,39.64426244,22.4177114
4493,39.5287355,20.49733029
41178,37.88648424,23.72705496
4946,35.53965556,24.14066944
474,37.97381981,23.72666268
2785,37.96038361,23.62913167
4659,37.13938842,25.28678542
1161,40.61421829,22.95423325
303,37.74448222,23.53503235
6073,35.24573004,23.67924026
6453,37.11463739,25.53021629
1998,37.93419753,23.88491218
2272,37.96139916,23.69930376
1369,40.59889997,22.99825559
182,37.94658333,23.66611111
1753,36.37029084,25.4597237
714,38.03938889,23.78422222
4482,39.84374524,19.40701095
2462,38.65811552,24.11131889
5978,37.98101097,23.72925623
2049,38.43604672,21.35432439
6403,37.10296812,25.15411175
3939,40.78260793,21.57410473
2117,38.7550392,20.63800738
2264,38.70407446,21.03395874
2880,37.98216504,23.70898506
5868,37.6755229,21.43664968
4494,39.3767547,23.03021782
4233,39.71638889,20.79202778
3201,40.77937468,21.40937448
5112,37.63384021,22.73000113
5441,36.88390664,21.69659988
2485,38.44951839,22.8962642
122,37.79559171,24.06387612
3400,41.28267861,23.47949826
5047,38.09528146,22.55858273
2588,37.91014759,23.74171542
5108,37.51215032,22.37160065
3658,41.12050641,25.43643578
4095,39.49930621,21.53938142
919,37.88325245,23.76303267
6068,35.21033333,24.10177778
4929,37.24529401,21.68482064
3540,40.12252267,23.40098021
2150,38.85668492,21.55696764
3437,40.27023589,22.35146018
4546,39.57389271,19.8642591
5039,37.97645558,22.76082919
3317,40.69142473,21.68061699
3132,41.38453008,26.52921557
2999,38.10318146,23.82928658
5722,37.9344752,22.9476985
3563,41.14862631,25.37696584
2083,38.3926723,22.2416667
467,37.91782855,23.72741728
2878,34.99380039,24.75131409
5212,37.24441473,22.85387731
5446,38.30564345,20.46575062
2977,37.99925792,23.70831028
6550,36.31383485,28.09970313
1851,37.48543592,25.31724006
3487,41.33982755,24.97004021
4789,39.69630826,20.96961213
603,38.08710123,23.71395966
3068,37.30615828,23.14497788
5701,37.05051528,22.83137253
5983,37.94731539,23.68593866
1463,40.63895884,22.9449636
3539,40.42662341,25.55473699
1087,40.47040781,22.96879088
4870,39.58349292,19.82152027
4432,39.79353314,19.77664283
548,37.97082577,23.63097536
2873,38.07761111,23.75477778
2442,38.89555854,22.43202976
3743,40.65197222,22.53066667
5516,37.54463566,22.2796341
956,37.71279156,23.52258994
4295,38.37631135,26.12986821
2322,38.88770338,22.41653598
3556,40.27868148,22.52295763
1624,38.31310905,26.1532641
6529,39.26230007,23.93379694
2845,39.92461944,25.23484167
3685,40.13576647,22.53679484
1252,40.63779517,22.94871556
4193,39.46671974,20.51139407
1980,36.44891929,28.22344402
4065,39.61977202,19.91909992
4317,39.88187259,22.57411966
2106,38.01606134,24.42165763
3053,40.10525429,22.5041434
4449,39.14669359,21.84208154
655,37.943258,23.720356
4808,38.77704198,20.60076887
5706,37.96903093,23.64598475
3290,40.03288889,23.43938889
3056,39.98929558,22.60252019
186,38.02008333,23.768
2552,38.42818949,23.67391129
5823,38.16834567,22.31967514
4912,39.56054575,21.7825042
2805,37.95743168,23.68991734
6091,35.24434323,26.23018999
5343,37.32945527,21.9496776
3095,40.47973972,22.19933997
2069,38.80576544,21.17543237
82,37.97607023,23.71075582
5739,38.19330835,21.798647
117,37.88666502,24.00383205
1169,40.60429827,22.95540217
5990,37.81386892,23.77390374
1122,40.7656663,22.71126205
2415,38.61058985,20.57187494
1069,37.83618475,20.64891795
763,37.97842055,23.74029099
4694,37.81931761,23.83506063
2007,37.94909972,23.72275235
1658,35.32239006,25.12726481
4293,39.52046551,21.40968006
3482,41.28657582,26.40877046
5283,38.24547663,21.73536735
1967,37.10526961,25.37861022
1243,40.81478599,23.0390848
3599,41.28927142,26.45333238
68,38.0029194,23.73176497
1042,40.71930556,22.99077778
5214,37.42687794,22.69107666
3327,40.51379136,21.24564931
1770,35.2127588,25.15978437
2186,38.94145414,21.80697623
5861,38.16672061,20.41609802
4093,39.5605271,21.76906236
6242,39.33474143,26.24653602
1066,40.58263062,22.9501556
3123,40.89445,26.17180719
1175,40.48783631,22.97804575
4158,40.00371409,20.61796764
2518,38.46488457,23.60651064
5278,36.90314142,22.82441046
3149,40.28045109,22.49735313
1872,35.33805643,25.13573484
411,37.98811483,23.74622359
3702,40.6290573,22.06524285
16,38.21412872,23.87589357
5693,37.75394444,20.88661111
41621,40.81594261,23.280815
536,38.00711111,23.82738889
329,38.00042114,23.70717659
342,38.02883333,23.85166667
3876,40.92366391,24.38887982
2235,38.15594639,24.2397612
1205,40.64020961,22.93622645
1546,40.62543689,22.95350969
6094,35.20647222,25.46027778
2707,37.96724766,23.76380539
1279,35.33650338,25.1341549
3331,40.49567505,25.59631971
664,37.99783183,23.70281604
3204,40.36467463,23.92855043
1137,40.52322222,22.97736111
1824,36.78382949,25.80632535
3532,40.10395236,22.06507674
2289,38.76105315,23.45207769
6125,35.55579485,27.16673045
6341,34.99559161,24.76395391
3521,40.75721555,21.49881556
2517,35.51396034,24.01948362
4353,39.39439624,20.35700298
41478,38.04294444,23.80558333
5008,38.24538245,21.73533714
4654,37.04776501,22.07857643
5525,36.48622478,23.10063649
5503,38.31710651,23.32668585
2881,38.07344577,23.82233054
5751,36.92922978,22.54361439
3397,40.40525617,23.50648427
2167,38.99005442,21.71951488
3203,40.26323132,22.51983676
665,37.98538284,23.71942242
1561,38.05441667,23.82455556
2012,37.96986343,23.65118076
2184,38.65586218,23.56967978
4236,39.9733734,20.68730825
2737,38.10007032,23.83759378
674,37.97215057,23.88020617
2358,38.00127604,23.80484773
5183,37.58063632,22.96673414
1527,35.33742787,25.13015895
654,38.80280556,21.26461111
6301,36.60085924,27.83505152
2698,38.02327861,23.74783574
4459,39.68668212,21.62200342
4842,39.33794926,23.01345502
3630,40.42134725,22.24010781
1511,40.71823161,22.69678922
2973,38.09225,23.79680556
1737,38.2986463,26.01591129
558,37.94550513,23.958694
2393,38.45240475,22.92983644
5125,37.2505881,21.66896665
3368,41.27638293,25.74287315
4290,39.61592508,21.50105765
5388,38.02581102,22.72525369
6404,39.34349139,26.18294837
2521,37.97098478,23.73181227
3773,40.84785083,25.8863272
5524,38.24826033,21.73406029
3982,40.0098844,23.43180925
6141,35.28,24.93480556
1869,35.14448987,25.72311035
3337,40.55344406,22.14855621
52,38.09707784,23.8061863
6232,36.97211111,25.05033333
4956,39.55924582,22.59966779
6313,38.22775793,26.00084406
3619,41.25095254,24.90666175
2288,38.31450474,23.34092225
960,37.97691173,23.73511613
2783,38.0439281,23.54458196
5972,38.02274211,23.78982142
1748,37.44660192,25.32892567
4140,39.25444471,22.62125548
5161,37.73195631,22.75650802
5521,36.82602222,22.77154067
3768,40.52287487,21.65984662
6503,37.9172929,24.75561403
3774,37.90627595,23.74990612
2005,38.32498189,23.64783194
2336,37.403,23.11277778
5034,38.06198445,23.74952827
6112,35.37072222,24.70213889
4052,39.69555094,20.89065714
1483,40.6171244,22.95883679
41074,41.22773821,24.187494
5860,37.1819032,22.82298284
5639,35.55291239,23.77693785
3197,40.70392666,21.57560544
6371,35.8938999,27.78050629
84,37.96138329,23.75211036
4243,39.41980878,20.72666468
6525,36.43391667,28.22336111
4009,39.63618584,22.42195792
1255,40.63462811,22.95023397
3946,40.28280631,24.22084709
4888,39.26017463,21.77509535
4079,39.19311206,21.10392881
4468,38.16658472,22.27839728
2470,37.65906016,23.98017895
5686,38.07510224,23.81923752
326,38.09180556,23.82136111
5783,38.13053771,22.42845938
6293,38.59005757,25.5869145
1108,40.67688715,22.92579659
3006,40.26559491,23.2023497
41291,38.50031807,23.53538154
5886,38.25347138,21.77747078
653,37.85985097,23.78376958
4139,39.09884625,23.07838818
4181,39.48340471,21.84459092
5692,38.02663731,23.85960335
377,38.00231804,23.88482033
3787,38.04942154,23.79758569
5176,38.45479931,20.63195352
2311,38.2653338,22.9038236
1007,40.65177517,22.87254557
2378,38.80803265,20.67522869
41205,38.44822222,22.92541667
4118,40.29922022,21.79272384
5191,37.96513849,23.73510263
3055,40.05698349,22.56034846
5259,37.73640607,21.53661372
3611,40.58956106,22.07229118
1510,40.65225788,22.8261937
3241,41.30720003,23.36496751
6470,39.02711267,26.59780689
3014,40.39063975,20.9525852
2935,37.9303849,23.76001776
3848,37.96773715,23.72391558
4068,39.458113,19.95189373
2205,38.86151096,22.4405432
3951,38.02239218,23.7358104
2328,38.57491667,24.13633333
5732,37.9737062,21.65243904
3286,41.30047662,24.07022105
2706,38.09277778,23.72222222
675,37.96198966,23.70391238
141,37.98801842,23.75153558
2491,38.64225679,23.18328021
2863,37.95932414,23.72121184
4091,39.70627402,21.62175198
5847,36.85689605,22.65118036
4134,39.44495445,23.09085193
6064,35.42058333,24.14233333
1278,37.97229929,23.6551793
41696,40.48461317,23.70118969
427,37.98158672,23.72264849
1482,36.40329239,25.46585029
1393,40.58572222,22.96130556
3506,37.97661497,23.73789169
6460,36.35304572,25.76843817
2239,38.90552377,20.96211531
6389,35.31683658,24.63566417
2341,38.35266667,21.72502778
3552,41.04160179,24.83573365
3635,41.06049901,24.96215223
4987,38.34467852,22.38350255
2,37.94646172,23.73848191
3366,41.12503076,25.74072888
5407,38.19083333,22.1025
2382,38.59651879,23.54912393
4337,39.69136997,22.86617079
590,40.60513076,23.00309115
1164,40.56547222,22.98136111
3522,40.68754883,21.62555336
4744,39.60786046,22.88112735
3427,41.04805621,24.43769784
879,37.99818569,23.72270787
5141,36.88186739,22.54545618
5415,38.05141317,21.38996533
1704,35.22479468,24.82561988
5595,37.18131807,22.58093523
3054,40.09808699,22.55588542
5851,37.0014186,21.65219237
4807,35.51902859,23.86596935
4769,39.17969378,20.96077444
2603,37.93956525,23.69591251
5216,38.31962976,23.62152852
5922,38.20687161,21.72735934
827,37.88568874,23.758311
5253,37.79148656,22.39947756
5171,38.14006121,20.65894084
110,37.96790517,23.91843276
2040,38.51405556,23.63905556
5848,38.05010701,23.53618927
5197,37.73665389,22.23949675
1671,37.46975013,25.39135431
4058,39.77701048,19.74773539
4220,39.48428006,21.31564555
4603,39.75719564,21.11977514
5665,38.25590542,21.74179537
169,38.10825788,23.8802872
2410,38.99355833,23.21603333
3125,41.34875296,26.49375776
2727,38.06972804,23.9395931
4365,40.07114167,20.61436111
6372,36.99474682,25.04575375
4182,39.19523213,22.1094437
6327,35.9502341,27.87467033
6370,38.93058333,20.77102778
2380,38.39635932,21.46176619
5208,37.30780243,23.17168079
4539,39.73523274,21.0113172
6151,35.31586111,25.32305556
3688,40.67198322,21.56536288
2041,38.42580114,23.6704703
4646,39.13535101,21.03452013
633,38.01119461,23.72865831
4222,39.24228393,21.60454624
2751,37.80186855,23.88547279
5650,36.97630583,21.73535922
1698,37.29889955,26.74265386
3065,40.14278652,23.74779806
5450,38.11872193,20.73780883
2650,38.6738063,23.17549212
3513,41.34576545,24.8654401
2085,38.55679279,22.59013842
2939,38.05273576,23.84103597
459,37.95805886,23.75352122
4064,39.62330556,19.91238889
485,38.052,23.8325
3517,40.49469614,21.39048261
4309,39.21439418,20.62716871
3978,40.14172156,24.38334705
3551,41.14713291,25.01272419
3453,40.77595386,22.40053266
5858,38.4800999,22.49964387
2327,38.74618387,22.3421277
81,37.97715534,23.68476518
4259,39.82591409,22.30924483
5134,37.75771767,22.66155884
2431,38.52564061,23.83886886
5014,38.12647357,22.48163391
4089,39.75625245,21.49883005
6429,37.42086529,24.9347082
5386,37.55098979,22.18194307
877,37.98405556,23.72802778
3467,40.81228143,24.14673981
2456,38.97421975,21.32229436
41500,38.00957701,23.82505797
2738,37.92143789,21.16932162
2408,38.95415664,23.16891193
3322,40.66723258,21.83540707
1981,35.33510256,25.35558442
5576,38.04426712,22.679101
1604,35.53344122,24.07559265
5735,38.23289259,21.74493944
257,38.04397222,23.73647222
3596,41.00113681,22.65657845
6089,35.3219755,25.74915656
384,37.95626323,23.66361867
3781,37.96497711,23.7507222
6055,35.29154881,24.17612336
5292,37.67040796,22.18331258
6204,35.36910663,24.54503895
2710,37.98272113,23.72520072
431,37.94704442,23.98660346
6531,35.19572327,25.66774176
5097,37.79525283,21.34946518
1260,40.58444444,22.96469444
4450,37.77981936,26.87277143
1741,35.18979559,25.71764801
1136,40.69818774,22.80305159
41155,38.038924,23.94088311
2208,38.51754493,22.42544054
4344,39.54693244,20.78005876
3367,41.2262346,25.66899246
5634,38.07251509,20.79628373
4333,39.90676923,22.13225977
433,37.73358205,24.00991757
592,38.00807234,23.671536
3997,39.53422222,20.87208333
4006,39.54736397,20.97311873
3206,40.61626683,21.05598081
3080,40.97082226,24.52509324
2446,37.94498874,23.70084769
321,37.9787182,23.75838817
6355,38.4826796,25.9257548
4341,39.59086881,22.29480392
3334,40.61888442,22.36116039
962,37.87417427,23.72842381
6058,35.54977362,24.17311739
2361,38.0060696,23.66467253
5374,37.36167571,22.46792149
2437,38.91544857,22.611269
5381,38.05528896,21.48547853
2842,38.08947222,23.8155
662,37.96260525,23.66286994
591,37.9794535,23.73881732
2133,39.02122644,23.30970738
1292,40.60266667,23.57905556
3091,38.03598982,23.82777501
6116,35.41183099,24.75377432
3804,38.03194581,23.78154735
3075,40.93676969,24.35558141
2537,38.90996192,20.87063745
5763,38.23450916,21.72609821
958,37.95907912,23.7542924
5393,38.25368366,21.74476458
506,38.102,23.74538889
2909,38.04183333,23.76213889
752,38.11973159,23.85880723
40021,40.57483797,22.97045411
2021,38.81282021,22.62100059
4325,38.03768965,23.78406341
1383,40.75097769,23.69488183
3434,39.95582619,21.53550887
4355,39.2995247,20.44632381
805,38.09005556,23.74483333
6418,39.1534048,23.46809744
5055,37.69936083,23.94755676
4121,40.18474726,21.99749512
3371,41.08303997,25.59883534
3134,41.49988717,26.46328357
1002,40.62412984,22.73671144
1553,38.03107939,23.83827913
1037,40.64438889,22.99616667
1606,35.5276174,24.07344993
41048,37.98693385,23.73454164
4665,39.99894444,20.53913889
3713,40.29754181,21.78494053
44022,37.43666667,21.77027778
4989,39.56137814,20.82932031
3622,40.97164253,21.92207984
2797,38.10055556,23.75258333
6278,37.71054741,26.69740001
4548,39.79195829,19.85606062
4199,39.41946552,20.28557854
205,37.91104316,23.7114076
6495,35.35594444,23.83247222
3196,40.52178865,21.47193734
2455,38.43302415,22.47603981
1609,35.31236111,24.69022222
2636,37.9916693,23.74852981
5741,38.12151769,20.52689377
2995,38.043,23.77291667
6449,35.36406129,24.47721551
711,37.96616493,23.77030245
6130,35.33991667,25.13280556
4097,39.42977875,21.66368589
1663,35.46054393,23.82548637
1623,35.36704104,23.56417356
6180,35.25364302,24.19180402
3410,41.12850562,23.38012008
164,38.03819444,23.78691667
4570,39.41737779,23.15421383
2720,38.01456974,23.69020399
5771,38.02797372,23.74311128
3275,40.17833644,24.36828769
1635,35.35579095,24.48372711
6052,37.62317687,25.04947397
2070,38.88722352,21.17353814
5128,37.19389085,22.02815779
2308,38.64213269,22.52977234
4105,39.29311994,22.38300454
4292,39.55012375,21.36800702
2659,37.95606911,23.77541189
988,38.045152,23.777472
3546,40.55180591,22.24645715
5353,38.25975492,21.75095436
3336,40.63137499,22.130096
72,37.98924737,23.75109256
787,37.84760534,23.75468537
6401,37.65916667,24.38527778
488,38.03463889,23.79047222
1408,40.61436111,22.98744444
1705,35.31962231,25.54925437
6186,36.9738208,24.72287699
3354,41.00357308,25.93253691
2077,38.47827146,22.49608884
5179,36.26500267,23.04639275
5,37.99443268,23.67461733
3681,40.87322912,26.16300576
3843,40.3218081,23.0371763
4146,39.52895825,21.49603577
2176,38.79497196,20.83463334
2351,39.18428277,21.45642103
3604,40.92456698,21.92326068
250,38.06902778,23.78194444
5352,37.15195052,21.94690593
6294,37.96955148,23.76096211
4786,39.50491076,22.26691294
3692,41.06332338,23.62668984
336,38.05943,23.78758
4679,39.61600061,20.76549058
1828,36.66653073,24.49321689
1608,35.32740853,25.1336489
4977,36.44241667,28.22422222
3695,41.17683591,23.29981039
5010,38.23447629,21.73086542
343,37.94471971,23.65481103
1027,40.54041515,23.02810682
6241,39.0746635,26.55126084
5669,37.51457392,22.40944691
195,37.95692057,23.70078516
1642,35.04586571,26.23154666
6037,37.89504942,24.77110599
2158,38.60975991,22.49591701
3785,40.46129481,25.64754017
5266,37.11019522,22.86755314
5915,38.00467921,23.67686295
6410,39.07022423,26.44236013
1696,37.95904545,23.76244527
5029,37.92807852,23.14279934
1687,36.438938,28.23093209
4141,39.2248344,23.21900714
11,38.28444681,23.87998715
3839,40.84236096,25.87113774
3288,40.88521739,23.54894754
4373,39.24469444,21.986
525,37.96369959,23.56147395
6254,35.30527778,25.14602778
3455,40.86199683,22.57021418
4896,39.86206129,22.54044811
4371,36.85963614,22.6086328
3751,40.44120692,21.24012476
2154,38.94018544,21.94121149
41162,36.64366667,23.01625
3620,40.98788796,24.93991498
101,37.96778228,23.75085111
4041,39.15675769,20.98734411
2826,40.93810614,24.4116535
2038,38.46228851,23.59423498
2599,37.9775809,23.74202444
4893,39.61585768,22.39830866
3679,37.8599917,23.75526736
650,37.91859836,23.93253492
2093,38.98885205,21.59772793
534,37.97286617,23.72065412
5488,37.98779244,23.86030712
1040,36.86778254,22.31578405
1691,35.36396691,24.48811871
1101,40.64888364,22.95934556
2747,37.96341786,23.64793855
2256,38.19854802,23.05110185
4122,40.51318004,21.68021115
3077,40.93569444,24.39416667
5255,37.87010383,22.52649267
1783,35.35846438,24.57101595
4086,39.20423957,20.16338205
187,37.89536111,24.04172222
41610,39.54615091,21.75819236
41693,37.95178381,23.64158292
4126,38.1509791,22.34652453
5550,37.85365168,21.17182437
2915,36.96427778,26.94172222
41119,37.02995749,25.05628231
6258,38.47391352,26.11909513
1362,39.54468805,20.78768508
4461,39.56785871,22.54050056
41514,37.91579664,22.96454089
2814,38.02386111,23.83469444
5533,38.05819444,23.75452778
76,37.98064655,23.73634562
6364,37.72254529,27.05694452
2540,38.88581795,22.43952591
785,37.98362592,23.73706183
2684,37.97588926,23.7319828
2821,37.93329092,23.75850508
2633,38.07533104,23.49659139
4265,39.60573414,19.91456355
4989,39.56144444,20.82930556
5591,36.99594563,21.93400572
635,38.038,23.80758333
888,37.93972676,23.69180919
2941,37.85731778,23.78484973
2181,39.08698265,21.82246017
5708,37.52709854,23.15145093
2969,37.92199707,23.69628862
4384,39.36197161,22.94313586
359,38.01569331,23.72057954
5210,37.40524467,22.72226642
1340,40.76778873,22.66398
3610,40.50610785,22.20676591
3889,38.07367823,23.78844739
556,37.96642934,23.491092
856,37.99880755,23.73332024
893,37.8648513,23.74818545
2782,37.96805056,23.69982812
768,37.25855844,23.16241015
4056,39.4829309,20.23569145
2699,37.950841,23.65074205
4566,39.58570845,20.8127383
3236,41.26090707,23.83904101
98,37.93928602,23.94374447
5473,37.91628029,22.97737701
1460,40.46330771,22.97297657
6011,36.41349397,28.21021713
6501,34.95623678,25.04914869
2220,38.62819119,23.71310024
3507,41.54045475,26.35196247
1427,40.58097222,22.95125
4372,39.23204554,21.91405082
41366,37.56058333,22.17333333
5004,38.24636633,21.76713667
1263,40.63268415,22.94777984
2656,37.9532024,23.67938738
2168,38.73913406,21.66679143
1629,35.20019444,25.64736111
3779,35.25695159,25.60727719
194,38.1358058,23.4087369
4571,39.50513179,22.11124404
5219,37.80444656,23.06185151
5309,38.10261753,22.31859705
445,37.9627389,23.71599623
6144,35.33438793,25.11890273
2422,38.84099396,21.68891591
3492,40.45023611,21.27306444
6238,39.23348434,26.2087096
1846,37.01178047,25.21974247
88,37.94698811,23.7155376
3724,40.47338255,25.52022865
1166,40.61356596,22.97099704
2767,38.14241176,23.84624917
3826,40.91740732,24.68875967
5058,38.25146676,22.06527869
2450,37.93986836,23.6487162
53,38.08827778,23.80816667
41590,40.80148532,22.36195155
6487,35.22558276,24.610801
5690,37.08528794,22.51463148
1010,40.65449775,22.92671349
5122,36.81824544,21.70645542
2752,38.05073551,23.81016785
4356,39.16620167,20.56795365
5178,38.20001481,20.43726501
6400,35.53333333,24.16127778
5213,37.15749167,22.84949717
6066,35.49346059,23.65730356
776,37.98009576,23.71409868
2325,37.85816413,23.75457264
152,37.98089531,23.73227187
2479,38.31897609,23.60660651
1931,35.49914733,24.03048605
3597,40.87433841,25.74336374
2304,38.41923804,22.52774779
5485,37.69874768,20.78429209
5240,36.82497535,22.28062794
3608,41.1665433,25.63820101
944,37.94234086,23.69566828
6545,35.09808611,26.25368333
146,37.98009193,23.71863718
6237,39.16917119,26.14613208
5627,37.88638176,21.26009381
5894,37.7186067,23.13697351
41091,38.28508333,21.76805556
190,37.97784032,23.63383401
5924,37.97582267,23.71930655
4845,39.66766184,20.8513947
3755,37.96622647,23.50719031
2478,38.03152778,23.93584444
2364,38.76768459,21.79285706
2984,37.97439398,23.73510762
2753,37.96334691,23.63788759
5235,37.8994169,22.01659038
2867,38.06058101,23.75176
294,37.90579294,23.7665671
41608,39.34469168,22.08450727
2680,38.04228474,23.6832711
136,38.33592067,23.72397831
375,38.09172222,23.77316667
2217,39.04110498,21.13190199
4682,37.99414309,23.34351621
932,37.98405556,23.72808333
3742,41.62477594,26.32204738
2132,38.73481748,23.49041762
618,38.06193983,23.71402364
1405,40.63405941,22.97219664
4025,39.36193742,22.94659284
1607,35.22780556,25.66252778
73,37.9937092,23.73082219
2061,37.93817592,23.64068087
7,38.3261654,23.73395369
2641,38.07108333,23.529
4237,39.84307793,20.4151988
6088,35.27214447,25.61737685
1810,35.40836333,24.14407841
5580,37.2254531,22.16537847
41587,40.7733159,22.35170705
713,38.02733333,23.78452778
2187,38.22764265,22.93982462
3135,41.67283013,26.44017605
4589,39.83180149,21.3684806
4253,39.4317433,22.85667347
2472,38.10331157,23.8365157
1853,37.05969225,25.40163236
28,37.96394472,23.57164788
3251,41.02820172,23.83020016
1017,40.63575641,22.95481986
3502,41.08832724,26.28941752
850,37.97024865,23.72515437
3537,37.97471848,23.87684703
56,38.05397222,23.80655556
3287,40.92160229,23.88283288
46,38.08002771,23.73594474
6436,39.95991413,25.09228952
4693,39.2947048,21.95487175
41049,38.63019444,23.07563889
2502,39.09196963,22.29371993
3105,40.2226485,23.66941423
1086,40.73067801,22.91753866
1566,36.97216667,25.05916667
4155,39.91961569,20.49137001
1165,40.54872222,23.0195
4759,39.60738245,21.71285994
839,37.97208176,23.72583995
3193,40.48208259,21.29160599
5220,37.82964946,21.97171959
2900,37.9154989,23.72202567
2420,38.92476388,21.77624543
5251,37.69141659,23.14355125
3727,41.19618805,26.28570319
1512,40.56705556,22.98205556
3255,41.1780048,23.9715603
2754,37.98343636,23.74177078
2097,38.85138153,21.84224039
4302,39.13922643,21.80067499
93,37.81587516,23.77904187
5453,38.3598701,20.56084162
4898,37.99436111,22.94730556
4369,39.58939402,22.91920012
100,38.06463889,23.85030556
41702,38.8905,22.93872222
479,38.09524712,23.82424214
2789,38.01422275,23.82507014
5328,37.2872041,21.81721266
4660,39.67442497,21.56789444
597,38.08123555,23.68694841
4674,39.47883173,21.54417616
5776,37.05695104,22.11633277
696,37.95795052,23.70892374
3116,40.35246516,23.09355531
4167,39.26303484,20.92256399
4361,39.49034826,20.97622352
4049,39.531799,20.84484709
3856,40.90589029,24.34184729
5824,37.5208469,22.37824771
2060,38.41670549,21.97786348
5406,38.09294417,23.80934691
5602,38.02972087,22.94956867
5367,37.71281337,22.91575252
702,38.04509899,23.8040085
2082,38.51580751,22.16991953
5160,37.68335363,22.13058666
2126,38.18405085,23.2479918
3975,40.29053611,21.84076389
2139,37.9124968,23.74993075
4491,37.12444444,25.24044444
4363,39.7516516,20.64918724
3972,37.95405175,23.71617912
6305,37.61035749,26.13141649
2531,40.62674097,22.956509
5062,38.07125413,23.60184096
4123,40.30044445,21.78795156
874,37.99140108,23.81441368
2490,38.51523261,21.48691624
3735,37.36847222,23.10805556
4076,39.52887089,19.91017358
3192,40.30298995,23.10304352
1073,40.66516667,22.89491667
3350,41.57372069,26.53110202
3746,40.76791449,22.15705483
3931,41.0949749,23.55248373
2385,38.52952838,23.91000946
3927,41.04787078,22.78929595
284,37.94138876,23.64732265
41169,37.98848437,23.78727151
1793,39.87684466,25.06023444
439,38.03738889,23.78622222
1684,35.51344397,24.01643356
1351,37.97469509,23.76645133
41362,41.18414065,24.83647883
2958,37.85957838,23.78589547
6030,35.19392973,24.30552641
5017,38.25162302,21.74594354
6056,35.51326002,24.02178488
4620,39.14255381,20.96668818
4334,39.46340337,22.44651317
3376,41.51079204,26.3050994
5956,38.03624878,23.68923077
2324,38.46919444,23.96994444
2141,38.05403399,23.81119052
4698,37.82080556,23.80327778
5569,37.75917747,20.80874889
3403,41.11078477,23.64225436
5395,38.24542107,21.73539513
41019,37.01524395,25.24841636
6300,37.17432446,26.77755716
4899,39.86858935,22.54856052
3279,40.68472266,22.3012225
1648,35.40891353,26.94802959
1708,35.33224389,25.14551586
238,38.05721678,23.85737779
6393,35.31907147,23.6957267
5784,38.00333709,23.74020738
2404,38.04509644,23.80399943
41314,37.96714248,23.69464912
6047,37.44694047,25.39135539
2831,38.5690402,22.50882555
4354,39.34863889,20.62038889
4126,38.14363421,22.35657508
6331,35.32953591,25.12417819
5232,38.13364475,22.36873053
1294,40.69317594,23.65654107
5788,38.16742281,20.43726944
2303,38.37905069,22.10826835
950,37.9935,23.74969444
4613,37.49942621,22.37876417
206,37.90646641,23.74006894
4413,39.74250537,21.3788137
740,37.92736111,23.87191667
5989,37.9638139,23.62845824
41563,39.62597521,22.39736715
29,37.97111143,23.5766778
4085,37.75363134,21.88783443
1588,37.41332408,24.42783928
2424,37.94794444,24.0013057
2726,37.98160535,23.6786276
4378,36.9675,22.75416667
2445,38.41304382,21.24679954
3443,41.35897315,23.77816566
3047,40.31757457,22.59085475
5159,37.67663961,22.31039372
6252,38.34449241,26.12692885
5662,37.63123598,21.42639005
5769,37.85996483,23.76407884
2467,38.90363783,22.11514551
5737,38.30566372,21.80518451
5155,38.00981553,22.12229584
1627,35.44605994,24.23330948
2643,37.90384797,23.71875861
128,37.93777778,23.80066667
2419,38.18206433,23.04229463
324,38.02814073,23.79111812
5444,37.31677395,22.46917093
2819,37.87152284,23.77143561
3249,41.06468532,23.95650774
5201,37.74327355,20.93160116
2773,37.99690013,23.73619397
1529,40.61504166,22.97681273
130,37.72494418,23.45866307
522,37.94809357,23.61746846
2957,37.97312626,23.64378649
6539,36.05571769,27.97366077
1293,40.55444444,22.99711111
41117,40.70655556,22.76733333
5295,37.62307594,22.34061474
3042,40.41875,22.51711111
2026,38.65499092,22.99842017
2101,38.62386155,24.10189042
2615,37.97919725,23.69623907
3805,38.46486111,23.12188889
621,37.99064149,23.76976983
41699,40.52414497,23.78530439
6051,37.53984749,25.1621164
315,38.07470815,23.73956075
1620,36.43785082,28.22636918
6270,39.10562981,23.75938221
1400,38.07675323,23.77790639
19,38.193101,23.854853
6194,36.92296175,25.98831081
1502,40.64106367,22.92062224
5271,37.15334433,22.45140696
6475,37.7412501,26.9917803
4130,39.31322486,23.22523452
6210,36.77657349,27.12706379
3325,40.44898761,21.42804958
391,38.05941667,23.82761111
5541,37.93420803,23.88470333
677,37.97715824,23.62831758
3621,40.11897729,21.16575446
5249,37.38417695,22.56992051
678,38.02405556,23.83333333
369,37.95994642,23.68237398
6050,37.4308075,25.30810908
2768,37.97719254,23.23684928
41210,38.06123597,23.77333897
5613,37.1380614,21.81601713
4336,39.95877491,21.96429389
2160,38.32892315,23.13979353
1317,35.55119444,24.08052778
5991,38.0087487,23.7580268
209,37.92660935,23.7043795
108,37.98948504,23.84820614
5244,36.94939677,21.70368236
4230,39.31858671,21.49251888
79,37.97841289,23.73242619
4112,39.78147718,22.8358481
5202,37.51961993,21.64500842
135,38.04212956,23.54110542
5930,37.31812352,23.15760952
390,38.05244444,23.81666667
1582,37.53736111,25.16275
3801,40.84544225,25.87400017
4189,39.23746461,20.6011844
4287,39.77823246,21.45740599
3169,39.97566309,23.96332703
902,37.98437363,23.72885071
4673,39.4687198,21.53558542
1717,35.03047222,25.88091667
5275,36.7481863,22.44941776
4649,39.66520897,21.42580848
5111,37.40168294,22.13443464
3239,41.0877545,23.8462957
6440,35.29758333,25.38711111
481,37.95398763,23.64475875
4806,37.04206792,21.94414778
1415,36.35444725,28.01090108
107,38.00133333,23.94038889
5056,38.21968661,22.09006428
1043,37.55609401,26.11321439
3225,40.06145739,21.87874002
4743,39.10517349,21.13631405
6533,36.74725,24.52794444
31,37.95299019,23.63045073
44020,37.18983185,22.90385647
1763,36.15202527,27.93186063
1602,37.54358716,24.28463578
1230,40.62181303,22.95704036
1756,39.37565496,26.21970772
1221,40.61189232,22.98413509
5863,37.66534644,24.0355219
313,38.02059146,23.13496895
2520,38.92186598,24.56992145
6517,35.51332865,24.0169974
1767,39.92090299,25.10115164
3283,39.94649,21.75959598
6081,35.53338896,24.07701066
5750,37.16842819,22.5105868
1051,40.64719977,22.92182899
3402,41.17015471,23.16649344
2102,38.51505608,24.16854887
2185,38.61439022,21.52047756
2788,37.93848172,23.53487056
4505,39.64079478,22.41227042
3835,40.24211111,23.30083333
2036,38.48510243,23.54923406
37,37.9724485,23.64746201
4781,37.17896413,21.91857853
582,38.01235468,23.69471053
9021,37.98774852,23.72256496
2177,39.00068563,21.27128602
1942,35.46708333,23.79916667
2015,38.91370199,22.61708884
4466,39.11730492,23.08674732
6195,36.45219654,28.21743619
526,37.98019504,23.73547835
3567,40.34765402,23.31822211
4737,36.34204267,28.20225189
5816,38.0375452,23.75746388
1661,37.81090203,24.8508042
3173,40.48790195,23.59756849
4201,39.09766667,21.0365
637,37.87177613,23.73747985
1291,40.47675,22.992
2913,36.58327778,26.37541944
3297,40.14298749,21.91837017
15,38.2325072,23.85487837
2088,38.66694699,22.41810028
4672,39.60977421,22.44017525
3419,38.04210564,23.84453051
1020,40.61267802,22.96744475
6314,35.34755556,25.03738889
6225,37.5764755,26.48987569
5468,38.02364076,22.22452925
2362,38.89487217,22.27663186
3353,41.12864091,26.22572564
3691,40.43159028,22.22971536
41683,39.27034992,22.75003147
3583,40.32264137,23.02680249
6026,34.96891611,25.26934304
2223,38.30052225,23.28834123
6458,38.54623616,25.91546366
3138,40.85489545,25.92379988
41465,37.97672222,23.72625
6200,36.80945069,27.0982447
1079,40.65928638,22.89531352
5078,37.46502056,23.43676703
4511,39.45626218,21.25809703
2149,38.86535381,21.35558101
1454,40.7523177,23.06280993
2686,37.93359369,23.72188861
286,37.9928891,23.68981973
5268,37.2628112,22.51726745
6390,35.48997931,23.92109241
1444,36.14441667,29.57577778
288,38.21327924,23.32148711
6257,38.37535449,26.04492916
214,37.99913889,24.01455556
3912,40.6373328,21.70601025
223,38.03988889,23.80322222
1437,36.02444127,27.92114018
4690,38.19063889,26.02933333
6316,35.09067028,24.99516415
38,37.98965465,23.66504581
5162,38.03153181,22.11185015
3408,41.04448811,23.52952481
177,37.67164289,24.04666493
6541,36.81366667,27.18027778
6117,35.17672457,24.40575505
2244,38.29504439,24.15864184
1187,40.75206036,23.20906641
3709,40.30877705,23.39007465
1842,39.25211035,25.86767802
4447,39.28162974,21.50182567
824,37.97369763,23.65234728
3782,40.85147776,21.47777056
5532,38.14673478,20.78397058
4611,37.50929849,22.36497546
3925,40.5407225,22.30790761
4883,39.4325003,19.94216938
2922,37.96505556,23.61483333
3326,40.50635951,21.38043006
3416,40.06103431,21.20752998
5427,37.9519749,22.60291913
538,38.00423419,23.79296645
6207,36.99027778,25.1525
5002,38.29535415,21.78987728
4927,39.42582097,20.90571106
3577,40.35461367,23.6496129
1325,40.6751208,22.97060088
5026,38.23685424,21.72578321
3477,40.70792358,21.4191069
3182,40.62587648,21.97089039
4997,37.95464748,23.85965971
6246,39.31161631,26.31566178
1518,40.60784705,22.96378955
367,38.02677202,23.71823694
4594,39.70198936,20.78883711
3051,40.24621342,22.51331577
6548,36.32360256,28.20652571
6215,37.76989033,26.97653602
4389,39.71117531,19.80245713
3475,37.97020752,23.70780147
482,37.99600346,23.67974293
2827,37.9659971,23.88336166
341,38.0120308,23.66749279
1779,37.0018085,25.16695994
41310,38.01709144,23.78696156
6360,38.93390229,24.51607161
5015,38.13812726,21.62294423
5789,37.68303515,26.34432136
165,37.75200967,23.92936633
6003,37.43624718,24.93395555
5089,38.30437803,21.93960215
2354,38.55937652,22.00279658
1551,37.94590919,23.71297158
6303,36.62110161,24.91135068
41337,39.13722119,21.509621
933,40.68971579,22.80029816
5371,36.76313239,21.85239947
4215,39.31102959,21.77347183
1630,37.47063997,25.32191739
3968,36.69913431,24.47129919
30,37.96333785,23.61964103
5624,38.05211111,22.35572222
4127,39.85617712,19.37854737
1167,40.65379688,22.90228497
6027,37.04641558,25.17819719
991,37.86929414,23.90919273
1442,36.20258006,28.1049484
3955,37.42349614,24.94854661
1353,40.630859,22.94539254
4406,39.39498119,23.15577309
5422,38.09766667,22.44213889
5224,37.65479734,21.92715258
3018,40.060968,23.379599
914,37.986174,23.682282
22,38.19444669,23.35885812
6438,35.0784158,25.74931756
3449,40.72432833,21.74408129
5616,38.12890486,21.55115063
3346,40.76209208,22.49137205
4040,39.16227778,20.98586111
3383,40.30318869,23.08492234
3795,40.56817669,23.50733737
712,38.00083976,23.73475633
4732,39.21291519,20.53211555
5601,37.62743192,22.22017578
41553,40.59416321,23.01088236
2387,38.54347222,23.99002778
3313,40.03290102,21.93934019
2725,37.97308317,23.30239407
1889,38.94823952,23.14740105
1513,40.56297975,22.97745007
3644,41.04045893,25.07972368
41232,38.31555556,22.57125
1883,35.08058333,25.1635
3501,41.51515144,26.23973579
2944,38.01160454,23.71849968
553,37.93397378,23.88432721
2988,35.21694444,26.09755556
4021,39.34550597,22.82283798
4715,36.3706812,28.22268435
6451,37.61696755,25.12266527
5653,38.15086111,21.51880556
1309,40.66564648,22.90704691
2564,37.94641353,23.75615477
6067,35.34016667,24.24258333
3375,40.9809973,24.95267794
6162,36.72501489,24.435569
5383,37.28416195,22.38223459
1411,40.65424724,22.92402637
3085,41.16653547,24.16741834
1765,35.33486111,25.37991667
2457,38.97261247,22.10525906
3524,40.34086013,21.76645284
5804,38.24964531,21.73495081
6002,37.44487253,24.94380372
3365,41.22251,26.31343135
4210,39.83602817,21.87540119
5609,37.28904673,23.17154105
5998,37.96245151,23.52396643
5731,38.01016138,23.75969768
3819,40.10659,21.46260549
5649,37.73468302,22.47794065
899,37.93183373,23.88523217
3579,39.94892443,23.53179699
5558,36.44458797,22.48340392
3299,40.46503992,21.51949437
5311,37.66245111,22.92944745
4070,39.42435272,20.06479197
1781,35.24011733,24.98469868
5537,37.45835537,22.02998715
3049,40.27102095,22.51105808
5448,38.44919699,20.68631443
1189,40.66713132,22.91171897
4022,39.38411156,22.74704109
2137,38.59878984,23.86864966
1838,35.36546044,25.0200526
18,38.00393169,23.88335853
4477,39.13209371,22.89642506
1845,35.04608333,25.62158333
251,37.98183783,23.77007211
4635,39.3859105,23.1711377
5850,38.62583554,21.40992353
2285,38.70178655,22.27951736
1973,35.14811232,25.71966421
4083,39.23371111,20.94696801
643,37.78699519,23.8962291
1439,36.79833589,27.09338467
42,38.03146963,23.70925973
5798,38.00759647,24.01738574
5966,37.87704281,23.75607851
5867,37.98566401,23.73858831
5772,37.47841383,22.32567196
5358,37.90307568,21.36216612
1948,35.51058098,23.9790379
1006,40.68858644,22.85118036
5190,37.88557004,20.67735737
5172,38.25082323,20.6476678
2890,37.96673276,23.63866525
5554,38.06050591,23.69396909
41534,38.08126614,23.82653564
492,37.95840636,23.63623208
2241,38.40108853,24.17499569
41052,38.89908333,24.56066667
289,37.99527778,23.63166667
5447,37.72076501,20.96726615
1360,40.78679315,22.81700575
3117,41.13710024,26.29554317
6070,35.41094444,23.97641667
6480,35.62481727,27.10346699
2579,37.98618582,23.75865524
2443,38.88755214,22.44176761
6185,36.93287768,24.7339479
1241,40.60694444,22.95966667
366,38.04975,23.74986111
947,37.99264851,23.76413406
4195,39.64395122,19.85773435
3994,40.46854454,22.08969119
6366,37.68828675,26.91810734
3385,40.80817906,24.25465577
1124,40.67391453,22.91123942
1038,40.49883718,22.89789908
5685,37.74883735,20.70555778
6535,35.32979099,25.13214268
4407,39.85882154,22.72933233
35,37.95665449,23.65092479
6074,34.83702415,24.07332586
5645,38.04525,23.805
131,37.8127727,23.82641599
773,38.03570833,23.78659608
1695,36.57544315,27.18016136
5841,37.38240284,22.21161754
2087,38.57440221,23.64301955
4701,36.38473365,28.03434824
4762,39.77591923,22.50907989
2876,37.96419478,23.56669981
703,37.94528622,23.73987881
3388,40.92283333,24.62372222
210,37.99850397,23.79961612
5743,38.03002351,21.36329263
689,38.02996983,23.70107073
2682,37.90519444,22.87833333
2114,38.57147845,21.05467645
3484,41.4310928,26.55149894
1823,39.19670742,23.49127049
74,37.99747166,23.71685143
2247,38.04308333,23.58547222
4453,37.97668699,23.73610612
6377,35.0439781,25.5438507
939,37.95519417,23.68002994
3332,38.36336111,22.69333333
5838,37.68505081,22.50059453
6441,35.0889339,25.9197286
172,38.1724172,24.02322102
1653,35.33875365,25.13083961
6179,35.07230556,24.76622222
2667,37.94021753,23.75046511
3040,40.34370187,20.97842792
1907,37.42146719,25.39582036
572,37.92763417,23.69316906
1585,37.05119444,26.95741667
60,38.04313889,23.75366667
6437,35.19373485,25.58487137
3943,41.1846002,25.82664158
1814,37.58770517,24.29418537
3231,40.60246687,21.67554819
1096,40.79,22.76288889
1394,35.19721356,24.27521189
6221,37.75347567,26.97868955
3729,40.61944915,22.09190431
3672,37.96600224,23.62285065
5063,37.98109064,23.85172716
5390,37.86587221,22.92720306
3570,40.27774804,23.14709146
3363,40.88320089,26.04746874
2527,38.08565238,23.6943392
4348,39.61409783,21.46943596
6472,36.4620592,25.37380503
6206,36.94568757,26.97672781
5846,37.68471722,22.49234302
5272,37.02056491,22.56724344
4312,39.40883648,21.21723281
2566,37.92738275,23.69739649
2817,37.95821051,23.73192687
6219,37.73924162,26.94605764
3358,41.08959789,26.13412978
4357,39.22854232,20.13937856
3624,41.01209096,22.29559673
2224,38.92423751,21.79348719
3293,40.82981163,24.13214546
1915,35.33719269,25.13208004
2200,38.14449245,24.57863303
5755,37.93635644,22.92946425
2645,38.01907473,24.00008044
745,37.98574983,23.73062287
2027,38.61678652,23.12028737
4627,39.67651014,21.20916668
6006,37.41165245,24.87189762
3424,41.30214692,24.23275441
2122,38.50614621,21.10470118
2639,37.87221997,23.75883646
1837,37.07797844,25.51285138
1991,35.4035,24.99713889
2164,38.90905837,22.12736754
5700,37.17302959,22.89078844
196,37.83114692,23.86399823
5890,37.60838023,22.58932408
2661,38.13709181,23.85810593
5452,38.18028883,20.55893511
65,38.02130387,23.74970815
3187,40.44739629,21.23484163
706,38.00178978,23.75998481
3976,39.22348889,22.76866944
5102,37.48473899,21.6487836
5600,37.13462751,22.58594029
1409,40.61238889,22.99872222
5071,37.65445847,23.12549991
5116,37.93680229,21.26289669
42012,40.74125022,21.01788865
3652,40.22789191,23.62895383
4030,39.30507287,22.92278938
328,38.08102176,23.88204858
3996,40.63042486,22.07226282
4899,39.88956272,22.61048623
1839,37.53291406,26.00424526
1771,38.28431965,23.85922638
915,37.9665,23.789271
2002,38.35789715,23.57059465
1560,38.03556336,23.8353665
1414,35.32412458,24.67025255
1764,35.31537184,25.14765644
5837,37.69509084,22.52713221
3479,41.34555002,26.2427621
3538,40.8430017,21.76665968
1545,40.68864613,22.54202047
3417,40.13319489,23.39555083
2198,38.65267355,22.02571127
3656,41.34807757,26.43439267
3892,37.74453315,23.93562139
127,38.04014689,23.66205272
3008,40.16816667,24.27430556
90,37.88956524,23.75516342
6383,39.08420054,26.16564473
929,38.08990719,23.73780145
709,37.98779857,23.75326162
5207,37.88101963,23.87516394
5914,38.26425057,20.38241139
5654,37.91247791,22.9042959
6149,34.99413889,24.87136111
3307,41.07838279,22.48881221
4636,38.98954731,20.74153988
3256,41.35477602,23.84641447
2305,38.50505111,23.40144459
4184,39.37161898,21.18355183
6038,37.56142567,25.18516962
5400,37.70101891,21.95927929
4497,36.9123947,27.27983734
3759,38.04086389,23.84155828
4982,37.29586106,21.88342165
3600,41.30124925,26.10956041
231,37.94888579,23.65473196
5142,36.85092359,22.66612385
4868,39.63449067,22.41749812
6243,39.23763021,25.9773233
2555,37.94589309,23.75379494
42015,41.15017723,24.14693518
1910,35.56524443,24.0984008
4148,40.23291459,20.82229551
6411,38.52696609,26.21543096
5254,37.84058333,22.36347222
4819,39.49810044,22.55660917
1699,37.44565089,25.33577036
413,38.02194444,23.79205556
5080,37.39141036,23.22575892
6307,36.39253236,28.06853083
2267,38.47972229,21.70466623
2605,37.93002716,23.69478339
2428,38.37168664,21.43192744
6524,37.87052641,24.92976003
115,37.89117,23.872796
1799,37.9212607,23.93182571
3144,41.07557713,25.48157627
5404,38.0179994,23.80229628
5131,37.79600835,22.71212626
3669,40.23996362,22.57524026
3150,40.96011754,25.13581171
178,37.72586709,23.94539817
3594,40.72185445,21.52966652
3278,41.27462324,23.29283102
1449,40.47063889,22.86027778
5842,38.19225252,21.70032749
3549,40.94155375,24.39862526
3246,40.90785063,23.50180207
2974,37.95905386,23.61826231
2775,35.33970469,24.61975309
6103,36.23789025,28.01001047
6042,36.37643677,25.47751272
2495,39.1348401,22.31034845
414,37.95430227,23.75275397
6160,36.42865865,25.34319677
3633,40.3826405,22.11415489
1290,40.54220692,22.9882871
5257,38.08345732,23.80992182
2522,38.86095763,24.58512217
320,38.02330444,23.69168619
1300,37.02316031,25.11592072
41430,37.90016667,23.72277778
4231,39.428678,21.47009804
3210,40.19677504,21.464529
5341,38.109,21.78180556
5329,38.08169069,22.52628329
5479,37.22914969,22.86891831
2553,38.4601998,23.60398429
1239,40.64403619,22.94934813
5670,36.88139052,21.88626633
4810,39.35801858,22.95076116
620,37.99128809,23.77062645
3179,40.91246624,25.53429759
5242,36.51838173,22.3817741
4657,39.73354589,19.89706394
2644,35.33720801,25.12769629
14,38.24824249,23.74108975
1289,40.64323987,22.95411328
2145,38.95422978,23.15225617
5019,38.21961155,21.74191891
3044,40.08684329,21.39866223
2482,37.2378127,23.13672118
6128,35.21077105,24.44011584
5168,38.39479565,20.56650472
3177,40.33268186,23.72453962
5973,38.04274005,23.70343407
2780,37.95480936,23.7359179
41562,39.93698953,23.55386294
3829,40.45804708,21.30802839
2742,38.03640491,23.80217224
6379,35.31786111,25.17927778
3841,40.21555556,24.3225
3355,38.9734693,24.48873751
2370,39.20594021,21.62966874
236,38.1418215,23.84779307
4713,39.63452649,20.86576598
6369,36.02020848,27.8046592
4194,39.60013889,20.30763889
2166,39.07526668,21.44664066
44023,37.28901719,27.08482242
5928,37.93920861,23.73096293
3578,40.58459487,24.63736273
3247,41.30313413,23.70627545
6426,39.3433171,26.33223458
1721,40.58596037,22.95025263
616,37.92626506,23.69031077
5436,36.9747884,22.87025586
1734,34.94349598,24.87781767
5284,37.87807937,21.94669161
5615,37.92655337,22.93019995
4530,39.09078666,21.98439012
41332,37.33383179,24.41790866
3771,40.42427775,21.52250725
5273,36.90611907,22.64918729
1140,40.58136247,22.94651875
2830,37.94984349,23.68721392
1537,40.42502822,22.93570642
5830,37.70589239,21.3211921
126,37.671736,24.021797
2653,37.95515096,23.95798841
4704,38.16751649,23.8243728
5560,36.62991134,22.88693615
4485,37.11987834,25.23481251
4297,39.21516449,22.05435871
2511,38.24709527,22.79222987
1702,35.49309412,24.00169223
3384,40.6291125,22.94598951
2917,37.18274959,26.80318279
240,38.02883437,23.74429048
42059,40.32448484,22.30821815
1492,40.61834011,22.95222925
2436,38.9281405,22.38910383
4088,39.80097752,21.32830006
1825,37.09493522,25.37659269
741,37.88507606,23.75112982
0,38.06320092,23.80875475
2834,37.97983751,23.74651776
2549,37.98099303,24.0013178
4110,39.73763275,22.28625621
3959,37.94573326,23.72811933
5962,38.01342402,23.82220196
5348,36.67193316,22.40006671
6113,35.41372525,24.78087703
4229,39.50724335,21.694616
858,37.9460671,23.7734443
4090,39.77073848,21.66517071
3333,37.80268463,23.77013583
2772,37.8791018,23.75419953
5588,37.99833516,23.90475985
6283,35.47041915,27.16541591
2259,37.86133442,23.77011749
6110,35.09784027,24.68560063
4408,39.43489586,22.32819753
5067,38.15277791,22.31664209
3106,40.99316842,22.87582401
2233,38.61392941,21.40447063
515,38.03133333,23.79652778
3488,41.01311625,24.29470232
6143,35.31658333,25.39088889
2849,37.94236537,23.65103524
2110,38.03971979,24.34354041
6352,37.69078286,26.94375212
6191,36.89948653,25.97733339
2938,38.09219444,23.79697222
3043,40.41423282,22.60109666
4622,37.48325788,25.30967778
41391,39.55311738,19.9093225
4953,38.81103015,20.63936454
1665,39.04731347,26.19514618
1012,40.68783333,22.9505
3216,40.19477095,21.23449559
5611,37.97044092,21.32262776
5314,37.81650428,22.17369065
181,37.97100247,23.62148993
5728,37.977,23.79813889
1363,40.68207315,22.93001344
41448,38.90814621,21.84481462
462,37.9120038,23.71270761
41207,38.53120675,23.09415358
350,37.93903945,23.73495709
2238,39.09983307,22.16866668
6121,37.45569159,26.97050621
6398,39.94609146,25.22566291
1106,40.59400936,23.36509789
41834,38.06603425,23.55027478
1257,40.64446126,22.96526657
1499,40.69234261,22.81780393
4003,39.85980657,22.53051747
5657,37.32778274,23.15234807
41614,40.61355556,22.74461111
2030,38.27040925,23.77931317
4580,39.96739686,20.71822366
184,37.65919929,24.01591007
4801,39.66174983,20.85434844
2084,38.36372324,22.6328455
3306,41.01365096,23.11170826
4054,39.62891667,20.45663889
2307,38.91621733,22.30211438
1288,40.66942757,22.90969089
3328,40.64853525,21.3845654
3565,40.61594547,23.76924258
1198,40.63044053,22.95149425
607,38.03727778,23.82002778
5703,38.25012656,22.09334077
3067,38.04974563,23.84458275
4678,39.41807656,20.62010715
5811,37.95052642,23.69377097
41687,37.98925,23.78033333
4136,39.40286615,23.05211076
5510,38.19715308,21.95975585
1218,40.80059957,22.66902248
5299,37.51199073,22.32191705
3944,40.53641564,21.72703649
2927,38.01238889,23.78286111
41098,37.94540655,23.6329998
5164,38.18527491,20.61469849
5526,38.26934983,21.75316908
3693,40.6932959,22.28541825
5621,37.32862964,22.56271341
3706,41.29722706,23.92862795
2841,39.04288946,21.14107315
1797,37.08743903,25.20236266
1160,40.61638675,22.95452629
5318,37.72045491,20.85450704
4458,39.5680397,21.64912777
1341,40.63537938,22.94344552
3097,40.26999197,21.32773018
5065,38.14341706,21.5534528
1544,40.66789903,22.62075053
984,37.97156483,23.73678539
2108,38.34105845,24.08133572
2142,38.5355656,21.08064688
41123,38.52508333,23.67652778
6272,39.17820361,23.6171159
2796,38.01248487,23.62859548
6447,35.31499379,24.34664166
1670,37.54808614,25.21378811
2583,38.00680734,23.86461998
887,40.02627164,23.83284749
571,37.97514626,23.73259352
494,37.94593932,23.6221388
6013,35.97001058,27.75056185
4307,39.38677778,20.51752778
1532,35.11536111,24.91294444
972,37.87614869,23.97069281
4431,39.52444822,21.71748099
5900,38.90274453,22.43180929
2473,38.89130896,22.82186383
1091,40.70090332,23.40880713
3041,40.43661111,22.58702778
4393,39.54346759,20.74704243
2123,38.54184579,21.66358099
3500,40.02544444,23.37016667
5997,38.06603248,23.80946515
449,38.0905223,23.45868347
2090,38.86697201,21.98364967
1815,37.39961263,24.87738716
2017,38.90142127,22.43157405
5907,38.06828991,23.81603503
4126,38.14859784,22.34719924
5118,36.93040761,21.8565822
6222,37.70447086,26.94721881
5964,38.07801213,23.5126333
5994,37.96924281,23.64860334
821,37.8747545,24.01162694
1821,36.57902669,26.4107748
1592,37.34864798,26.56204044
2690,37.79420217,23.96107364
5673,37.43496605,21.83266986
6076,35.48732414,23.59452717
5871,36.53554172,23.12169777
1348,40.57686111,22.98894444
5165,38.15274594,20.49330281
179,38.09033351,23.797889
3110,40.39675836,22.11053414
2547,38.94224208,22.11665173
565,37.99361799,23.73046549
4439,39.89101642,20.62254312
6102,36.44216951,28.23009007
2697,37.9066022,22.88007084
3050,40.26743962,22.59217152
6127,35.41891667,24.69483333
5545,36.63489517,22.99521912
1039,40.61837419,22.95263796
3818,40.85756817,24.7034435
1041,37.95208646,23.73530376
2940,38.03830556,23.83977778
4554,40.03865017,20.88099041
3359,40.85717409,26.09121934
2080,38.37571313,22.38311812
3257,40.9479049,22.44803936
2743,38.00615146,23.88095837
4752,39.3595194,22.96696516
2226,38.89278153,21.61956174
2425,38.51145208,23.00342747
1664,35.31954668,25.14072348
470,38.01333559,23.78843042
2573,37.93271429,23.63069631
6015,36.34678654,28.20064069
5806,38.11197223,21.64042305
3731,40.93917989,24.42126143
2887,37.70648194,26.96575216
5313,37.54092522,22.93370344
5024,37.03556183,22.12660912
2116,38.89165411,21.11036071
357,37.94013435,23.64591505
47,38.11227778,23.7365
3703,40.23281915,23.6293545
4084,39.65764553,20.98364093
5876,37.95325334,23.69765982
970,37.97658859,23.7507691
75,37.98533333,23.73388889
5103,37.59612451,21.49019988
4410,39.66980126,21.66131183
6236,39.08150133,26.18405472
41280,40.97540045,24.70594864
2216,38.79629482,20.75941926
2812,38.01044444,23.78805556
2465,39.68083842,20.83536925
404,37.99858507,23.32127507
2865,37.98643952,23.72086021
5579,38.15977313,20.75958866
2776,37.97299632,23.75129059
4829,37.68080556,24.34311111
212,37.93851264,23.72069457
1104,40.63231309,22.94510478
2357,38.66321719,21.61124223
3171,40.16079694,24.29035066
4754,39.75777751,19.65944928
1615,36.94321266,24.75339085
3983,40.19398512,22.51690275
5324,37.00725784,21.84292743
41055,36.78641294,27.14780222
279,38.02973185,23.83011086
925,37.97619598,23.72562345
868,37.57243788,23.23994981
6420,36.86230549,27.1805533
1344,38.095164,23.97331494
4733,39.51909856,21.72719583
5902,36.48830707,22.42607164
2568,37.93982779,23.69718119
671,38.03475,23.85508333
472,37.99949232,23.74986085
2786,37.97590321,23.77609419
3657,41.08257847,24.27087255
1468,40.58622222,22.97394444
1618,37.962765,24.77895185
2202,38.75738895,20.62777773
686,37.9305,23.64477778
742,38.01448691,23.72822299
2162,37.88134919,23.73016674
4313,39.85076478,21.22777813
2692,38.89093944,22.45018331
5515,36.3455859,22.93810398
3530,40.938752,22.41953
567,37.98446655,23.72555548
2901,38.04386111,23.75488889
4320,39.8379127,22.77168779
4424,39.31864,22.24076206
4283,39.14459558,22.05119624
6019,36.23611111,28.15069444
2353,38.00080207,23.68576366
41436,40.5441013,21.65522691
2509,38.42181203,23.23320869
3448,40.74843115,24.73049515
4074,39.59867146,19.79717062
6277,37.38424879,26.73534525
2594,37.99248019,23.75616164
5297,36.80981014,21.74931294
1654,37.08933333,25.15725
1021,40.59777704,22.9650413
5209,37.34565851,22.76148121
5599,37.77613478,22.28009461
4914,39.36810836,22.93725476
809,37.94787273,23.70463367
4415,39.63942881,21.83012608
3697,37.06137349,22.0620494
441,38.05727778,23.77258333
1916,39.10884426,26.55784481
4159,39.39975438,21.73663916
2339,38.49389179,23.29182841
4667,39.64061772,20.86366232
5931,37.68063889,24.05977778
3396,39.94072222,23.58002778
3571,40.41992374,21.40421953
4033,39.28400284,22.74173087
819,38.03259628,23.68281327
760,38.00656075,23.72268726
426,37.98963885,23.70488558
3227,40.35593467,21.81851428
3489,40.99771316,25.19277555
1829,35.23978909,25.17883161
5738,37.8955586,21.76211485
2875,38.00864802,23.33278524
5226,38.11532088,23.86235024
3700,40.52223617,22.38851306
3330,40.56801878,21.50586045
4545,39.4503706,21.42196138
1009,40.64374742,22.91046321
3347,40.32571486,22.51070027
2299,39.01144578,21.97318899
4650,39.22389343,21.46355571
1028,40.50386808,22.92664123
6247,39.19957903,26.48444264
5618,37.6435,21.62947222
3645,40.25994113,23.4969174
4719,39.51195947,20.59033538
734,38.01247436,23.75313292
4971,37.9555452,23.95708842
3356,41.23918429,25.99932045
2560,38.00472151,23.7277842
4749,39.56372191,21.80749956
872,37.9859484,23.69777811
5974,37.89164873,23.76100872
4902,40.01120564,22.58212468
4340,39.51705507,22.46506651
1019,40.6150363,22.95644317
4391,39.0730648,22.80680971
2793,38.08395683,23.52683116
1758,35.33924108,25.13314889
2476,38.76649961,22.83057998
4984,38.30195733,26.14501784
6349,39.25749232,26.15234297
292,37.97442805,23.82247102
6133,35.33159303,25.11715397
562,37.93997376,23.70485534
6148,35.16994426,25.17924138
5504,37.96080452,22.9693038
3000,40.50593739,23.67966616
2034,37.25901944,23.15937778
561,38.01243604,23.72967686
1925,40.55827406,22.98791772
3109,41.15177744,24.13872044
3372,41.24373984,25.8583855
1030,40.46536312,22.86075308
3486,40.75413065,22.47219446
862,37.66520703,23.98702265
907,37.97958637,23.72837597
4780,39.55268426,21.76669629
6153,37.87719878,24.7812678
5495,37.0888991,22.22109958
6248,39.21064479,25.85487664
4656,39.41006989,21.97943725
5132,37.76676128,22.84570919
5083,37.37885254,23.15948881
5231,37.651018,22.46486099
5538,37.40306305,22.34003371
6424,39.044456,26.56739567
4315,39.17772222,23.50186111
5330,38.15310299,21.65314887
162,38.09442976,23.59526301
629,38.13262641,23.78316717
1535,40.46089184,22.98175301
3310,40.83040415,22.95921043
4239,39.57588437,21.11139198
6268,39.14785991,23.86624165
3302,41.08982731,22.78237425
3102,40.98713747,22.54336931
2300,38.79180143,22.08086321
6190,37.13580997,25.5401323
6358,37.55771174,24.29969889
4173,39.68028906,21.57212804
4742,39.63505908,22.41496267
750,37.99634072,23.72746951
1832,36.54586798,26.30183704
5507,38.01556794,23.74400203
5766,36.24730897,22.95325162
2310,38.39944071,21.83582023
644,38.02330968,23.73476539
6138,35.32934337,25.25894148
1103,40.57515932,22.94849083
5013,38.17362904,21.70363116
5873,37.99586345,23.7344679
317,37.96485191,23.49798361
381,37.76584869,23.4621788
1435,37.42147726,25.39908704
3361,40.04584009,21.77233152
4349,39.79715191,21.32891081
3202,40.76735518,21.25429784
5334,38.25875485,21.74448112
4107,39.54257298,21.79042085
2113,38.80760602,20.98457781
3666,41.44701587,24.30298705
2859,37.84161309,23.76511785
4438,39.64530556,20.80586111
4512,39.33838889,20.99422222
5012,38.19613121,21.72671639
3861,40.81225921,24.18672399
3112,40.33767972,23.12595428
4223,39.43289638,21.55239589
2869,37.30854915,26.54879665
1928,35.34305556,24.5895
3052,40.23878177,22.45425198
2413,38.46188889,23.49533333
2075,39.10735606,22.33029043
2286,38.4413049,23.8058752
5028,37.92500486,23.01910457
3954,41.13087441,24.886147
2051,38.62404109,21.4103128
1778,35.12585357,25.36593307
2161,38.62928288,22.76298607
631,37.97803118,23.74624527
61,38.02302778,23.80183333
41128,38.9131204,22.4254876
765,37.99344444,23.77575
1237,40.60837108,22.95368183
2248,38.63807953,22.59152984
5555,36.81002546,21.80885822
4420,39.67173877,21.3677091
70,37.99369217,23.76617261
4671,39.68307078,20.82618416
3320,40.78664676,21.6827982
1726,35.28326725,23.75204366
4787,39.65572966,20.96074855
5398,38.24393965,21.73794357
121,37.80744899,23.97775968
4096,39.45868008,21.62150666
5409,38.03427707,22.93169832
6170,37.38030677,24.43605295
5643,38.01283833,22.70644352
5411,37.41134769,23.11415753
5808,37.60143936,22.73065497
3836,40.51387167,21.6799916
5606,37.82246145,21.29532003
5293,37.90182845,22.68038379
1324,35.24630556,25.73013889
32,37.93407373,23.64070464
2991,37.986713,23.76176263
2115,38.66938702,20.94660943
628,38.00806789,23.83658759
1323,40.63582132,22.94091828
1672,36.41907138,28.20128654
2371,38.46060943,22.49561889
5143,37.05667535,22.39027072
1865,36.76169433,27.10332209
5317,37.6726001,21.4352986
3875,40.88418795,21.40555219
3087,40.89705556,22.55002778
2392,38.36701348,23.15219874
6193,36.82956662,25.88447909
3547,40.63712723,22.38792296
3802,37.97369444,23.85605556
1345,38.10335564,23.96945413
2191,38.57472222,21.93269444
1092,40.67824809,23.64912846
1812,35.51607498,24.02063519
5760,38.2967564,21.8107444
6261,38.53957793,25.56284318
2750,37.97784943,23.24957404
681,37.93645053,23.9447256
1450,40.46402778,22.86841667
2119,38.64534863,20.5874511
455,37.99690059,23.78112997
5965,38.0141381,23.67402315
6347,35.05289823,25.41164249
5471,38.03122716,22.09948003
615,37.86328107,23.75052554
4117,40.25460428,22.07509269
5971,35.49967704,23.84159215
5312,37.50010151,22.52224432
2612,37.94133881,23.64973426
5470,37.76395445,23.12165558
442,37.84869444,24.04230556
684,37.93059095,23.94387528
3456,40.92297748,22.48656861
6249,36.10154024,28.07359109
2811,37.86904387,23.75881636
456,37.95687968,23.70297846
5563,38.07928865,20.76323932
4634,39.58194444,22.46833333
3639,40.36218641,22.56262354
4751,39.62469791,21.73761173
897,38.06122222,23.76180556
1352,40.592048,22.9664844
4075,39.62078177,19.91976394
3425,40.20850072,24.22679478
3626,40.92265574,23.43300924
4516,39.60887527,19.77887967
2096,38.93096711,21.79989763
6218,37.78893548,26.67679097
5977,37.99277971,22.34757397
1156,40.67458033,22.71198601
4802,39.34117788,21.90518501
2222,38.4299936,22.33544269
6253,38.31400244,26.14977242
3083,40.73053826,24.66095646
6084,35.49432031,23.88862046
42016,41.14639747,24.14684875
3114,40.65672905,24.68712131
1924,35.49066667,23.62827778
6060,35.50009771,23.73819375
3708,41.14251637,25.68427878
5540,38.05030303,23.72988297
57,38.045111,23.804
5107,37.03447072,22.11179568
1470,40.48594444,22.94588889
103,38.02044147,24.0068907
4160,39.55707962,21.76669458
847,37.99197324,23.72329967
4843,39.35418745,23.20597571
5280,36.80413139,22.85094137
225,38.06889084,23.71021972
5285,38.26665995,21.74336956
4370,39.35784322,22.79874535
1616,37.75642622,24.90677514
41245,38.04491262,23.67278642
6419,36.96850597,27.02733061
2861,38.02801885,23.98225104
1501,40.60105877,22.95923574
1015,40.65494712,22.95257112
2567,39.5566744,21.76839485
1875,39.08009872,26.3711549
720,37.26532839,23.12436024
3038,40.45575669,22.19988106
1072,40.64108605,22.93468432
6259,38.542725,26.15554446
3918,40.67548056,21.96907671
3063,40.24066931,23.67413883
1423,40.6434043,22.96984335
4444,39.88127972,20.70466478
1619,35.36150271,24.41909271
5561,38.19394089,20.43628944
2722,37.9560759,23.73883696
477,37.99051833,23.71572656
443,37.94384487,23.75676297
3032,40.64094444,22.5315
5474,38.21125954,22.13387438
1662,40.6310807,22.95254766
2543,38.90449999,22.42841448
1320,38.08972238,23.81916395
5265,37.6711259,21.43436868
5413,37.63046806,22.76458132
3957,40.15299245,22.54606489
3300,40.29285632,21.88076689
3788,41.23070011,25.45901519
3550,40.73923293,22.27050943
4891,39.70735863,22.11744219
6131,35.32838889,25.13625
2987,37.96706493,23.73362354
3407,41.34728032,23.32341945
5623,37.89661424,22.72830105
5855,37.80691007,21.30337654
49,38.13672249,23.83230436
2815,37.982951,23.760456
4770,39.82758962,22.79778835
3650,41.11755275,25.4053755
6220,38.16943476,26.01859183
5544,37.78287762,22.24761706
4612,36.77612128,27.13445011
1759,37.96471414,23.20687169
3737,40.88282655,24.27324797
4586,39.44263992,20.39620696
6299,36.71978381,25.28129492
185,37.96159306,23.65617588
3141,40.84536491,25.87392151
5315,38.10186201,22.41091129
3349,41.40770646,26.41828716
2376,37.97610023,23.76136635
4166,39.77349125,19.86142333
2950,38.02969545,23.68504194
4894,39.61535758,22.39933654
