siteid,latitude,longitude
0000,38.06428164,23.80935875
0001,37.98691622,23.72464819
0002,37.94754514,23.73908656
0003,37.96621039,23.74580958
0004,38.01738217,23.73678033
0005,37.99551544,23.67522383
0006,38.06723211,23.98301553
0007,38.32724119,23.73456158
0008,38.32116286,23.79724578
0009,38.2853425,23.71623447
0010,38.29672108,23.90277628
0011,38.28552269,23.88059133
0012,38.27548633,23.83340219
0014,38.24931981,23.74169683
0015,38.23358425,23.85548269
0016,38.21520603,23.87649725
0018,38.00501319,23.88396033
0019,38.19417886,23.855457
0020,38.13225453,23.19538058
0021,38.03109394,23.65540622
0022,38.19552708,23.3594735
0025,38.03729975,23.77500564
0026,38.06583625,23.51338289
0027,38.05128053,23.58757044
0028,37.96502864,23.57225647
0029,37.97219517,23.57728633
0030,37.96442153,23.62024853
0031,37.95407403,23.63105789
0032,37.93515789,23.64131142
0033,37.94693422,23.6472545
0034,37.95511386,23.67016994
0035,37.95773814,23.65153153
0036,37.96527778,23.65138889
0037,37.97353186,23.64806894
0038,37.99073817,23.66564267
0040,38.01401592,23.65981453
0041,38.00930175,23.69936806
0042,38.0325515,23.70986575
0043,38.038869,23.69183486
0044,38.05475583,23.72106067
0045,38.07916428,23.70430097
0046,38.08110844,23.73655053
0047,38.11335789,23.73710606
0048,38.12966297,23.75905011
0049,38.13780158,23.83290842
0050,38.12991575,23.85774464
0051,38.11200358,23.84280861
0052,38.09815789,23.80679064
0053,38.089358,23.80877089
0054,38.07458047,23.81415953
0055,38.05002531,23.83668658
0056,38.05505314,23.80715953
0057,38.04619211,23.80460394
0058,38.04999778,23.78849325
0059,38.05460889,23.76763264
0060,38.04422028,23.75427175
0061,38.02410933,23.80243714
0062,38.01273936,23.82676408
0063,38.01122047,23.84935264
0064,38.03285128,23.73628667
0065,38.02238572,23.75031314
0066,38.00777644,23.7770765
0067,38.01126783,23.72413364
0068,38.00400172,23.73237022
0069,37.99689956,23.73680294
0070,37.9947745,23.766777
0071,37.99822064,23.79678181
0072,37.99032986,23.75169728
0073,37.99479169,23.73142739
0074,37.99855417,23.71745697
0075,37.98641597,23.73449394
0076,37.98172928,23.73695058
0077,37.98325028,23.76352536
0078,37.97555675,23.74975439
0079,37.97949569,23.73303122
0080,37.98071992,23.72720839
0081,37.97823842,23.68537131
0082,37.97715319,23.71136133
0083,37.96520108,23.72596994
0084,37.96246633,23.75271481
0085,37.95972222,23.73277778
0086,37.95329981,23.70643981
0087,37.94713269,23.69394675
0088,37.94807161,23.71614278
0089,37.92904467,23.75044781
0090,37.89064969,23.75576722
0091,37.86666667,23.74583333
0092,37.84583333,23.765
0093,37.81696094,23.77964453
0094,38.00722222,23.88138889
0095,38.02611111,23.83388889
0096,38.11382725,23.98171486
0097,38.08619053,23.97785031
0098,37.94036853,23.94434436
0099,38.07138889,23.94166667
0100,38.06571936,23.85090861
0101,37.96886519,23.75145564
0102,37.97312425,23.73200419
0103,38.02152203,24.00748981
0104,38.02767897,23.99963633
0105,37.96955447,23.75921481
0106,37.76929508,21.29643022
0107,38.00241461,23.94098936
0108,37.99055419,23.84879692
0109,37.95438889,23.85452239
0110,37.96898722,23.91903347
0111,37.97361111,23.99722222
0112,37.97110239,24.00603969
0113,38.03454742,23.81892447
0114,37.92008956,24.02658536
0115,37.89225383,23.87339711
0116,37.88429931,23.93603286
0117,37.88774825,24.00443014
0118,37.9435865,24.01034378
0119,37.84536244,23.92849975
0121,37.80853394,23.97835772
0122,37.79667647,24.06447211
0124,37.71467939,24.05467367
0125,38.03024819,23.78971542
0126,37.67282342,24.02239294
0127,38.04122081,23.66263494
0128,37.93886103,23.80126981
0129,37.94386947,23.73357869
0130,37.72603342,23.45927228
0131,37.81385831,23.82701753
0132,37.82543406,23.80965561
0133,37.83790028,23.80010036
0134,38.10381664,23.67438778
0135,38.04321208,23.54171536
0136,38.33699631,23.7245865
0137,37.71086989,23.35045239
0139,37.98874914,23.76085447
0140,37.99040075,23.76519819
0141,37.98910092,23.75214028
0143,37.94476681,23.69409303
0144,37.98403081,23.71425714
0145,37.984799,23.73096722
0146,37.98117478,23.71924256
0147,37.98391689,23.75641608
0148,38.20438036,23.96466861
0149,37.97388814,23.73091006
0150,37.9675,23.73027778
0151,37.97272717,23.66482014
0152,37.98197806,23.73287694
0153,37.96235253,23.71086028
0154,37.96293203,23.72366189
0155,38.00325911,23.74242897
0156,37.95866622,23.73525561
0157,37.96761681,23.74915775
0159,37.95501931,23.71434853
0160,37.92166667,23.70194444
0161,38.07260825,23.82110378
0162,38.09551094,23.59587214
0163,37.98825389,23.76664281
0164,38.03927578,23.78752094
0165,37.75309597,23.92996503
0167,40.58927425,22.96141675
0168,38.02005383,23.80713147
0169,38.10933731,23.88088992
0170,37.9675,23.715
0171,37.97587792,23.72826325
0172,38.17349461,24.02382097
0173,37.79206639,23.88160694
0174,38.15595981,23.96478969
0175,37.95833822,23.76380906
0176,37.74856497,23.90893461
0177,37.67273017,24.04726031
0178,37.72695381,23.94599631
0179,38.09141372,23.79849347
0181,37.972086,23.62209744
0182,37.94766711,23.66671742
0183,37.94447553,23.64761278
0184,37.66028697,24.01650606
0185,37.96267658,23.65678253
0186,38.02116511,23.76860458
0187,37.896444,24.0423195
0188,37.96440881,23.69143064
0189,38.01805686,23.75539019
0190,37.97892364,23.63444131
0191,37.96954103,23.70008894
0192,37.99170297,23.68768342
0193,38.05432131,23.50273531
0194,38.13688711,23.40935064
0195,37.95800397,23.70139075
0196,37.83223197,23.86459906
0197,38.04906614,23.54288619
0198,37.98456678,23.74630122
0199,38.01278822,23.60595078
0200,37.87638889,23.75694444
0201,37.95958422,23.69992283
0202,37.94785233,23.71252497
0203,38.02238972,23.8198065
0204,37.90613261,23.75435539
0205,37.91212742,23.71201258
0206,37.90755061,23.74067322
0207,37.92338514,23.72295592
0208,38.14464986,23.35616539
0209,37.92769333,23.70498475
0210,37.99958603,23.80021978
0212,37.93959631,23.72129956
0213,37.93614597,23.74486592
0214,38.00021983,24.01515431
0215,38.02008033,23.68217258
0216,38.03598264,23.70647172
0218,38.0029585,23.74038639
0219,37.94232561,23.69072297
0221,37.8379305,23.77770106
0222,37.85268425,23.75392058
0223,38.04097008,23.80382614
0224,37.97573014,23.69947214
0225,38.06997194,23.71082603
0226,37.99278014,23.67778961
0228,38.044581,23.82904781
0229,37.96306217,23.72608342
0230,38.00796761,23.73283808
0231,37.94996958,23.65533853
0232,37.94753914,23.67820136
0233,37.98369544,23.672365
0234,37.94583333,23.56555556
0235,38.01944444,23.91194444
0236,38.14290042,23.84839681
0238,38.05829736,23.85798061
0239,38.00020356,23.74024081
0240,38.02991611,23.74489567
0241,38.11077447,23.76018883
0243,37.96022222,23.92288889
0244,37.99457472,23.73153042
0245,37.93876994,23.75980517
0246,38.105781,23.84811233
0247,38.03447031,23.78996531
0248,38.07833058,23.78121586
0250,38.0701085,23.78254908
0251,37.98292036,23.77067633
0252,38.06063664,23.74935533
0253,38.06833333,23.81027778
0254,37.99207611,23.72645028
0255,38.03669228,23.82568672
0256,38.04805556,23.76444444
0257,38.04505369,23.73707772
0258,38.03340544,23.74574414
0259,38.03497042,23.76513256
0260,37.97590925,23.71982139
0261,38.04867511,23.84706822
0262,38.02920636,23.7553685
0263,37.97712639,23.72811353
0264,38.086,23.9645
0265,38.01730406,23.77238222
0267,38.00914953,23.80540631
0268,38.00972222,23.74861111
0270,38.05317742,23.64804544
0272,38.02482594,23.69534803
0273,38.09891372,23.73793925
0274,38.04990592,23.7160045
0275,38.02956586,23.68538586
0276,38.20170283,23.829938
0278,38.82333333,22.68602778
0279,38.03081311,23.83071408
0281,37.9767245,24.00888756
0283,38.05442319,23.70665347
0284,37.94247275,23.64792933
0285,37.99537639,23.34762756
0286,37.99397183,23.69042586
0287,37.97387022,23.222123
0288,38.21435947,23.3221035
0289,37.99636075,23.63227417
0291,37.97719806,23.73122533
0292,37.97551047,23.82307397
0293,37.88678797,23.74049736
0294,37.906877,23.76717078
0296,38.08421097,23.73766514
0297,38.02874269,23.44917989
0298,37.75701369,23.51846375
0299,37.91884972,23.43158942
0300,37.95647247,23.52909719
0301,37.77062172,23.49514239
0302,37.7489825,23.43020231
0303,37.74557067,23.53563997
0304,37.69250861,23.45839308
0305,37.50139922,23.45299642
0306,37.35021147,23.46617
0307,37.26922833,23.15551722
0308,37.91921489,23.47897192
0309,38.05695506,23.52927317
0310,38.07913603,23.7972155
0311,38.01527778,23.82666667
0313,38.02167653,23.13558797
0314,37.72722222,23.535
0315,38.07578897,23.74016642
0316,37.89904283,23.7226345
0317,37.96593619,23.49859389
0318,37.97748208,23.73517686
0319,37.85930225,23.75351811
0320,38.02438656,23.69229253
0321,37.97980086,23.75899261
0322,38.00603658,23.42553703
0323,38.07055328,23.71930056
0324,38.02922222,23.79172222
0325,38.02164539,23.82877292
0326,38.09288564,23.82196506
0328,38.08210172,23.88265103
0329,38.00150364,23.70778239
0330,38.02385903,23.86021361
0331,37.93428331,23.70517772
0332,37.97055556,23.65833333
0333,38.01611711,23.75488272
0336,38.06051089,23.78818444
0337,38.05958067,23.8388255
0338,38.01888889,23.84583333
0339,38.02077186,23.75730483
0340,37.94231075,23.6524995
0341,38.01311325,23.66809958
0342,38.0299145,23.85226939
0343,37.94580358,23.65541758
0344,37.93856972,23.70134256
0345,37.93349758,23.70219997
0346,37.94007222,23.71277403
0347,38.03287697,23.72894467
0348,37.92741333,23.71627922
0349,37.92721036,23.73619844
0350,37.94012303,23.73556175
0351,37.95722217,23.72621614
0353,37.95744508,23.76499014
0354,38.07283072,23.77388267
0355,37.97250011,23.77279589
0356,37.99801061,23.82646528
0357,37.94121836,23.64652175
0358,38.01451664,23.70835617
0359,38.01677542,23.72118517
0360,37.99039942,23.80640508
0361,38.02594258,23.80771483
0363,37.98850683,23.73089069
0364,37.98207347,23.73125422
0365,38.01253844,23.81482514
0366,38.05083128,23.75046633
0367,38.02785392,23.71884269
0368,38.03860517,23.73456028
0369,37.96102983,23.68298003
0370,37.93248247,23.64694378
0371,37.96305556,23.69944444
0372,38.06644214,23.74157778
0373,38.02597939,23.68343942
0374,37.93830842,23.65904017
0375,38.09280253,23.77377172
0376,38.02666667,23.81861111
0377,38.00339958,23.88542208
0378,38.02310031,23.71075653
0379,38.01446553,23.70749669
0380,38.02111111,23.81388889
0381,37.76693711,23.46278825
0382,38.01794283,23.79479839
0383,38.00706619,23.79937717
0384,37.95734683,23.66422511
0385,37.99576861,23.72442322
0386,37.85611111,23.76722222
0387,37.89073628,23.7627155
0389,37.99865653,23.75954383
0390,38.05352533,23.81727039
0391,38.06049736,23.82821464
0392,37.91777778,23.745
0393,37.95746953,23.71525089
0394,37.93589042,23.72939611
0396,37.97365208,23.745481
0397,37.99906536,23.36519892
0400,37.97504106,23.74028083
0403,37.96264647,23.74745567
0404,37.99966961,23.32188967
0405,37.98328319,23.32033464
0406,37.41023467,25.30956356
0409,37.95766614,23.81865847
0410,38.04138889,23.80361111
0411,37.98919736,23.74682839
0412,38.06945778,23.78944572
0413,38.02302606,23.79265958
0414,37.95538544,23.75335836
0415,38.17274561,23.72999558
0416,37.90027094,23.87408228
0417,37.96383553,23.59717631
0418,37.94273208,23.68832506
0419,38.00455525,23.88550456
0421,38.0148665,23.82169303
0422,38.01258736,23.70733178
0423,37.97964019,23.75354508
0426,37.99072156,23.70549133
0427,37.9826695,23.72325378
0428,38.00722222,23.7825
0429,38.01112489,23.73619022
0431,37.94812656,23.98720244
0432,37.80775636,23.92448183
0433,37.73466831,24.01051428
0434,37.76722222,24.07527778
0435,37.98716658,23.67381325
0436,38.28527778,23.88
0437,37.88658322,24.01318119
0438,38.042691,23.72445697
0439,38.03847022,23.78682653
0441,38.05835881,23.77318811
0442,37.84977825,24.04290244
0443,37.94492822,23.75736717
0444,38.06802508,23.80821517
0445,37.96382211,23.71660153
0446,37.99315019,23.68347842
0447,38.16765814,23.33879842
0448,38.21676214,23.94881058
0449,38.09160428,23.45929569
0450,38.06541558,23.78342744
0451,37.98888889,23.64722222
0452,38.00555556,23.6675
0454,38.06564083,23.68762294
0455,37.99798278,23.78173406
0456,37.95796306,23.703584
0459,37.95914197,23.75412561
0460,37.99184922,23.72147125
0462,37.91308803,23.71331256
0463,35.30584561,25.42073439
0464,37.92424947,23.70132839
0465,37.95305556,23.73333333
0467,37.91891258,23.72802194
0468,37.86397125,23.75294472
0469,37.98585839,23.64225228
0470,38.01441742,23.78903447
0471,38.03861111,23.67388889
0472,38.00057461,23.75046567
0473,37.8127965,23.78345522
0474,37.97490272,23.72726781
0475,37.80631311,23.77163483
0476,37.97875464,23.72606981
0477,37.99160097,23.71633208
0478,37.96861111,23.72517303
0479,38.09632711,23.82484603
0480,37.98432458,23.73502911
0481,37.95507136,23.64536558
0482,37.99708617,23.68034933
0483,40.23968708,24.30258369
0484,37.97705169,23.65616825
0485,38.05308081,23.83310336
0486,37.95830553,23.71893853
0487,38.02381772,23.73130567
0488,38.03572028,23.79107639
0489,37.9730945,23.69193953
0490,38.01516667,24.01419444
0491,37.80191667,23.77102919
0492,37.95949006,23.63683917
0493,37.98522394,23.65717883
0494,37.94702333,23.62274608
0495,37.95194978,23.63641317
0496,38.04699442,23.73980939
0497,37.93147225,23.63530758
0500,37.97883769,23.74389114
0501,37.97926203,23.73559083
0502,37.94387175,23.66745217
0503,37.92805367,23.63481417
0504,37.94564639,23.74454461
0505,38.02796447,23.64524931
0506,38.10308025,23.74599467
0507,37.93975286,23.72723314
0508,38.03680356,23.79571519
0509,37.98088011,23.72947739
0510,38.03527778,23.80083333
0511,37.97901792,23.73773353
0512,37.94276911,23.87464308
0513,37.89419783,23.73688383
0514,37.9505435,23.77010903
0515,38.03241475,23.79713178
0516,37.95460358,23.6986585
0517,37.97766217,23.73666647
0518,38.06152561,23.73046689
0519,38.00556439,23.71508658
0520,37.95679594,23.61278411
0521,38.03680356,23.79571519
0522,37.94917756,23.61807589
0523,41.03161111,24.28072222
0524,37.97773794,23.65176314
0525,37.96478358,23.56208278
0526,37.98127778,23.73608333
0527,37.93290969,23.68610667
0530,37.97827528,23.74011772
0531,37.937606,23.63774119
0532,37.97222186,23.72935506
0534,37.97394914,23.72125939
0536,38.00819286,23.827992
0537,37.98487739,23.72784008
0538,38.00531617,23.79357033
0539,37.97590003,23.72117719
0540,38.002495,23.69681383
0541,37.97010508,23.72958242
0542,37.96476197,23.67753494
0543,37.97705453,23.72376058
0545,38.02448744,23.78691675
0546,37.98690225,23.73031339
0547,37.88552811,23.92823869
0548,37.97190925,23.63158267
0551,37.98397403,23.73395147
0552,37.97948,23.733428
0553,37.93505669,23.88492842
0556,37.96751364,23.49170247
0558,37.94658742,23.95929358
0560,37.97887897,23.72147481
0561,38.01351817,23.73028225
0562,37.94105747,23.70546069
0563,37.93758294,23.69217022
0564,37.99441939,23.73211453
0565,37.9947005,23.73107069
0567,37.98554928,23.72616072
0568,38.09351106,23.69391853
0570,37.96666667,23.63916667
0571,37.97622911,23.73319853
0572,37.92871819,23.69377458
0576,38.122275,23.79402275
0578,38.01298564,23.68914322
0579,38.09269097,23.86263078
0581,38.07388889,23.75555556
0582,38.013437,23.69531672
0583,37.98437244,23.72819011
0584,37.97901264,23.77095144
0585,38.0600255,23.75699406
0586,38.10633361,23.76537736
0587,38.01784581,23.60621
0588,38.08407267,23.81897803
0589,38.08105269,23.78993792
0590,40.60747514,23.00467311
0591,37.98053625,23.73942222
0592,38.00915486,23.67214267
0593,38.00724819,23.70006194
0594,37.96186894,24.00592161
0597,38.08231653,23.68755533
0599,37.99537111,23.34153875
0600,38.01251406,23.75403678
0601,38.03805556,23.75416667
0602,37.65194444,24.02669444
0603,38.08818194,23.71456603
0605,37.97895489,23.79040097
0606,37.36609772,23.07612517
0607,38.03835894,23.82063131
0608,37.94275119,23.69850025
0609,37.977688,23.74089139
0611,38.08998317,23.62298797
0612,38.00666667,23.875
0613,37.99798256,23.69097183
0615,37.86436608,23.75112922
0616,37.92734911,23.69091636
0618,38.06302106,23.71462978
0619,37.99502675,23.76699328
0620,37.99237044,23.77123072
0621,37.99172386,23.77037411
0622,37.97062756,23.75911308
0623,37.96520667,23.70821661
0624,38.00353778,23.72702547
0625,38.00006222,23.72313481
0627,37.52274906,23.49226419
0628,38.00914956,23.8371905
0629,38.13370586,23.78377233
0630,38.083857,23.87838089
0631,37.97911392,23.74685
0632,37.94162983,23.65006539
0633,38.01227678,23.72926369
0635,38.03908122,23.80818714
0636,37.98003311,23.74176658
0637,37.87286103,23.73808392
0638,37.97833244,23.72978492
0639,38.01451069,23.83118969
0640,37.98739911,23.75792867
0642,38.04916667,23.69583333
0643,37.78808097,23.89682883
0644,38.02439158,23.73537075
0645,38.00958164,23.84074172
0646,37.97573633,23.73695586
0647,37.72831503,24.03837761
0648,38.02047736,23.92178281
0649,37.92419336,23.75557422
0650,37.91968133,23.93313489
0651,38.06946972,23.76666058
0652,37.98751394,23.91485558
0653,37.86093586,23.78437247
0654,38.80388506,21.26527956
0655,37.94434156,23.72096103
0656,37.95594861,23.68179203
0657,37.96915908,23.70973747
0658,37.95769033,23.69294539
0659,37.88685083,23.46406136
0660,37.96620261,23.75050786
0661,38.04663672,23.78810433
0662,37.96368872,23.66347644
0663,37.89358444,23.75777483
0664,37.99891439,23.70342192
0665,37.98646556,23.72002781
0666,38.23138889,23.86027778
0667,38.09066364,23.78674361
0669,37.97710461,23.64278767
0671,38.03583106,23.85568603
0672,38.05194444,23.81055556
0673,38.04458097,23.83551989
0674,37.97323275,23.88080778
0675,37.96307294,23.70451794
0676,37.98133469,23.76616186
0677,37.97824161,23.628925
0678,38.02513692,23.83393644
0679,38.13901406,23.84131194
0680,37.95492089,23.74013656
0681,37.93753308,23.94532544
0682,37.94083333,23.94888889
0683,37.93403961,23.94198197
0684,37.93167361,23.94447508
0685,38.05720542,23.84591803
0686,37.93158419,23.64538442
0689,38.03105175,23.70167692
0690,38.03352994,23.68966222
0691,37.84669444,23.77005556
0692,37.93399111,23.71505678
0694,38.02258147,23.82146447
0696,37.95903386,23.70952914
0697,37.99981667,23.76845292
0698,37.96910614,23.761639
0699,38.07833333,23.8125
0700,38.06005311,23.79202103
0701,37.85790814,23.78032761
0703,37.94636964,23.74048342
0704,37.98860744,23.75571861
0705,37.98116394,23.74492383
0706,38.00287197,23.76058942
0707,37.99769419,23.74484611
0708,37.97537544,23.47734939
0709,37.98888108,23.75386628
0710,38.00694444,23.66527778
0711,37.96724778,23.77090653
0712,38.00192211,23.7353615
0713,38.02841489,23.78513203
0714,38.04047019,23.78482658
0716,37.97773819,23.74105342
0718,38.01083333,23.6475
0719,38.07858033,23.82740925
0720,37.26642828,23.12497328
0721,37.90915489,23.73426611
0722,38.02772222,23.76016667
0732,37.96809339,23.67245928
0733,38.05752008,23.63330828
0734,38.01355636,23.75373778
0736,38.01701547,23.69319261
0739,37.91625292,23.75290092
0740,37.92844422,23.87251811
0741,37.88616061,23.75173367
0742,38.015569,23.72882842
0744,37.98989808,23.72928558
0745,37.9868325,23.731228
0750,37.99742319,23.72807481
0751,37.97730969,23.73440017
0752,38.12081092,23.85941056
0753,37.87449061,24.01964311
0754,38.08102514,23.74610558
0755,37.96692525,23.51660128
0756,38.15266264,23.73738414
0758,37.9925,23.73277778
0759,37.96397011,23.76153994
0760,38.00764303,23.72329275
0761,38.04866461,23.75707728
0762,38.11791314,23.77454967
0763,37.97950331,23.74089586
0764,37.34921822,23.46238303
0765,37.99452672,23.77635417
0766,38.00660389,23.66455656
0768,37.25969444,23.163
0769,37.94733792,23.64335925
0770,37.94833333,23.65111111
0771,38.02328092,23.84850444
0772,37.99110561,23.73446478
0773,38.03678972,23.78720036
0774,37.26459694,23.16327392
0775,38.03732717,23.78934056
0776,37.98117861,23.71470417
0777,38.03622586,23.78809872
0781,37.99875233,23.72414939
0782,38.04258125,23.78813208
0784,37.98000267,23.77155789
0785,37.98470858,23.73766681
0786,37.96544444,23.73961111
0787,37.84869064,23.75528883
0789,37.81527778,23.78027778
0791,38.03555556,23.79611111
0792,38.03583333,23.795
0793,37.97868267,23.73159247
0796,38.035,23.79555556
0797,37.92241131,23.70289319
0798,37.97713281,23.72611622
0799,37.92460828,23.724237
0800,38.0175,23.87
0802,37.90027778,23.72666667
0804,38.02708903,23.81158967
0805,38.09113606,23.745439
0806,37.98583333,23.72861111
0807,37.97606383,23.73593394
0808,38.07008983,23.61705261
0809,37.94895628,23.70523911
0810,37.985,23.7275
0813,37.97777778,23.85861111
0814,37.89972222,23.72805556
0815,37.98360133,23.73575406
0816,38.14416269,23.75907803
0817,38.00861119,23.86284008
0818,37.97743156,23.73382294
0819,38.03367825,23.68341989
0821,37.87583794,24.01222475
0822,38.00923294,23.86789117
0823,37.98082675,23.64624017
0824,37.97478094,23.65295411
0826,37.99228906,23.68287144
0827,37.88677325,23.75891469
0828,37.97610886,23.67268631
0829,38.03622025,23.79377078
0830,38.03888689,23.78460436
0831,38.03888889,23.78583333
0834,37.95447228,23.180273
0836,37.8636335,23.75002372
0837,37.98509128,23.72445136
0838,37.98701417,23.76404314
0839,37.97316472,23.72644508
0840,37.9975,23.73277778
0841,37.89501294,23.72374194
0842,38.00122267,23.73405917
0843,37.99244594,23.73031072
0844,37.94722222,23.66416667
0845,37.98848844,23.72756036
0846,38.001,23.66255556
0847,37.99305581,23.72390503
0848,37.97250328,23.72846314
0849,38.001078,23.788089
0850,37.97133164,23.7257595
0851,37.98185,23.72643792
0853,37.98388889,23.73333333
0854,37.97208661,23.72462517
0856,37.99988994,23.73392542
0857,37.97361111,23.73388889
0858,37.94715033,23.77404814
0860,37.97827225,23.28575183
0862,37.66629475,23.98761933
0863,37.99082886,23.67732642
0865,37.98503003,23.73052728
0866,37.97810031,23.74431931
0867,38.09792786,23.79646669
0868,37.57353125,23.24056272
0869,37.97121956,23.99560725
0870,38.04763525,23.99706744
0872,37.98703122,23.698384
0874,37.99248319,23.81501694
0875,38.00085842,23.78595319
0876,37.99427189,23.77688978
0877,37.98513828,23.72863297
0878,37.97659508,23.73556722
0879,37.99926814,23.72331331
0881,37.97886961,23.74399536
0882,37.9777775,23.74309928
0883,38.00323286,23.83488403
0884,38.04635892,23.79427086
0885,38.02927628,23.72677228
0886,38.07533039,23.82990917
0887,40.02731078,23.83346786
0888,37.94081053,23.69241483
0889,38.04827547,23.80860389
0890,38.04069239,23.79140978
0891,38.02491461,23.73658272
0892,38.04402569,23.78435439
0893,37.86593628,23.74878919
0894,38.07433072,23.76827169
0895,37.96748272,23.91064683
0896,37.94433775,23.71071722
0897,38.06230322,23.76241061
0898,37.94419019,23.64552069
0899,37.93292694,23.88583353
0900,37.99902522,23.73184425
0901,37.92551467,23.69871833
0902,37.98545633,23.72945589
0903,37.98361111,23.72611111
0905,37.98687381,23.72787322
0906,38.00309706,23.73461375
0907,37.98066917,23.72898111
0908,37.94689228,23.64488033
0909,37.94120492,23.64287797
0910,37.94344936,23.64844514
0911,37.94029589,23.64880503
0912,37.93959608,23.66206336
0913,37.92838825,23.64016719
0914,37.98725692,23.68288825
0915,37.96758275,23.78987464
0916,37.94027778,23.63277778
0917,37.93671625,23.62539814
0918,37.90027778,23.75
0919,37.884337,23.76363622
0920,37.89638889,23.73083333
0921,38.01426711,23.69117256
0922,37.97861111,23.755
0924,37.958056,23.62644064
0925,37.97727886,23.72622864
0926,37.97215572,23.70953153
0927,37.97027778,23.71
0928,38.15306728,23.97658992
0929,38.09098772,23.73840728
0930,37.97451861,23.74310625
0931,37.91319867,23.710701
0932,37.98513828,23.72868853
0933,40.69074572,22.80094911
0935,37.99413642,23.73064175
0936,37.94918153,23.64328467
0937,37.94580489,23.66535286
0938,38.02087269,23.73237875
0939,37.95627769,23.680636
0940,-1.016944444,-1.016944444
0942,37.97888889,23.74555556
0943,37.9910095,23.7445395
0944,37.94341667,23.69625
0946,37.99916667,23.74472222
0947,37.99373086,23.7647385
0948,38.04747017,23.76599375
0950,37.99458242,23.75029922
0951,37.26680556,23.15683333
0952,37.94059372,23.944763
0953,38.03338681,23.82393672
0955,37.77289358,23.51266394
0956,37.71388069,23.52319758
0958,37.96016219,23.75489678
0960,37.97799456,23.73572111
0962,37.87525917,23.72902808
0963,37.74501103,23.48052283
0964,37.97113069,23.74109867
0966,37.804472,23.76960778
0967,37.97234797,23.88079397
0969,38.03444444,23.79388889
0970,37.97767133,23.75137369
0972,37.87723231,23.97129156
0973,37.88166667,23.96472222
0974,38.08326094,23.66974642
0976,37.77022714,23.48141461
0979,37.93627936,23.65210006
0980,38.10088575,23.76718858
0984,37.97264775,23.73739028
0985,37.88088286,23.76823156
0986,37.80388889,23.76944444
0987,38.03902581,23.78124331
0988,38.04623322,23.77807656
0989,38.03952578,23.78438214
0990,38.02997053,23.76246589
0991,37.87037822,23.90979283
0992,38.00309406,23.90639858
0993,38.08214531,23.81499375
0999,38.10211111,23.67272222
1001,40.61474114,22.68587194
1002,40.62516164,22.73736325
1003,40.71680753,22.72948622
1004,40.70626089,22.79000181
1005,40.67182922,22.80696208
1006,40.68961611,22.85183011
1007,40.65280556,22.87319444
1008,40.66816392,22.89704547
1009,40.64477778,22.91111111
1010,40.65552778,22.92736111
1011,40.66159592,22.93569744
1012,40.68886247,22.95114739
1013,40.64099278,22.93499444
1014,40.64863889,22.94744444
1015,40.655977,22.95321814
1016,40.63487544,22.94478944
1017,40.63678669,22.95546664
1018,40.62722222,22.95516667
1019,40.61606706,22.95708972
1020,40.61370878,22.968091
1021,40.59880814,22.96568747
1022,40.59243864,22.95834097
1023,40.58572858,23.03212339
1024,40.63380758,23.05619992
1025,40.40833333,22.08444444
1026,40.55797517,22.9887515
1027,40.54144719,23.02875094
1028,40.50490153,22.92728742
1029,40.48195342,23.13937247
1030,40.46639778,22.86140044
1031,40.42491242,22.92573128
1032,40.4625,22.98333333
1033,40.45864514,23.00819939
1036,35.51897303,24.09113097
1037,40.64541875,22.99681256
1038,40.49987089,22.89854589
1039,40.61940489,22.95328461
1040,36.86889417,22.31641197
1041,37.95316978,23.73590853
1042,40.72033375,22.99142453
1043,37.55717358,26.11376136
1044,38.02312672,23.79790225
1045,40.67807903,22.89844281
1046,40.67138889,22.935
1048,40.67888889,22.93913889
1049,40.65402778,22.91061111
1050,40.63065617,22.77971342
1051,40.64823,22.92247667
1052,40.64997222,22.93630556
1053,40.660838,22.95392853
1054,40.64176867,22.94227608
1055,40.63623192,22.93605225
1056,40.65738911,22.93567461
1057,39.25537686,25.93460242
1058,40.61547511,22.97686831
1060,37.97845478,23.71357469
1061,38.02206469,23.79960111
1062,40.67499728,22.93027622
1064,40.58352047,22.98115869
1065,40.59095036,23.03331692
1066,40.58366214,22.95080197
1067,40.56749308,22.96799792
1069,37.83728711,20.64959131
1070,40.51500511,22.98633933
1071,40.38336894,23.02819819
1072,40.64211633,22.93533164
1073,40.66619664,22.89556514
1075,39.67525517,20.84073222
1077,38.02154667,23.7985625
1078,40.60811411,22.98481247
1079,40.66031647,22.89596194
1080,37.97973522,23.71098289
1081,40.59916667,22.98166667
1083,40.59105556,22.94777778
1085,40.73316411,22.60433831
1086,40.73170636,22.91818725
1087,40.47144175,22.96943575
1088,40.74937856,23.07026692
1090,40.61872633,23.23283631
1091,40.70192961,23.40944381
1092,40.67927358,23.64975919
1093,40.72219086,23.70718533
1095,40.77908369,22.57552314
1096,40.79102786,22.76354169
1098,40.97097583,23.22110547
1099,41.01551525,23.28921083
1101,40.64991361,22.95999236
1103,40.57619103,22.94913717
1104,40.63334353,22.94575175
1105,40.50029733,22.87857758
1106,40.59503833,23.36573458
1107,40.79023153,23.35477164
1108,40.67791667,22.92644444
1109,40.49677475,22.83485714
1110,40.81943294,23.35888625
1111,40.62169928,22.96287553
1112,40.5860765,22.96039853
1113,38.10505158,23.91382417
1114,37.56437361,22.79940061
1115,38.02262281,23.80102686
1117,37.41125475,21.91379653
1118,40.66133333,22.96461111
1119,40.61172917,22.96050244
1120,40.66251222,22.94672489
1122,40.766695,22.71191583
1124,40.67494419,22.91188761
1125,40.5521985,23.02228328
1126,40.67887261,22.98591428
1127,40.63306178,22.94350236
1130,39.67288819,20.86088614
1132,40.64113658,22.94522542
1134,40.66855806,22.58838911
1135,40.63944664,22.93942969
1136,40.69921747,22.80370256
1137,40.52425494,22.97800628
1140,40.58239406,22.94716519
1141,40.60188117,22.97055989
1142,37.9350795,23.88496097
1144,40.52082467,23.20572047
1145,40.63667681,22.94133644
1146,-1.016944444,-1.016944444
1147,-1.016944444,-1.016944444
1148,40.66050139,22.88721392
1151,40.57800378,22.96675706
1153,40.64386111,22.93227778
1154,40.64007878,22.94454256
1155,40.66081617,22.91087589
1156,40.67561111,22.71263889
1159,40.61949806,22.95532683
1160,40.6174175,22.95517289
1161,40.61524908,22.95487983
1162,35.29255436,25.44094383
1163,37.94885111,23.73199317
1164,40.56650397,22.98200658
1165,40.54975414,23.02014442
1166,40.61459667,22.97164322
1167,40.65482706,22.90293317
1169,40.60532928,22.95604864
1170,38.03607522,23.800601
1174,40.66361111,22.90222222
1175,40.48886981,22.97869056
1176,40.68952778,22.91013889
1179,40.63582139,22.93967108
1181,40.61027778,22.97083333
1182,35.32343081,24.67321286
1184,40.66480881,22.71329164
1185,40.75089994,23.38723328
1186,40.62736703,23.440939
1187,40.75308658,23.20970831
1188,40.733095,22.69122028
1189,40.66816114,22.91236708
1190,40.63730297,22.93704847
1191,40.63594586,22.93799028
1193,40.63103297,22.94802994
1196,40.63543122,22.94715933
1198,40.63147097,22.95214106
1200,39.09956442,22.86524569
1201,40.60061492,22.95523292
1202,40.60663831,22.96435803
1203,40.63277886,22.94686139
1204,37.98988889,23.79402778
1205,40.64123992,22.93687372
1206,37.89426272,23.95094772
1207,40.62945408,22.94662506
1209,40.62420503,22.96419042
1210,40.5226715,23.00142239
1214,35.33177775,25.26443264
1215,40.76974192,23.47673394
1216,40.74477414,23.59009058
1217,38.02914572,23.80246744
1218,40.80162772,22.66967761
1219,40.68694136,22.85977747
1221,40.612923,22.98478094
1223,40.80787419,23.15794564
1225,40.61145256,22.95790469
1227,40.60138889,22.96
1228,40.61305556,22.96222222
1229,40.61136739,22.95432128
1230,40.62284364,22.95768694
1231,40.65661833,22.86343839
1233,40.68897222,23.00075
1236,35.24331869,25.73181733
1237,40.609402,22.95432836
1238,40.63256656,22.94813106
1239,40.64506633,22.94999511
1241,40.60797536,22.96031306
1243,40.81581175,23.03973131
1244,40.62226742,22.95431342
1245,40.67826906,22.95136578
1248,40.57485367,23.28591894
1250,40.62944444,22.94888889
1252,40.63882544,22.9493625
1253,40.63714617,22.95344794
1255,40.63565847,22.95088086
1257,40.64549131,22.96591319
1258,40.60055556,22.95194444
1259,40.66541444,23.69685172
1260,40.58547586,22.9653405
1261,40.62920028,22.95143156
1262,40.63416667,22.95
1263,40.63371456,22.94842675
1264,37.46142381,23.04667864
1267,40.60861111,22.96388889
1269,40.63537375,22.94249722
1270,40.6294645,22.96515933
1271,40.50853306,22.98006164
1274,40.56644847,22.96485386
1275,40.45220886,22.90059475
1276,40.70158203,22.88953272
1277,40.58550328,23.02564464
1278,37.97338261,23.65578606
1279,35.33762869,25.13470847
1280,37.56832283,22.79892489
1281,40.63477536,22.95211419
1282,40.64659481,22.94221481
1283,35.29745981,25.42407303
1284,38.88156772,23.35341167
1288,40.67045736,22.91033906
1289,40.64427,22.95476014
1290,40.54323914,22.98893219
1291,40.47778369,22.99264439
1292,40.60369425,23.57968725
1293,40.55547633,22.99775611
1294,40.69420106,23.65717178
1295,40.415025,23.01031203
1296,40.51777367,23.28492183
1297,40.61612736,22.96387069
1298,40.66103594,22.79941508
1299,40.66078133,22.97360822
1300,37.02425492,25.11648669
1301,40.62722222,22.9675
1303,40.66229639,22.94714592
1304,40.66664669,22.92134728
1307,40.63315503,22.95166472
1309,40.66667636,22.90769511
1311,40.67809461,22.98597144
1312,40.66446317,22.90862331
1317,35.55232094,24.08110633
1318,40.63761564,22.94315678
1319,40.6303805,22.94902
1320,38.0908025,23.81976792
1322,40.60681525,22.96885536
1323,40.63685169,22.94156539
1324,35.24742975,25.7306785
1325,40.67615011,22.97124767
1326,40.61115422,22.96273692
1328,37.96114708,23.6974555
1330,40.65555556,22.96083333
1331,38.10063736,23.81912872
1334,40.62972222,22.94833333
1336,40.63130978,22.95397486
1337,40.63013017,22.94970819
1338,40.60308997,22.96463853
1339,40.67919825,22.92552972
1340,40.76881767,22.66463492
1341,40.63640975,22.94409256
1342,40.60119764,22.97675706
1343,38.08808722,23.98402958
1344,38.09624322,23.97391542
1345,38.10443472,23.97005478
1347,40.54158767,23.01744997
1348,40.57789256,22.98958986
1351,37.97580011,23.76720183
1352,40.59307922,22.96713047
1353,40.63188944,22.9460395
1355,40.60295542,22.95398825
1356,40.64381708,22.84460775
1357,40.69948361,22.83423394
1358,40.46677194,22.87485831
1359,38.11927311,23.99151694
1360,40.78782078,22.81765725
1361,40.74086817,22.87344322
1362,39.54575481,20.78837147
1363,40.68310253,22.93066125
1365,37.89442364,23.99076939
1369,40.59993086,22.998901
1371,40.67740003,22.89404528
1372,40.56947625,22.956535
1374,40.63177856,22.94325856
1375,38.00336886,23.905583
1376,40.61292894,22.98513653
1380,40.43955883,23.1432855
1381,39.99083211,23.61515072
1382,38.33916761,23.67120783
1383,40.75200128,23.69551217
1384,38.29573089,23.91939858
1386,40.50514464,22.90817442
1387,36.44506639,28.22768819
1389,40.50171522,22.87774122
1390,40.52842144,22.98892272
1391,37.92601994,23.702521
1392,40.70695036,22.58756544
1393,40.58675361,22.96195169
1394,35.19834525,24.27578361
1395,40.64184486,22.920414
1396,40.57745489,22.94697422
1397,40.57388889,22.95277778
1399,40.66152506,22.92791972
1400,38.07783333,23.77836111
1402,40.67360181,22.96117967
1403,40.66218242,22.96894878
1404,40.64405672,22.96961083
1405,40.63508964,22.972843
1407,40.62309214,22.98198047
1408,40.61539172,22.98809025
1409,40.61341947,22.99936775
1410,40.60035533,22.99786325
1411,40.65527731,22.92467406
1413,40.58608697,22.96059061
1414,35.32525225,24.67081636
1415,36.35542772,28.01132822
1416,40.58871267,22.94289881
1417,38.03121133,23.83345225
1418,38.09175817,23.73059319
1419,37.0641465,25.10997686
1420,40.6325,22.94194444
1421,37.672947,24.325714
1423,40.64443433,22.97048986
1424,40.68072269,22.90630281
1426,40.63266725,22.9536655
1427,40.58200378,22.95189633
1429,40.49919994,22.92752058
1433,40.73253969,22.91735383
1435,37.42256283,25.3996495
1436,38.05378006,23.82828081
1437,36.02554214,27.92163506
1439,36.79942578,27.09390364
1442,36.20367689,28.10544017
1443,36.16887658,27.78344342
1444,36.14550875,29.57623511
1445,40.65388889,22.92222222
1446,40.66384214,22.90191472
1447,40.46277778,22.86027778
1449,40.47167344,22.86092519
1450,40.46506244,22.86906383
1452,40.60172322,22.95445969
1453,40.59491314,22.95683653
1454,40.75334475,23.06345528
1456,40.58928103,23.01667267
1460,40.46434181,22.97362128
1461,40.66900431,22.91115692
1462,40.49172792,22.97378383
1463,40.63998911,22.94561064
1464,40.54970397,22.99077603
1465,40.66665819,22.92999847
1467,40.65210128,22.92532389
1468,40.58725353,22.97459031
1470,40.48697817,22.94653444
1471,38.03275381,23.81079422
1472,40.5925,23.03083333
1476,40.57950369,22.97681239
1477,40.59773828,22.95823031
1478,37.43472519,25.34732133
1479,40.58414261,22.95364631
1480,40.16278556,23.72824525
1481,40.60063939,22.95215303
1482,36.40439703,25.46640381
1483,40.61815511,22.95948331
1484,35.32740356,25.07013828
1485,40.63427878,22.940245
1486,40.63444444,22.93972222
1487,37.10477483,25.266606
1489,40.62833333,22.95666667
1490,40.60114908,22.95124472
1492,40.61937081,22.95287592
1493,40.74551225,23.04364469
1494,39.66867678,20.85631444
1495,36.46621503,25.37380606
1496,40.60908489,22.95405775
1498,40.65916667,22.95694444
1499,40.69337239,22.8184545
1500,40.60776144,22.95374792
1501,40.60208983,22.95988208
1502,40.64209403,22.92126989
1503,40.54289844,23.08875878
1505,40.720873,23.01903083
1506,40.716984,22.9657475
1509,40.63484167,22.94024297
1510,40.65328853,22.82684367
1511,40.7192615,22.69744289
1512,40.56808725,22.98270103
1513,40.56401156,22.97809561
1514,40.59266975,23.03358894
1515,40.64028839,22.85659653
1516,40.65153861,22.92165892
1517,36.41796567,25.4324155
1518,40.60887794,22.96443586
1520,37.96520933,23.75928333
1521,40.66017033,22.94453317
1522,40.61251531,22.97159497
1524,40.47911694,22.87686706
1525,40.65222247,22.94016083
1526,37.9461815,23.70062317
1527,35.33855319,25.13071261
1528,39.4819855,20.88323586
1529,40.61607231,22.97745878
1532,35.11649125,24.91350144
1533,38.03702275,23.97014217
1534,40.57547614,22.95156294
1535,40.46192594,22.98239747
1537,40.42606339,22.93635164
1540,35.34138889,25.13444444
1542,38.0185895,23.81203381
1544,40.66893047,22.6214055
1545,40.68967756,22.5426775
1546,40.62646742,22.95415639
1547,40.67456872,22.94372022
1551,37.94699275,23.71357681
1552,37.99122664,23.76079811
1553,38.03216058,23.83888219
1556,36.765646,27.11748358
1558,38.07388117,23.83688647
1559,37.01623517,25.13331394
1560,38.0366445,23.83596967
1561,38.05549747,23.82515911
1562,37.5537365,25.11834669
1565,37.98495333,23.87079625
1566,36.97326253,25.05973356
1567,37.95768439,23.75019019
1569,40.67333508,22.89650917
1570,37.99713731,23.86835208
1574,37.22922208,23.16823353
1575,38.0187465,23.70880106
1576,35.33767092,25.13521472
1578,38.00862308,23.70483567
1579,37.44416881,25.32820314
1580,38.00385233,23.67382658
1581,37.97357628,23.73469817
1582,37.53844553,25.16331875
1583,37.54044553,25.15829111
1584,37.416586,25.33403614
1585,37.05228008,26.9579405
1587,36.38691069,25.43013756
1588,37.41441453,24.42842392
1589,37.44634544,25.32652919
1590,37.44600928,25.32874656
1591,37.39184222,24.39840625
1592,37.34972958,26.56257553
1596,37.4185905,24.39866869
1598,37.10713825,25.37568128
1600,35.37468294,24.54526142
1601,37.86197775,24.78596
1602,37.54467578,24.28522472
1603,37.38740503,24.45508519
1604,35.53456806,24.07617117
1605,35.52555556,24.07555556
1606,35.52874436,24.07402847
1607,35.22888889,25.66305556
1608,35.328534,25.13420242
1609,35.31348889,24.69078553
1610,35.33306975,25.15202536
1612,35.34174631,25.12023333
1613,36.44506408,28.21229636
1615,36.94305556,24.75333333
1616,37.75750756,24.90735147
1617,37.83041861,24.80671
1618,37.96384283,24.77953272
1619,35.36263092,24.41966239
1620,36.43894275,28.22685961
1621,37.42617594,24.9474145
1623,35.36817325,23.56476222
1624,38.31417314,26.15381578
1626,35.31333333,25.13972222
1627,35.44718756,24.23388389
1628,35.06435131,25.34238042
1629,35.20131981,25.64790228
1630,37.47172494,25.32248197
1631,35.29680475,25.72531881
1632,39.21196481,26.44889192
1633,37.12592597,25.23853592
1635,35.35691894,24.48429531
1637,36.61965378,27.16857722
1639,36.46165158,25.39384103
1640,40.52146944,22.97751389
1641,36.42764167,28.21267258
1642,35.04699114,26.23207372
1643,35.06949178,24.97238869
1644,38.55360994,26.09805075
1645,38.29654428,26.12359533
1646,36.35041219,25.38601211
1647,35.13316503,26.03112794
1648,35.41002956,26.94854281
1650,38.32698589,21.94005117
1651,37.13227975,25.42924483
1653,35.33987894,25.13139325
1654,37.0904265,25.15781553
1655,35.19007203,25.71769097
1656,35.32734153,25.12730008
1657,35.33583044,25.14450347
1658,35.32351564,25.12781842
1659,36.42229086,25.46450103
1660,35.31104236,25.15027525
1661,37.81198256,24.85138225
1662,40.63209914,22.95320436
1663,35.46167325,23.82606992
1664,35.32067225,25.14127678
1665,39.04836194,26.19570253
1667,39.11780322,26.51250083
1670,37.54917011,25.21435578
1671,37.47083478,25.39191731
1672,36.42016375,28.20177744
1673,40.65468122,22.93963553
1674,35.34056564,25.12193603
1675,38.29275522,25.93676714
1676,35.33735394,25.07901514
1677,35.1442245,25.52000547
1678,35.41416806,23.69052464
1679,35.33992175,25.13609414
1682,35.07630686,25.71099442
1683,36.42144544,28.16093736
1684,35.51457144,24.01701325
1685,36.44894381,28.22150961
1687,36.44002989,28.23142244
1690,35.26709417,24.89202886
1691,35.36509475,24.48868686
1692,37.41273706,25.33257761
1693,36.8705705,27.13792581
1694,36.72415878,25.33623019
1695,36.57653689,27.18067686
1696,37.96012847,23.76304947
1697,35.48531594,27.12045881
1698,37.29998131,26.74318439
1699,37.44673628,25.33633444
1700,38.96305556,20.75102778
1701,37.48655836,25.3431975
1702,35.49422203,24.00227211
1703,35.30750414,25.08880775
1704,35.22592333,24.82617956
1705,35.32074603,25.54979853
1706,36.95314311,26.95443992
1707,35.93971203,27.75438225
1708,35.33336922,25.14606914
1709,37.12329692,25.23690125
1710,35.37319861,24.84170669
1711,35.27328681,25.71307061
1713,35.51402036,24.02087878
1715,38.30844358,23.85768411
1716,39.12420431,23.72905469
1717,35.03159944,25.88145147
1718,37.02131506,25.11979761
1720,36.12423244,28.06044492
1721,40.58699183,22.95089906
1722,37.13092992,24.46394975
1724,37.3251655,26.54353533
1725,35.51363778,23.96820017
1726,35.28439997,23.75262756
1727,35.33367489,25.12138961
1728,35.37800475,24.87831053
1729,37.39849744,24.40172731
1730,37.44436842,24.42616444
1731,35.47270417,23.8612855
1732,39.16234028,23.48864011
1733,36.38250319,28.22451689
1734,34.94462919,24.87837428
1735,35.00281539,25.79684658
1736,38.46252594,25.96125864
1737,38.29971133,26.01646606
1738,38.50943544,26.07615597
1741,35.19092081,25.71818753
1744,35.19168075,25.72167833
1745,36.41141919,25.44748542
1746,37.44084508,25.41820433
1747,39.16168714,23.50377986
1748,37.44768733,25.32948992
1749,36.44534181,28.22460164
1750,37.38103317,24.91010114
1752,35.32350669,25.16823942
1753,36.37139611,25.46027711
1754,39.26696725,26.07153975
1755,38.98797286,26.50567794
1756,39.37669625,26.22026608
1758,35.34036633,25.1337025
1759,37.96580556,23.20747222
1760,35.36626675,24.47756842
1763,36.15312375,27.93235608
1764,35.31649747,25.14820956
1765,35.33598533,25.38046472
1766,37.68167056,26.34666269
1767,39.92193786,25.10174108
1768,37.30582364,26.56478519
1769,35.33999503,25.13441433
1770,35.21388614,25.16033653
1771,38.28536111,23.85975
1772,36.22646092,27.81705861
1773,36.07952656,28.0609825
1774,37.63986706,24.33472075
1777,36.35595411,25.44478614
1778,35.12698147,25.36648003
1779,37.00290328,25.16752458
1780,36.31502269,28.16079422
1781,35.241245,24.98525492
1782,39.19387625,23.92684428
1783,35.35959192,24.57158222
1784,35.34018081,25.13580356
1785,36.44860767,28.22510803
1786,35.98272011,27.86575861
1787,36.43059214,28.21479622
1789,36.44991939,28.22311042
1790,39.953105,25.14935803
1791,39.86631044,25.17474056
1792,35.58590558,27.17838833
1793,39.87788072,25.06082447
1794,35.3426135,24.39737592
1795,35.33335558,25.37982858
1796,37.63211528,26.2173295
1797,37.088532,25.20292714
1798,37.05470003,25.20393153
1799,37.92234361,23.93242572
1801,37.42381161,25.32680283
1802,35.32404228,25.11841494
1803,35.337931,25.10594308
1804,35.33721864,25.10577097
1805,37.41081144,25.31071258
1806,35.36832228,24.47859617
1807,36.72865308,25.26699406
1808,36.61809153,24.94967764
1809,37.42725733,24.91282039
1810,35.40949203,24.14465453
1811,37.40793344,24.967435
1812,35.51720239,24.02121481
1813,36.61722547,27.82020056
1814,37.58879286,24.29477442
1815,37.40070114,24.87796142
1816,37.44765133,24.906182
1817,35.33544508,25.16009558
1819,35.33982006,25.0580275
1820,36.93929261,25.60528603
1821,36.58012375,26.411308
1823,39.19776639,23.49189144
1824,36.78492544,25.80687381
1825,37.09602722,25.37715322
1827,37.89585989,23.98426244
1828,36.66763508,24.49379436
1829,35.24091586,25.17938353
1831,37.31635644,24.37591275
1832,36.54696617,26.3023725
1834,39.92713369,25.33473156
1835,35.51721011,23.91113992
1836,35.32144675,24.85186578
1837,37.07907014,25.51340867
1838,35.36658578,25.02060892
1839,37.53399458,26.00479458
1841,35.25729231,23.82323467
1842,39.25315603,25.86824372
1843,39.18751639,26.14188531
1845,35.04721144,25.62212406
1846,37.01287481,25.220306
1848,37.45966392,25.39060194
1849,35.24067983,25.73362283
1851,37.48652061,25.31780486
1852,36.98841486,25.18319719
1853,37.06078481,25.40219208
1855,36.98081692,25.3966755
1856,35.42326581,24.70545806
1857,39.14094958,23.86559264
1858,39.20124086,23.47175522
1860,36.88434972,27.33468153
1864,35.32360839,25.0884
1865,36.76278489,27.10384058
1866,39.13052178,25.99644528
1869,35.14561583,25.72364944
1871,38.31800092,26.12710567
1872,35.33918172,25.13628839
1873,35.33281997,25.24406411
1874,35.29184694,25.43957422
1875,39.08114567,26.37170733
1876,37.63021336,26.11322461
1877,35.05977008,24.89152931
1879,35.28008633,23.63501036
1880,35.27312058,23.57985636
1882,35.15243544,24.79038911
1883,35.08171292,25.16405117
1884,36.41777778,28.15527778
1885,35.30328592,25.11100553
1886,35.31602794,25.14821958
1888,35.33722222,25.13472222
1891,36.445,28.22611111
1892,35.369078,24.50450172
1893,37.61134236,25.16196736
1894,36.44444444,28.22611111
1895,37.131783,25.27750811
1896,35.51465581,24.00711022
1897,37.80216897,23.86854494
1898,37.39795997,24.46012911
1899,37.41577394,25.36268372
1900,35.34123719,25.138384
1903,38.05070692,23.76384006
1905,35.33812528,25.14263672
1906,37.33105317,26.54460931
1907,37.42255278,25.39638289
1910,35.56637061,24.09897906
1911,35.33717383,25.12207925
1912,35.33616275,25.12472511
1913,35.13226719,25.25802164
1915,35.338318,25.13263364
1916,39.10988972,26.55839303
1917,35.33855042,25.13390006
1919,35.33475519,25.13341189
1921,35.50506919,24.01093292
1922,38.82440447,22.68730289
1923,35.33886131,25.11611872
1924,35.49179642,23.62886592
1925,40.55930592,22.98856297
1927,35.39387761,23.56921028
1928,35.34418328,24.59006575
1929,35.36731067,24.48693086
1930,39.12402917,26.54843392
1931,35.500275,24.03106533
1932,35.48891442,24.03571036
1934,40.65422753,22.92222533
1936,38.01105556,23.67611111
1938,35.19874375,24.07974272
1939,35.07135231,25.09302492
1941,35.53792725,24.07982567
1942,35.46821267,23.79975083
1943,35.35349489,24.31301428
1944,36.43467536,28.22326828
1946,35.05172906,24.87640847
1947,35.545953,24.06747489
1948,35.51170869,23.97961842
1949,38.23262181,23.80288886
1950,-1.016944444,-1.016944444
1951,-1.016944444,-1.016944444
1952,-1.016944444,-1.016944444
1956,35.391349,24.61403778
1957,36.74235872,24.43322797
1958,35.52026147,24.04246739
1960,37.09859269,25.145033
1961,37.43975456,25.33366283
1962,35.50843292,24.06360639
1963,35.32739344,25.28685308
1964,35.36379442,24.51142875
1965,38.54935511,22.59005267
1967,37.10636142,25.37917081
1968,35.21285483,24.03557714
1969,35.33708769,25.12166458
1970,37.45455694,25.44214506
1971,35.18889642,25.71582164
1973,35.14923825,25.72020342
1974,35.51784567,24.01705908
1975,36.40064633,25.48648233
1976,35.01703661,25.744593
1979,35.51402053,23.925326
1980,36.45001103,28.22393461
1981,35.33622689,25.35613303
1982,36.26087289,28.16327019
1983,35.33792992,25.36209806
1984,35.31237947,25.39984181
1986,35.33920256,25.160359
1987,39.21904672,26.02531542
1988,39.25848497,26.39442117
1989,37.48390853,25.41001708
1990,35.42348408,24.09695733
1991,35.40462478,24.99769597
1993,35.50927525,24.03075664
1995,35.1940245,26.25491994
1996,35.24739403,25.08330617
1997,37.93308333,23.88577778
1998,37.93528044,23.88551336
1999,40.74896858,22.75793808
2000,37.9929115,23.81577
2001,38.34806356,23.58291675
2002,38.35897314,23.57120656
2003,38.41109928,23.75224619
2004,38.30987517,23.63805403
2005,38.32605814,23.64844178
2007,37.95018317,23.72335736
2008,38.34257819,23.67379061
2009,38.33333333,21.76722222
2011,38.861293,22.87915883
2012,37.97094681,23.65178758
2013,38.85715856,23.04338928
2014,38.45355336,23.16436253
2015,38.91477161,22.61772747
2016,38.90007869,22.48242569
2017,38.90249219,22.43221681
2018,38.935766,22.41902919
2019,38.89720997,22.38948378
2021,38.81389192,22.62163822
2022,38.77869439,22.78497617
2023,38.76055019,22.85980028
2024,38.69373781,23.02134217
2026,38.65606817,22.99902306
2027,38.61785958,23.12091183
2028,38.58885222,23.19316872
2031,38.45601319,23.20966475
2032,38.38112408,23.27647586
2033,38.32242011,23.31801133
2034,37.26011928,23.15998997
2036,38.48617594,23.54984753
2038,38.46336225,23.59484722
2039,38.48036581,23.64218622
2040,38.515128,23.63966719
2041,38.42687522,23.67108047
2042,38.39387433,23.79475672
2043,38.66400633,23.20110958
2044,38.6216835,23.23362189
2045,38.56677722,23.28506158
2046,38.09880536,23.72581808
2047,38.39466233,21.83435378
2048,38.46927597,23.60021825
2049,38.43713317,21.35498742
2050,38.37014344,21.4319325
2051,38.62512342,21.41097631
2052,38.47057872,23.60984378
2053,40.20817678,23.32288406
2054,38.46973508,22.86669483
2055,38.44006819,22.8810835
2056,38.47079042,22.69708631
2057,38.45493914,22.63814197
2058,38.48806858,22.58998947
2059,38.78583961,21.11665342
2060,38.41778883,21.97851225
2061,37.93926,23.64128767
2062,38.39833994,23.62171447
2063,38.60001172,23.00164867
2064,38.39204853,21.58222281
2065,38.13440011,23.82576114
2066,38.42005567,21.26953075
2067,38.64595053,21.40236186
2068,38.69698119,21.18752197
2069,38.80684539,21.17610286
2070,38.88830181,21.17420944
2071,38.06249425,23.78109775
2072,38.49298544,22.97785269
2073,38.86289336,21.16628133
2074,39.12863736,22.30446003
2075,39.10842322,22.33093739
2076,39.00076353,22.38689628
2077,38.47935072,22.49672636
2078,38.43431258,22.42633506
2079,38.52900403,22.37893419
2080,38.37679508,22.38375731
2081,38.44597369,22.48695503
2082,38.51688781,22.17056481
2083,38.39375469,22.24230925
2084,38.36480408,22.63347889
2085,38.55786994,22.5907745
2086,38.3226675,23.43795589
2087,38.57547339,23.64363161
2088,38.66802281,22.41874125
2089,38.68973681,22.65084764
2090,38.86804611,21.98430236
2091,38.94087861,22.11581097
2092,38.94807219,22.24895394
2093,38.98992581,21.59839056
2094,39.05135658,21.90436819
2095,38.91628881,21.79417236
2096,38.93204092,21.80055511
2097,38.85245675,21.84289617
2098,39.23737039,22.29349533
2100,38.62365108,24.11051836
2101,38.62492933,24.10249231
2102,38.51612575,24.16914831
2103,38.45159844,21.40075525
2104,38.17905964,24.21055997
2105,37.98491569,24.49835803
2106,38.01713989,24.42224717
2107,38.41223592,24.03856189
2108,38.34213214,24.08193572
2109,38.11255033,24.22849375
2110,38.04079825,24.34413194
2111,38.92033936,20.89065033
2112,38.83439983,20.70511156
2113,38.80868703,20.98525264
2114,38.57256386,21.0553475
2115,38.67047108,20.94728383
2116,38.89273267,21.1110335
2117,38.75612331,20.63868953
2118,38.68052469,20.56784353
2119,38.64643525,20.58813333
2120,38.65402453,20.712379
2121,38.72223417,20.70424686
2122,38.50723267,21.10537047
2123,38.54292836,21.664238
2124,38.63448247,24.10421514
2125,38.90045692,22.43448183
2126,38.18513206,23.24860961
2127,38.26943264,22.99813164
2128,38.3729115,23.1041505
2129,38.31746778,23.17800944
2131,38.33697133,22.91033275
2132,38.73588614,23.49103458
2133,39.02229008,23.310331
2134,38.80336003,23.47733361
2135,38.88655336,23.41479311
2136,38.866446,23.18887558
2137,38.59985933,23.86925672
2138,39.00513564,23.20634547
2139,37.91358083,23.75053486
2141,38.05511486,23.81179439
2142,38.53665161,21.081317
2143,38.76505106,23.32335297
2144,38.95129408,23.08962822
2145,38.95529567,23.15288283
2146,38.52560669,21.47023761
2147,38.62897386,21.52774475
2148,38.694485,21.41789353
2149,38.8664315,21.35624797
2150,38.85776164,21.55762994
2151,38.80730586,21.46327617
2153,38.67513533,23.19017497
2154,38.94125828,21.94186583
2155,38.54118683,23.20537603
2156,37.98480556,24.00622222
2157,38.00980378,23.85868575
2158,38.6108365,22.49655569
2159,38.49382483,22.54832353
2160,38.330002,23.14041506
2161,38.63035761,22.76361883
2162,37.88243394,23.73077103
2163,38.37363464,22.78858192
2164,38.91013081,22.12801733
2165,39.18194444,21.45694444
2166,39.0763395,21.44730753
2167,38.99112744,21.72017472
2168,38.74021258,21.66745017
2169,39.104663,21.50986119
2170,38.84387697,21.73310894
2171,39.02387794,21.80265856
2172,38.86051889,22.11696478
2173,38.77730478,21.87379953
2175,37.69620369,23.96116364
2176,38.79605408,20.83531144
2177,39.001761,21.27195617
2178,38.94377536,22.9482995
2179,38.97668394,22.91482558
2180,39.14203106,21.63330439
2181,39.08805308,21.82311858
2182,38.94778806,21.90682586
2184,38.65693206,23.57029422
2185,38.61547211,21.52113847
2186,38.94252769,21.80763364
2187,38.22872461,22.94044986
2188,38.37417669,21.57234875
2189,38.41195506,21.73125981
2190,38.59529039,21.92518997
2191,38.57580261,21.93334564
2192,38.39661383,21.89398803
2193,38.54528975,21.81489433
2194,38.61306814,21.79434306
2195,38.68893269,21.86557831
2196,38.36528783,21.64180006
2197,38.45945589,21.98129456
2198,38.65375183,22.02636106
2200,38.14556761,24.57921997
2201,37.86684325,23.85304375
2202,38.75847306,20.62846014
2203,38.78279019,20.60674533
2204,38.76545933,22.75435231
2205,38.86258264,22.44118542
2207,38.56985339,22.58625053
2208,38.51862378,22.42608003
2209,38.62628164,22.36041375
2212,38.84756317,20.9739155
2215,38.58226392,22.53262108
2216,38.79737736,20.76009906
2217,39.04218031,21.13257569
2219,38.58992314,23.76783581
2220,38.62926089,23.71371114
2221,40.93285556,24.41273611
2222,38.43107472,22.33608344
2223,38.30160089,23.28895911
2224,38.9253115,21.79414475
2225,38.79251344,21.63606986
2226,38.89385717,21.62022297
2227,38.87131286,21.68533178
2228,38.80237458,21.15854544
2229,38.83497622,23.32008708
2230,38.82193814,23.40830167
2231,38.6360995,23.93436019
2232,38.63184894,23.90114533
2233,38.61501197,21.40513417
2235,38.15702303,24.24035606
2236,38.58109125,24.08515153
2237,39.10218108,22.27223594
2238,39.10090131,22.16931728
2239,38.90660289,20.96279158
2240,38.44867042,23.56523967
2241,38.4021605,24.17559406
2242,38.84963039,21.23851956
2243,38.72504833,21.36011503
2244,38.29611861,24.15923969
2245,38.60520717,22.8756935
2247,38.04416561,23.58608117
2248,38.639155,22.59216658
2251,38.70882233,20.64959358
2252,37.95847144,23.86318522
2254,38.66040511,21.74509606
2255,38.630783,21.67049989
2256,38.19962997,23.05172431
2258,38.60756944,22.71496133
2259,37.86241936,23.77072072
2260,38.92122389,20.89153558
2262,39.10382469,21.65126661
2263,38.68260161,21.11163686
2264,38.70515731,21.0346315
2265,38.64993767,21.00994292
2266,38.57120133,21.30587731
2267,38.48080589,21.70532175
2268,38.72469453,21.49367011
2269,38.89240303,21.87362503
2271,38.72989422,22.22894353
2272,37.96248247,23.69990942
2273,38.31723481,23.63347878
2274,38.27813794,23.33249819
2275,38.746265,21.87686964
2276,38.65104744,21.9200355
2277,38.86814439,23.05241292
2278,38.913139,23.08397778
2280,38.70593053,22.04510347
2281,38.62522564,22.08822122
2282,38.64145789,22.19264369
2283,37.85605969,23.76661169
2284,38.55151247,22.10568006
2285,38.70286242,22.28016181
2286,38.44237797,23.80648239
2287,38.84839519,22.46797508
2288,38.31558281,23.34153906
2289,38.76212147,23.45269575
2290,38.46138889,23.49944444
2291,38.68870003,21.19508197
2292,38.67633861,21.36112139
2293,39.09216089,22.47178278
2294,38.75536056,22.88746994
2295,38.72826525,23.02175672
2296,38.89710139,22.77023117
2297,38.92131053,22.66595117
2298,38.93157003,22.75866014
2299,39.01251694,21.97384325
2300,38.79287656,22.081513
2301,38.34330828,21.76081969
2303,38.38013408,22.10891381
2304,38.42031833,22.52838408
2305,38.50612497,23.40206164
2307,38.91728864,22.30276025
2308,38.64320842,22.53041056
2310,38.40052519,21.83647206
2311,38.26641519,22.90444997
2312,38.19512764,23.09352758
2313,38.52721628,22.55881011
2314,38.62315436,21.41964617
2316,38.63472222,21.41472222
2317,38.43473336,21.93712
2318,38.49745375,22.84683692
2319,38.39396253,23.88552164
2320,38.90090417,22.44992014
2321,38.46462164,23.58911519
2322,38.88877467,22.41717897
2323,38.00086897,23.79862233
2324,38.47026608,23.97054808
2325,37.85924922,23.75517619
2326,38.46150375,23.61131981
2327,38.7472585,22.34277111
2328,38.57598528,24.13693403
2329,38.40664042,24.09378858
2331,38.35568189,23.02121925
2333,39.02248064,23.24690286
2334,38.95370869,23.36744353
2335,38.53077417,23.64147269
2336,37.40409044,23.11337842
2337,38.75663142,23.55892639
2338,40.6418915,22.91617553
2339,38.49496647,23.29244786
2341,38.35453069,21.72067531
2343,38.35593,21.66679942
2345,38.38280875,21.53585289
2346,38.57468767,23.26459219
2347,38.85310042,21.76163642
2348,39.01861111,21.65166667
2349,38.46974842,21.82362556
2350,39.04421131,21.68092503
2351,39.18535325,21.45708872
2352,38.90112753,22.43416806
2353,38.00188467,23.68636994
2354,38.56045683,22.00344606
2355,38.15638233,24.21370658
2356,37.95600758,23.61957522
2357,38.66429758,21.61190153
2358,38.002358,23.80545131
2359,38.26441197,24.20983497
2360,38.92757117,21.69836139
2361,38.00715219,23.66527936
2362,38.89594406,22.27727811
2363,38.90093086,20.93750736
2364,38.76876181,21.79351319
2365,38.40911442,23.59371472
2367,38.62349586,20.67536103
2368,38.60592364,20.55237764
2369,38.69862281,20.71507856
2370,39.20700925,21.63033267
2371,38.46168906,22.49625628
2375,38.89462675,21.94127433
2376,37.97718292,23.76197072
2377,38.42179183,21.80559703
2378,38.80911544,20.6759105
2380,38.39744597,21.46242644
2381,38.01111111,23.71333333
2382,38.59759,23.54973836
2383,37.94236047,23.73215139
2384,37.9813405,23.67908133
2385,38.53059908,23.910615
2386,38.50294331,23.97621803
2387,38.54454222,23.99063158
2388,38.02965939,23.78139244
2389,38.73528183,22.23300025
2390,38.94697658,23.27752408
2392,38.36809147,23.15282031
2393,38.45348219,22.93046383
2394,37.96909181,23.76061906
2395,38.44001253,22.80140472
2396,39.05970478,21.31408047
2397,37.97482322,23.73387911
2398,38.51785819,21.36770167
2399,37.98064011,23.67855492
2400,38.57238408,21.6676255
2401,38.41555556,23.68972222
2402,38.34263889,23.567
2404,38.04617753,23.80460339
2405,38.54894142,23.66998506
2406,38.57876817,23.84808122
2408,38.95522244,23.16953822
2410,38.99462306,23.21665889
2411,38.62581758,23.09866728
2413,38.46296314,23.49594783
2414,37.92465481,23.74430956
2415,38.61167728,20.57255719
2416,38.37137031,22.36614986
2417,38.45762197,23.53365294
2419,38.18314664,23.04291714
2420,38.92583794,21.77690339
2421,38.04501086,23.80376981
2422,38.84207025,21.68957508
2423,35.51366325,24.03163694
2424,37.94902647,24.00190433
2425,38.51252794,23.00405369
2426,38.71705925,22.49412917
2427,38.42387247,22.12047514
2428,38.37277394,21.43258814
2429,39.01899306,21.65084575
2430,38.32086078,23.59391375
2431,38.52671178,23.839476
2432,38.77661225,22.75664714
2433,38.64136131,22.76346858
2434,38.44967789,21.90406194
2435,38.59978756,22.48009267
2436,38.92921108,22.38974781
2437,38.91651819,22.61190778
2438,38.09008033,23.78335481
2440,38.94273933,22.63680878
2442,38.89662956,22.43267247
2443,38.88862328,22.44241003
2445,38.41413133,21.24746478
2446,37.94607236,23.70145317
2447,38.724024,23.49147133
2448,38.66140431,23.56312658
2450,37.94095236,23.64932283
2451,38.51893214,21.94179478
2452,38.61678092,21.88501431
2453,38.46476811,23.59994547
2455,38.43410444,22.47667739
2456,38.97529536,21.32296311
2457,38.97368369,22.10590994
2459,38.15312314,24.37911969
2460,38.08443131,24.32831744
2461,38.41779142,23.92403981
2462,38.65918253,24.11192086
2463,38.81590261,22.39785369
2464,38.90124289,22.43370719
2465,39.681902,20.83605592
2467,38.90471044,22.11579556
2469,38.93873697,22.85260108
2470,37.66014803,23.98077575
2472,38.10439133,23.83711939
2473,38.89237794,22.82249756
2474,37.9319825,23.63988272
2475,37.42412278,23.4854395
2476,38.76757114,22.83121239
2477,38.77740453,22.80565389
2478,38.03260847,23.93644525
2479,38.32005269,23.60721725
2480,38.87363461,22.44044928
2482,37.23891306,23.13733372
2483,38.91948375,22.38337786
2484,38.17294,23.56059975
2485,38.45059608,22.89689233
2488,38.62694444,21.41027778
2489,38.62611111,21.41277778
2490,38.51631672,21.487577
2491,38.643329,23.18390344
2492,38.00136503,23.74840058
2494,39.66661783,20.85085614
2495,39.13590681,22.31099611
2497,38.71267181,23.74707917
2498,38.46690072,23.59695681
2499,38.656762,23.96421214
2500,38.07146942,23.83722842
2501,38.29971864,23.08273369
2502,39.09303731,22.29436758
2503,38.21578942,23.47922097
2506,35.34686178,24.56127022
2509,38.42288847,23.23382889
2510,38.97175383,22.39060822
2511,38.24817761,22.79285864
2512,37.97319417,23.70555006
2513,38.01584453,24.41973261
2514,38.13749964,24.49444583
2515,38.08556717,24.39223019
2516,38.65279092,23.81302547
2517,35.51508781,24.02006325
2518,38.46595819,23.60712261
2519,38.46611111,23.57472222
2520,38.92292514,24.57051494
2521,37.97206772,23.73241728
2522,38.862018,24.58571481
2524,37.72722222,23.535
2526,38.61291306,21.41766022
2527,38.08673322,23.694946
2529,37.96905497,23.74504961
2531,40.62775939,22.95709708
2532,38.08594128,23.83096478
2533,38.37539264,21.46216006
2537,38.91104147,20.87131583
2538,38.30027778,23.0825
2540,38.88688914,22.44016836
2541,41.65315022,26.48754825
2542,38.95778886,22.17076339
2543,38.90557086,22.42905736
2545,38.5288165,21.28105683
2547,38.94331389,22.11730208
2548,38.90102733,22.43580667
2549,37.98207439,24.00191669
2551,38.46812483,23.57436692
2552,38.4292635,23.67452142
2553,38.46127353,23.60459628
2555,37.94697642,23.75439922
2558,37.96556339,23.58067825
2559,37.95083333,23.73916667
2560,38.00580381,23.72838956
2563,39.36269633,22.96001497
2564,37.94749683,23.756759
2566,37.92846675,23.69800192
2567,39.55773519,21.76905892
2568,37.94091153,23.69778672
2569,37.94548664,23.6473945
2570,38.86495339,21.18600492
2571,38.05747083,23.59727544
2572,39.35965208,22.95130092
2573,37.93379853,23.63130331
2575,38.62788267,21.82510519
2576,38.00135975,23.72795306
2577,38.00462836,23.72080353
2578,37.97322189,23.71904975
2579,37.98726833,23.75925975
2580,37.84536228,23.82173219
2582,37.98151389,23.75422086
2583,38.00789953,23.86522836
2584,38.04078825,23.50182222
2585,38.05577544,23.78541003
2586,37.90731758,23.74665222
2588,37.91123169,23.74231969
2590,38.04563647,23.8437975
2591,37.26109978,23.16588983
2592,37.95888625,23.71113844
2593,38.00992939,23.68903256
2594,37.99356258,23.75676625
2595,38.02180711,23.68724636
2596,38.06835575,23.82906994
2597,38.06002561,23.73702228
2598,37.97003883,23.69205406
2599,37.97866367,23.74262925
2600,37.93823692,23.74037314
2601,37.94720081,23.65004833
2603,37.940649,23.69651806
2604,37.82201886,23.78492097
2605,37.93112819,23.69552919
2606,37.98821692,23.65862431
2607,38.11667797,23.79924636
2609,37.42722222,23.45972222
2610,37.94694444,23.64277778
2611,37.94120606,23.64168306
2612,37.94242278,23.65034089
2613,37.72670331,23.53546711
2614,37.91916667,23.70777778
2615,37.98028022,23.69684494
2616,37.91873467,23.70294333
2617,37.89158014,23.74979622
2619,38.21534533,23.8166455
2620,37.67677031,24.04739153
2621,37.94873706,23.64710064
2622,38.11719422,23.82918867
2623,37.93782589,23.64211844
2625,37.92583333,23.6925
2626,38.62659875,21.40677533
2627,38.01194067,23.97768458
2628,37.91149253,23.74187558
2629,37.88912117,23.88216269
2633,38.07641311,23.49720264
2634,37.94777778,23.67777778
2635,37.96252736,23.77865942
2636,37.99275175,23.74913458
2638,37.97494069,23.66287353
2639,37.87330475,23.75944003
2640,38.07495206,23.49878831
2641,38.07216533,23.52961047
2642,37.98766558,23.63268019
2643,37.90493233,23.71936336
2644,35.33833333,25.12805556
2645,38.02015533,24.00067969
2646,37.95241778,23.69479469
2647,37.91675667,23.70743922
2648,36.72590906,24.44519011
2649,40.59989558,22.67882603
2650,38.67486111,23.17613889
2651,37.93783914,23.64613583
2652,38.268855,23.68644183
2653,37.95581631,23.95947378
2654,35.29859694,25.17186486
2655,38.59107236,21.42142131
2656,37.95428597,23.67999342
2657,37.95388889,23.65694444
2658,37.86256644,23.75166353
2659,37.95715214,23.77601575
2660,38.99087264,21.17123419
2661,38.13817078,23.85870939
2663,38.03135906,23.95452764
2664,37.92184144,23.70149828
2665,38.48152778,22.48075
2666,37.93334725,23.75727111
2667,37.941301,23.75106942
2670,38.00233506,23.71944692
2672,35.36026064,24.47596183
2673,38.09134453,23.83469603
2675,38.67119444,23.18691667
2676,38.04624311,23.98453542
2677,38.07341383,23.81338175
2678,38.07079758,23.811111
2679,38.07899692,23.84015897
2680,38.04336653,23.68387781
2681,37.92347703,23.70723828
2682,37.90628317,22.87895722
2683,37.98477514,23.73202219
2684,37.97697211,23.73258783
2685,38.027675,23.72809475
2686,37.93467744,23.72249353
2687,37.93620653,23.72932486
2688,37.94288583,23.75018425
2689,39.22581819,21.31015039
2690,37.79528747,23.96167194
2691,38.03608147,23.7717435
2692,38.89202778,22.45080556
2695,37.99358178,23.87576856
2696,37.95266664,23.73818803
2697,37.90769089,22.88069469
2698,38.02436044,23.74844081
2699,37.95192478,23.65134872
2701,37.80583,23.76928542
2702,37.98038286,23.71579433
2705,37.95629886,23.67671325
2706,38.09385833,23.72282844
2707,37.96833053,23.76440961
2709,37.94086131,23.74041011
2710,37.98380389,23.72580597
2712,37.94673564,23.67935094
2713,38.3606495,21.65771233
2714,37.99956617,23.82793789
2715,38.07376739,23.7770525
2717,37.99893322,23.84835289
2719,38.00639681,23.74571044
2720,38.01565203,23.69081031
2721,38.06666667,23.73555556
2722,37.95715911,23.73944167
2723,38.02305556,23.79972222
2724,37.99073267,23.72594461
2725,37.97416831,23.30300889
2726,37.98268836,23.67923389
2727,38.07080794,23.94019414
2729,37.87614061,23.75631897
2731,38.05658094,23.79354872
2732,37.95501558,23.63989878
2733,38.09507192,23.80959525
2734,37.99012644,23.72537428
2735,37.88219097,23.76385803
2737,38.10115014,23.83819742
2738,37.92253564,21.16998414
2739,38.04661428,23.80614608
2741,38.06889958,23.52927414
2742,38.03748619,23.80277617
2743,38.00723294,23.88156025
2744,37.96311111,23.69969444
2745,37.91812453,23.74454508
2746,37.95377197,23.61435461
2747,37.96450139,23.64854539
2748,38.11545161,23.84841836
2749,40.54871064,22.98812689
2750,37.97893475,23.25019011
2751,37.80295408,23.88607289
2752,38.05181647,23.81077169
2753,37.9644305,23.63849467
2754,37.984519,23.74237564
2755,37.85828192,23.83507394
2756,37.92138889,23.50861111
2757,38.026137,23.81874236
2759,37.67277778,24.01972222
2760,38.02614717,23.68698011
2761,37.95919486,23.62680175
2762,38.0525,23.8375
2764,38.38706333,23.49940708
2767,38.14349069,23.84685294
2768,37.97827794,23.23746561
2769,38.04608247,23.53699897
2770,38.06585189,23.77128167
2771,37.86314906,23.75545017
2772,37.88018647,23.75480325
2773,37.99798253,23.73679908
2774,37.9273095,23.69287969
2775,35.34083233,24.62031814
2776,37.97407914,23.75189517
2777,37.98640756,23.76562939
2778,38.07579464,23.68998697
2779,37.97849939,23.65027692
2780,37.95589261,23.73652267
2781,37.95614769,23.70351389
2782,37.96913372,23.70043383
2783,38.04501056,23.54519183
2784,38.12496978,23.54116619
2785,37.96146731,23.62973892
2786,37.97698583,23.77669822
2787,37.92928997,23.68469139
2788,37.93956633,23.53547978
2789,38.01530436,23.82567336
2790,38.04128117,23.75640003
2791,37.86208331,23.75411156
2793,38.08503858,23.52744178
2794,38.00373756,23.86907836
2796,38.01356753,23.62920317
2797,38.10163581,23.75318892
2798,38.03508139,23.793243
2800,37.98300928,23.65698869
2801,37.97572281,23.66665028
2802,37.98673703,23.64749219
2803,38.39993025,24.03967256
2804,37.83977919,23.89326692
2805,37.95851511,23.69052319
2806,39.36589747,22.93761925
2807,37.92771078,23.72757583
2809,37.76349653,23.45443175
2810,38.00053856,23.98585928
2811,37.87012872,23.75941992
2812,38.01152631,23.78865958
2813,37.91614564,23.73801344
2814,38.02494247,23.83529753
2815,37.98403356,23.76106044
2816,37.98268719,23.7505385
2817,37.95929372,23.73253175
2819,37.87260758,23.77203889
2820,37.89230978,23.74938242
2821,37.9343745,23.75910917
2823,37.96830203,23.64342178
2826,40.93912156,24.41226847
2827,37.96707936,23.88396314
2829,38.62515831,21.40942003
2830,37.95092708,23.68781975
2831,38.57011753,22.50946358
2832,38.0759415,23.82340933
2834,37.98092022,23.7471225
2835,37.98196586,23.76888892
2836,38.01841086,23.67246067
2837,35.51984669,24.02320525
2838,38.01423292,23.81907611
2839,37.81860569,23.77118514
2840,37.97791047,23.75442606
2841,39.04396469,21.14174667
2842,38.09055236,23.81610406
2844,38.05694444,23.73305556
2845,39.92565356,25.23542797
2847,36.27677778,23.01566111
2848,38.21627208,23.80932747
2849,37.94344931,23.65164183
2851,37.97888286,23.65396725
2852,35.51787739,24.02571842
2854,37.99712169,23.81210119
2855,35.37323889,24.4712075
2858,37.93382417,23.63709294
2859,37.84269844,23.76572103
2860,37.99531892,23.65467428
2861,38.02909939,23.98285078
2862,38.03961378,23.82079286
2863,37.96040739,23.72181697
2864,37.95830181,23.76604144
2865,37.98752222,23.72146558
2866,35.16262942,25.71592239
2867,38.06166206,23.75236528
2868,37.96836544,23.730545
2869,37.30963158,26.54933175
2870,38.015355,23.74185817
2871,37.80972867,23.77673528
2872,38.08594203,23.68632922
2873,38.07869181,23.75538314
2874,37.95809186,23.50113892
2875,38.00973228,23.33339967
2876,37.96527872,23.56730853
2877,37.97368189,23.77600711
2878,34.99493333,24.75187383
2879,38.03805556,23.53777778
2880,37.98324789,23.70959067
2881,38.07452619,23.82293431
2882,37.99897756,23.70417861
2883,37.98099611,23.73148542
2884,38.00944344,23.74158631
2885,37.96105531,23.65603614
2887,37.70755461,26.96628039
2889,38.08480556,23.52819444
2890,37.96781628,23.63927233
2891,38.01115639,23.68387086
2892,37.88805556,23.87805556
2893,37.98234272,23.70955464
2894,38.04580339,23.7908265
2895,38.02085206,23.72881861
2897,37.94492558,23.68463589
2900,37.916583,23.72263044
2901,38.04494247,23.75549394
2902,37.96311153,23.91417575
2903,37.94328014,23.74162861
2904,37.80467214,23.7699295
2905,38.02194444,23.90638889
2906,37.98373603,23.73049914
2907,37.31222222,26.5525
2909,38.04291469,23.76274378
2910,38.86816489,23.05244164
2911,37.75538889,23.44597222
2912,37.94762097,23.66165142
2913,36.58437492,26.37595347
2914,38.08305267,23.78674356
2915,36.96536514,26.94224583
2916,38.00851814,23.71051856
2917,37.18383333,26.80371111
2919,37.97151378,23.76838317
2920,37.98849744,23.99871828
2921,37.98361111,23.73555556
2922,37.96613922,23.61544094
2925,37.97734061,23.72939611
2926,37.99008956,23.7334385
2927,37.97576097,23.72065292
2928,38.58402911,21.14464136
2929,37.96647275,23.64805383
2931,38.01408556,23.70680753
2932,37.94666667,23.71444444
2934,37.87055556,23.75
2935,37.93146853,23.76062178
2936,37.93292039,23.69617578
2937,36.35864603,25.36703853
2938,38.09327464,23.79757672
2939,38.05381653,23.84163914
2940,38.03938661,23.84038086
2941,37.85840272,23.78545258
2942,38.00395831,23.741456
2944,38.01268675,23.71910531
2946,38.21722222,23.94861111
2949,38.00303844,23.83371703
2950,38.03077747,23.6856485
2951,41.14313889,24.88719444
2952,38.07480272,23.80915964
2953,37.96051128,23.72187325
2954,38.01392753,23.99405636
2955,37.867015,23.747594
2957,37.97420961,23.64439353
2958,37.86067189,23.78632189
2961,38.09237706,23.55442397
2963,38.04452572,23.77254911
2964,38.04397019,23.77463239
2965,38.16434061,24.05433056
2966,37.92719186,23.69685525
2967,37.96612792,23.65065647
2968,37.87123708,23.76628525
2969,37.92308119,23.69689403
2971,38.04400897,23.68301575
2972,38.08497592,23.95894875
2973,38.09333019,23.79741006
2974,37.96013764,23.61886981
2975,37.95394444,23.66030225
2976,37.97131586,23.70116039
2977,38.00034042,23.70891606
2979,38.2507315,21.73459875
2980,37.98102519,23.65833747
2981,38.06222222,23.71666667
2982,38.10074667,23.80679878
2984,37.97547683,23.73571256
2985,38.14566603,23.83210439
2986,37.32294975,26.54325442
2987,37.96814794,23.73422847
2988,35.2180675,26.09808672
2989,37.95629175,23.69621914
2991,37.98779547,23.76236708
2992,37.9765645,23.73532669
2993,38.01671231,23.86893781
2995,38.04408131,23.77352131
2996,38.01388889,23.81944444
2997,37.98993489,23.74299297
2999,38.10426125,23.82989042
3000,40.50696664,23.68029456
3002,40.31300492,23.06254881
3003,40.32803422,23.07506583
3005,40.29666522,23.18338672
3006,40.26663217,23.20298714
3007,40.25998281,24.17907653
3008,40.16920031,24.27491678
3009,40.25342253,23.27305428
3010,40.24159253,23.28508317
3011,40.27869006,23.3402045
3012,40.19671769,23.32928175
3013,40.17179964,23.33765136
3014,40.39168714,20.95327631
3015,38.53299053,23.29906408
3016,40.08265164,23.33193067
3017,40.10191147,23.43504661
3018,40.06200883,23.38023036
3019,40.05131642,23.41376278
3020,38.06908547,23.74772925
3021,40.01414189,23.53519547
3022,39.96425189,23.40067597
3023,39.98856894,23.61754178
3024,39.94586756,23.68303486
3025,37.30946789,23.14397442
3027,40.22808964,24.26585322
3028,35.87814856,23.29671564
3029,40.03106872,23.48243422
3030,40.31697436,23.39379844
3031,39.98447564,23.59689164
3032,40.64197703,22.53215681
3035,40.58429156,22.58156272
3036,40.55100553,22.48559583
3037,40.50178103,22.54424381
3038,40.45679533,22.20054383
3039,40.48144928,22.48805011
3040,40.34475014,20.97911794
3041,40.43764797,22.58768128
3042,40.41978767,22.51776608
3043,40.41527011,22.60174961
3044,40.08789475,21.39933997
3045,35.88516667,23.31066667
3046,40.36853833,22.60187472
3047,40.31861408,22.59150703
3049,40.27206194,22.51171178
3050,40.26848022,22.59282328
3051,40.24725494,22.51396917
3052,40.23982381,22.45490669
3053,40.106299,22.50479567
3054,40.09913156,22.55653642
3055,40.05802894,22.56099894
3056,39.99034228,22.60316906
3057,40.26979536,22.53076142
3058,40.44404789,23.33217453
3059,40.3793815,23.46783117
3060,40.27897464,23.43922131
3061,40.2530895,23.58242608
3062,40.25093414,23.69945289
3063,40.24170456,23.67476492
3064,40.16643972,23.81838214
3065,40.14382353,23.7484215
3066,40.1025045,23.78672353
3067,38.05082642,23.84518581
3068,37.30725728,23.14559078
3070,40.00081172,23.57368019
3072,40.86035433,24.32605861
3075,40.93778542,24.35619772
3076,40.93859225,24.40952794
3077,40.93671,24.39478203
3079,40.95158819,24.46064269
3080,40.97183631,24.52570581
3081,40.99751014,24.61663906
3082,40.98581181,24.70284111
3083,40.73155711,24.66156356
3084,40.78057883,24.71054878
3085,41.16754686,24.16804131
3086,41.15214458,24.14735542
3087,40.89808219,22.55068667
3089,40.98425833,22.87463031
3090,40.99871433,22.57091703
3091,38.03707097,23.82837833
3092,41.06451372,22.55678542
3093,41.09264522,23.54940342
3094,41.10899858,23.58901086
3095,40.48078786,22.19995872
3096,40.5244805,22.20478414
3097,40.27103981,21.32841139
3098,40.79758733,22.01087772
3099,40.79697417,22.41591106
3100,40.63019939,22.44062028
3101,41.08633703,23.54468833
3102,40.98816206,22.54402925
3103,40.74250839,23.98310606
3104,40.37920217,23.44102025
3105,40.22368417,23.67004025
3106,40.994191,22.87647614
3107,40.80129519,22.04876556
3108,40.63347964,22.06896961
3109,41.15278933,24.13934397
3110,40.397812,22.11115706
3111,39.96586106,23.36476417
3112,40.33871578,23.12659417
3113,40.67292633,24.55418531
3114,40.65774947,24.68772711
3115,40.69073811,24.75859017
3116,40.35350108,23.09419611
3117,41.13810131,26.29611436
3118,41.19328069,26.30429742
3120,40.96198761,26.29974497
3121,41.03826044,26.19515997
3123,40.89545736,26.17237928
3124,40.27662031,22.54281011
3125,41.34974803,26.49432592
3127,41.6359095,26.20070447
3129,41.69581431,26.12522869
3130,41.57663347,26.23408647
3131,41.36115953,26.60530447
3132,41.38552414,26.52978319
3133,41.50275386,26.53239553
3134,41.50087878,26.46385381
3135,41.67381769,26.44074839
3136,41.62340994,26.42295936
3137,40.90608767,25.74429494
3138,40.85590497,25.92437764
3139,40.84948667,25.83551175
3140,40.89452058,25.93806831
3141,40.84637489,25.87450039
3142,40.99582564,25.727389
3143,41.02373047,25.69275131
3144,41.07658375,25.48216669
3145,41.1183205,25.40406778
3146,41.11453992,25.38054042
3147,40.26181506,23.21955367
3148,41.13661269,25.23256278
3149,40.28149194,22.49800722
3150,40.96112861,25.13640947
3151,41.00819092,24.99914711
3152,41.11467556,24.87052692
3154,41.11995036,24.75393744
3155,41.15155861,24.89911764
3156,41.14015075,24.88738794
3158,40.79142842,22.15145
3160,41.67613178,26.33952531
3161,40.54050292,22.22711525
3162,40.8369845,22.08616781
3163,40.97355847,22.059394
3167,40.10933933,23.97871381
3168,40.04004253,23.9448485
3169,39.97670267,23.96394389
3170,40.53765333,23.75447689
3171,40.16183067,24.29096144
3172,38.00392839,23.78630892
3173,40.48893206,23.59819867
3174,40.37489786,23.875921
3175,40.38198039,23.92663758
3176,40.39790956,23.87984306
3177,40.33371475,23.72516536
3178,40.27270142,22.50839478
3179,40.91347639,25.53488528
3180,40.55336725,22.01902856
3181,40.62307503,22.03528011
3182,40.62691261,21.97156019
3183,40.90309614,21.81892583
3184,40.83121992,21.77225242
3185,40.20332572,20.99248758
3186,40.35268472,21.95585139
3187,40.44844072,21.23552678
3189,40.61986808,23.68371372
3190,40.02576089,23.92853478
3191,40.52167253,21.26728792
3192,40.30402692,23.10368364
3193,40.48312594,21.29229019
3196,40.52283003,21.47261775
3197,40.70496333,21.57628528
3198,40.51771306,21.25448261
3199,40.66827669,21.69379581
3200,40.79300339,21.39290656
3201,40.78041064,21.41005897
3202,40.76839233,21.25498581
3203,40.26427242,22.52049017
3204,40.36570572,23.92917164
3205,40.79864922,21.0410885
3206,40.61730856,21.05667183
3207,40.70417983,21.22149744
3208,40.64133844,21.49588633
3209,40.08939669,21.42764383
3210,40.19782369,21.46520631
3211,39.95224961,21.35912567
3212,40.09397606,21.08665756
3213,40.42848719,22.60565881
3215,38.39001189,22.65421183
3216,40.195821,21.23517819
3217,40.27373661,21.55190225
3218,40.31415917,21.68278075
3220,40.25841764,21.55464536
3221,38.12037711,23.79451292
3223,40.31431019,21.38901597
3224,40.25123169,21.3071395
3225,40.06250661,21.87940639
3227,40.35697772,21.81918494
3229,40.39705258,23.75172878
3230,40.41073844,21.92999519
3231,40.60350525,21.67622467
3232,40.51527489,23.82533519
3233,41.20687836,24.73768669
3234,40.90541853,24.260226
3235,41.1906065,24.445148
3236,41.26191806,23.83967278
3237,40.81484653,23.80083344
3238,40.93290375,24.06707772
3239,41.08876947,23.84692564
3240,41.19384036,23.57889844
3241,41.30821256,23.36561108
3242,41.31107428,22.91416658
3243,41.07016303,22.14293361
3244,40.79603222,22.43995411
3245,40.915489,24.25603517
3246,40.90887167,23.5024385
3247,41.30414486,23.70691081
3248,41.26115458,22.99951297
3249,41.06570025,23.95713481
3250,41.18542006,23.28229803
3251,41.02921817,23.83082992
3252,41.09380592,24.22779697
3253,41.05160211,24.18313522
3254,41.16738039,24.07312964
3255,41.179017,23.97218808
3256,41.35578475,23.84704697
3257,40.94893094,22.44870117
3258,41.21638303,24.84926442
3260,39.92444894,21.81226467
3267,40.01763908,23.52359072
3268,40.54073397,23.09453856
3272,40.27222097,22.50910933
3273,40.16191194,23.89468972
3274,40.33948411,24.02750997
3275,40.17936936,24.36889678
3276,40.24945103,24.24087706
3277,41.17940594,24.79133136
3278,41.27563692,23.293476
3279,40.68575556,22.30188514
3280,40.6239405,21.707718
3281,40.04670414,23.81548392
3282,40.23972222,22.58805556
3283,39.94754242,21.760264
3284,40.27561125,23.38721653
3286,41.30148542,24.07084764
3287,40.92262092,23.88346036
3288,40.88623869,23.54958264
3289,41.23062836,23.40242858
3290,40.03393,23.44001858
3291,40.46914322,25.46127711
3293,40.83083103,24.13276611
3295,40.92283358,23.97127847
3296,40.08574086,21.42617192
3297,40.14403469,21.91903644
3298,40.31568386,21.52740367
3299,40.46608231,21.52017308
3300,40.29390042,21.8814355
3302,41.09084817,22.78302956
3303,40.91233267,22.87208614
3304,41.03856014,22.95248989
3305,41.01001981,22.79610403
3306,41.01467172,23.112355
3307,41.07940561,22.48947436
3308,41.13579719,22.72168092
3310,40.83142997,22.959859
3311,40.91823856,22.78284808
3312,40.58952047,21.82515586
3313,40.03395053,21.94000489
3314,40.32558239,23.02101281
3315,40.07385686,21.990344
3316,40.84517647,21.55342478
3317,40.69246108,21.68129425
3319,40.58733633,21.49073528
3320,40.78768094,21.68347636
3321,40.76509203,21.61258211
3322,40.66826856,21.83608047
3323,40.54261967,21.06243217
3324,40.38793611,21.07229511
3325,40.45003089,21.42873028
3326,40.50740178,21.38111242
3327,40.51483425,21.24633489
3328,40.64957431,21.38524911
3330,40.56905892,21.50654053
3331,40.49669447,25.59690228
3332,38.36444164,22.69396536
3333,37.80377072,23.77073858
3334,40.61991844,22.36182097
3335,40.52140231,22.39588339
3336,40.63241008,22.13076214
3337,40.55448081,22.14922114
3338,40.53812511,22.17916519
3339,40.69726058,22.21311967
3340,40.47,22.09166667
3341,40.73059419,22.0925545
3342,40.72197172,22.14402347
3343,40.75781694,22.21645481
3344,40.77087281,22.31951975
3345,40.84365167,22.37647075
3346,40.76312214,22.492031
3347,40.32675464,22.5113545
3348,40.229123,24.21951492
3349,41.4087005,26.41885769
3350,41.57471019,26.53167122
3351,41.29142403,26.25667814
3352,41.39010897,26.34555336
3353,41.12964253,26.22629844
3354,41.00457908,25.93311575
3355,38.97452778,24.48933333
3356,41.24018442,25.99989975
3358,41.09060086,26.13470447
3359,40.85818272,26.09179306
3360,40.92003786,26.08427714
3361,40.04689028,21.77300022
3362,41.41803142,26.23061058
3363,40.88420911,26.04804375
3365,41.22350894,26.31400283
3366,41.12603489,25.74131347
3367,41.22723669,25.66957969
3368,41.27738347,25.74345903
3369,40.97466069,25.42399122
3370,40.94244969,25.47101064
3371,41.08404581,25.599423
3372,41.24474058,25.85896828
3373,41.25967583,24.96040392
3374,41.30404631,24.90340383
3375,40.98200886,24.95328031
3376,41.51178417,26.30567361
3377,40.49493772,23.65299103
3380,40.24061583,22.58791989
3383,40.30422575,23.08556289
3384,40.630143,22.94663644
3385,40.80919831,24.25527331
3386,40.92339428,24.38999575
3388,40.92384797,24.62433197
3389,39.92608333,23.60502778
3391,39.97389231,23.92307275
3394,40.53063311,23.62669478
3396,39.94176461,23.58065333
3397,40.40628864,23.50711583
3399,41.32199783,23.52912467
3400,41.28369106,23.48013886
3401,41.28844583,23.04142897
3402,41.17117153,23.16714042
3403,41.11180033,23.64288939
3404,41.12874675,23.48214481
3405,41.02837394,23.78041781
3406,40.89311697,23.75167806
3407,41.34829214,23.32406442
3408,41.04550583,23.53016189
3409,41.0694155,23.39355928
3410,41.12952222,23.38076156
3411,40.33570919,23.92307644
3412,40.85703161,25.94445506
3415,40.50415706,21.15732847
3416,40.06208744,21.20821189
3417,40.13423403,23.39618247
3419,38.04318658,23.8451335
3420,41.13845619,24.17324428
3421,41.39208506,24.03769639
3422,41.30841317,23.99264853
3423,41.12879781,23.90508183
3424,41.30315481,24.23337711
3425,40.20953372,24.2274075
3427,41.04906892,24.43831322
3429,40.12666667,23.40805556
3430,40.06005994,23.35185153
3431,39.91166506,21.29493986
3432,40.06085606,21.08483631
3433,40.02372336,21.14488553
3434,39.95687972,21.53618217
3435,40.06682258,21.68410286
3436,40.92387006,23.09304906
3437,40.27127781,22.35211758
3439,40.17701686,22.24068689
3442,37.94527528,23.70178725
3443,41.35998217,23.77879983
3445,40.74055797,24.57522911
3446,40.62888108,24.57458306
3448,40.74944925,24.73110075
3449,40.72536356,21.74475739
3450,41.16070669,24.55011914
3451,41.02822189,24.63528697
3452,41.15636003,24.63789981
3453,40.77698411,22.40119389
3454,40.95089286,22.52048208
3455,40.86302414,22.57087225
3456,40.92400389,22.48722925
3457,40.82670725,22.59732389
3458,40.826621,22.52146747
3459,40.36666667,21.76777778
3460,40.78809481,21.968379
3461,40.94544997,22.16088775
3463,40.88603178,22.251504
3465,40.65003806,22.47091989
3467,40.81330117,24.14735994
3468,35.50896744,24.01960161
3469,40.88665164,21.40397106
3470,40.33258536,21.18137203
3471,41.70595714,26.29571992
3472,40.19619267,21.57996389
3473,40.15990742,21.35943028
3474,40.24832375,21.66712997
3475,37.97129061,23.708407
3476,40.85333381,21.37224964
3477,40.70896108,21.41979042
3478,41.12974161,24.25937794
3479,41.34654642,26.24333639
3481,41.2536655,26.12290203
3482,41.28757278,26.40934017
3483,40.87416667,25.74361111
3484,41.43208561,26.55206642
3485,41.07528028,25.30305053
3486,40.75516097,22.47285378
3487,41.34083058,24.97064544
3488,41.01413053,24.29532081
3489,40.99872308,25.19337228
3490,40.07714472,23.45029294
3492,40.45128028,21.27374875
3496,37.97575933,23.74546381
3498,41.26747222,24.49735228
3499,41.30995667,24.47131633
3500,40.02648611,23.37079792
3501,41.51614381,26.24031164
3502,41.08932947,26.28998842
3503,41.59558969,26.452046
3504,40.87512733,25.80258008
3505,41.03082883,26.29588839
3506,37.97769778,23.73849658
3507,41.54144594,26.35253581
3508,41.23074311,24.87093453
3509,41.22649789,25.73881353
3510,41.3026275,25.67960158
3511,40.92983947,24.83426861
3512,41.25379664,25.058947
3513,41.34676892,24.86604792
3515,40.97266964,24.81913264
3516,40.86040344,24.09089122
3517,40.49573861,21.39116464
3518,40.48225228,20.99932558
3519,40.65987292,21.25102806
3520,40.30121411,23.09971881
3521,40.75825147,21.49949772
3522,40.68858558,21.62623186
3523,40.24454258,21.71320714
3524,40.34190383,21.76712458
3525,40.53416836,21.62188825
3526,40.38139536,21.691708
3527,40.27459286,23.16180514
3528,40.1583715,23.91425292
3529,35.42253264,26.91475294
3530,40.93977842,22.42019239
3531,40.13410472,21.73695867
3532,40.10499958,22.06573922
3533,40.26981139,22.59860025
3534,41.11421114,22.56538011
3535,40.97746847,22.52442128
3536,40.02429753,22.57692878
3537,37.97580061,23.87744875
3538,40.84403411,21.76733644
3539,40.42764461,25.55531994
3540,40.12356203,23.40161164
3541,37.97052214,23.63274408
3543,41.01906303,25.38363994
3544,41.10478397,25.47841056
3545,37.59783333,23.07561111
3546,40.55284211,22.24711978
3547,40.63816069,22.38858311
3548,35.42822597,27.14958656
3549,40.94256914,24.39924058
3550,40.74026478,22.27117333
3551,41.14814028,25.01332661
3552,41.04261256,24.83633939
3553,40.97938333,24.18912692
3554,41.42243336,23.83281419
3555,41.1405535,23.40274264
3556,40.27972222,22.52361111
3557,40.27353656,22.48787053
3558,40.2917345,22.50453647
3559,40.28664725,21.77747953
3560,39.98910592,23.62356561
3561,40.86266514,25.85284281
3562,40.76679483,23.91020731
3563,41.14963175,25.37755944
3564,41.00927342,23.60323189
3565,40.61697172,23.76986989
3566,39.94463203,23.66373286
3567,40.34868881,23.31885758
3568,40.34854714,23.016356
3569,40.23558928,23.60437325
3570,40.27878533,23.14773031
3571,40.42096781,21.40490047
3572,40.99493422,22.85996428
3574,40.77622214,23.99394569
3575,40.33775281,23.98882706
3577,40.35564647,23.65024061
3578,40.58561719,24.63796906
3579,39.94996692,23.53242375
3580,40.06093081,22.55630669
3581,41.26678036,23.60659817
3583,40.32367831,23.02744458
3584,40.31765281,22.20741125
3585,40.48724906,22.5407645
3586,40.89546897,22.08157375
3589,38.03233844,23.83568564
3590,41.45736644,26.46024189
3593,40.24608519,24.28544122
3594,40.722891,21.53034761
3595,40.27721164,23.47599661
3596,41.00216044,22.65723586
3597,40.87534839,25.74394606
3598,40.88952614,26.00138006
3599,41.29026811,26.45390103
3600,41.30224736,26.11013756
3602,40.408721,21.05798022
3604,40.92559661,21.92393461
3605,40.47555556,23.43583333
3606,41.15145272,24.89908361
3607,38.46189892,21.10392083
3608,41.16754697,25.63878844
3610,40.50714531,22.207429
3611,40.59059742,22.07295825
3612,40.07583333,23.44777778
3613,40.30926772,21.79719272
3614,40.45753867,23.6621475
3615,41.12022478,22.86684911
3616,41.14878547,22.97422783
3617,41.25895419,22.83230375
3618,40.99888792,22.90821931
3619,41.251958,24.90726769
3620,40.98889942,24.94051772
3621,40.12002939,21.16643789
3622,40.97267108,21.92275428
3624,41.01311642,22.29626278
3626,40.92367681,23.43364744
3627,40.30445006,22.43126808
3629,40.10794861,22.50127094
3630,40.42239581,22.24072547
3631,40.25362072,21.97132811
3632,40.36026358,22.06272306
3633,40.38368125,22.11481894
3634,40.24027406,21.59499158
3635,41.06150867,24.96275508
3637,40.28477481,24.26708319
3639,40.36322508,22.56327689
3640,41.22610883,23.99235747
3641,40.0710025,21.26768581
3642,40.31761858,21.36553653
3644,41.04146844,25.0803235
3645,40.26097689,23.49754783
3646,40.32482114,23.65758853
3647,37.93277778,23.88555556
3648,41.02790367,23.60995244
3649,37.95230331,23.75926339
3650,41.11855875,25.40596814
3652,40.22892767,23.62958086
3653,40.61943786,24.77082883
3655,41.51345328,26.51803844
3656,41.34907294,26.43496228
3657,41.08359128,24.27149225
3658,41.12151219,25.43702769
3659,40.73505747,21.62195333
3660,40.52552833,21.25917672
3661,40.31622381,21.79753
3662,40.29880661,23.13902047
3663,41.22166867,23.295015
3665,37.93137586,23.70282703
3666,41.44801994,24.30360942
3667,41.36060869,25.00624272
3668,40.616519,21.37453358
3669,40.24100494,22.57589214
3670,40.25895042,22.53092375
3671,40.79085447,22.41235133
3672,37.96708586,23.62345808
3673,40.17545461,23.85211892
3675,41.13858783,23.02512781
3677,40.66105067,21.99388594
3679,37.86107675,23.75587092
3681,40.874237,26.16357789
3684,40.95822475,25.82386453
3685,40.13681031,22.53744664
3687,37.97200025,23.65379933
3688,40.67302067,21.56604264
3690,40.68861111,21.43388889
3691,40.43264036,22.23032594
3692,41.06434014,23.62732478
3693,40.69432869,22.28608136
3695,41.17785183,23.30045425
3697,37.06248286,22.06268456
3700,40.52327222,22.38917206
3701,40.24907225,23.71772167
3702,40.63009281,22.06591047
3703,40.23385481,23.62998156
3705,41.38634594,23.43133347
3706,41.29823669,23.92925792
3707,40.02498614,23.37315894
3708,41.14352039,25.68486489
3709,40.30981231,23.39070806
3710,40.23434064,23.73301353
3711,39.97247428,21.27613636
3712,40.03447367,21.93662589
3713,40.29858636,21.78561142
3715,40.0474055,23.47520158
3717,40.02864469,23.50571886
3721,40.29671633,23.23932306
3722,41.06066178,24.07147125
3723,41.53442517,24.27742589
3724,40.47440286,25.52081283
3725,39.98522386,22.63469575
3726,40.07792714,23.79362178
3727,41.19718775,26.28627511
3728,41.29809036,24.68058842
3729,40.62048472,22.09257122
3731,40.94019522,24.42187619
3733,41.45380528,24.55750997
3735,37.36957022,23.10866981
3736,40.47624719,23.43547867
3737,40.88384397,24.27386575
3739,39.99891633,23.38328094
3740,41.72612275,26.22085528
3741,41.698837,26.30686139
3742,41.62576525,26.32262219
3743,40.65300456,22.53132361
3745,40.58686833,22.32302228
3746,40.76894633,22.15772169
3748,39.97031942,23.36770553
3749,38.04660953,23.67399583
3750,41.12659164,24.20155461
3751,40.44225147,21.24080972
3753,40.84567339,25.87442372
3754,40.31652778,24.21075
3755,37.96731067,23.50780039
3756,41.08819047,22.28344489
3757,41.13942631,24.88980936
3758,40.49161939,22.57106492
3759,38.04194489,23.84216133
3761,40.54006419,21.1616465
3762,40.43605175,21.13429128
3764,41.08977161,23.54959356
3765,38.01932467,23.76690883
3766,41.26269194,25.44944206
3768,40.52391511,21.66052267
3769,39.92633811,21.13662425
3770,41.26611111,23.60694444
3771,40.425321,21.5231855
3772,37.92097108,23.72449147
3773,40.84886069,25.88690581
3774,37.90736011,23.75051017
3775,40.84906983,25.72412833
3776,41.07082328,23.93733994
3777,40.84903994,25.8889355
3779,35.25807614,25.60781964
3781,37.96606008,23.75132672
3782,40.85251167,21.47845419
3783,40.06163889,23.35530556
3784,37.94564892,23.5028375
3785,40.46231478,25.64812119
3786,40.99174972,24.41066453
3787,38.05050258,23.79818983
3788,41.23170319,25.45960756
3789,40.27783161,23.68600628
3790,40.27265094,22.50558011
3792,38.00215036,23.78873089
3793,41.20366667,25.52327778
3794,39.92780856,23.70684839
3795,40.56920547,23.50797044
3797,41.30894822,22.81344744
3798,41.21823369,23.01236844
3799,41.28565781,23.20381825
3800,41.29596683,23.29813125
3801,40.84645222,25.87457906
3802,37.97477669,23.85665772
3803,40.07467806,23.44690656
3804,38.03302728,23.78215172
3805,38.46593728,23.122512
3806,37.98722061,23.91079547
3807,40.63037653,22.06897606
3808,40.62741997,22.43971175
3811,40.52461489,22.13261636
3813,40.76181692,22.16117428
3818,40.85858389,24.70405072
3819,40.10764064,21.46328194
3821,40.88116233,23.75210628
3822,40.50920122,21.25414639
3824,40.93833333,24.41277778
3825,40.93955556,24.41069444
3826,40.91842172,24.68936781
3828,40.59070256,21.19091603
3829,40.45909086,21.30871194
3831,40.78147378,21.41089239
3832,40.08536253,21.43055581
3833,41.09080714,23.55124628
3834,41.05615489,22.78530569
3835,40.24314833,23.30146822
3836,40.514912,21.68066708
3837,41.094709,24.85528836
3838,40.96107347,25.13584294
3839,40.84337103,25.87171667
3841,40.21658789,24.3231105
3843,40.322845,23.03781814
3845,41.11883994,25.40096814
3846,35.51616047,24.01858211
3848,37.96882019,23.72452072
3849,41.50433028,26.53248208
3850,37.08338394,25.37076058
3851,37.84706347,22.62310142
3852,37.97603194,23.73459536
3854,41.08287639,24.63565414
3855,40.88376472,24.24410933
3856,40.90690681,24.34246364
3857,39.61753272,19.83927625
3858,40.86109967,23.607534
3859,36.27699692,22.96551708
3860,40.42789731,23.50169453
3861,40.81327872,24.18734317
3866,37.77355753,26.85055056
3867,36.96689222,27.03535297
3869,38.11400508,23.79610325
3870,41.29855556,24.08394444
3871,40.81293069,23.94127297
3873,40.96878986,25.43938675
3874,40.9484075,25.37722214
3875,40.88522156,21.40623783
3876,40.92467978,24.38949519
3879,41.20769225,25.45940778
3880,37.51729025,22.97934058
3882,39.99138889,23.60888889
3883,37.02327633,22.14268861
3884,40.38388889,23.44611111
3885,40.00111111,23.57138889
3887,40.24888889,23.28416667
3889,38.07475883,23.78905192
3891,40.28316742,23.40161439
3892,37.74561956,23.93621989
3894,35.20959714,25.71462306
3896,40.27555556,22.57944444
3898,40.51463719,21.67906153
3899,40.51382931,21.68001328
3900,40.51360586,21.68087883
3901,40.51488158,21.67932267
3902,40.93759267,24.41175281
3904,40.51472222,21.68
3905,40.19106114,24.24831058
3906,40.32099431,23.04069878
3909,40.46357725,21.92542875
3911,41.09221233,23.54959739
3912,40.63837022,21.70668636
3914,40.46614458,22.22523261
3917,38.063,23.84161111
3918,40.67651558,21.96974706
3920,40.55747222,22.99405556
3925,40.54175861,22.30856867
3927,41.04889258,22.78995067
3928,40.41125819,22.14679064
3930,41.10338128,23.54943428
3931,41.09599133,23.55312075
3934,36.40263242,25.47338667
3935,40.17221717,24.38008392
3936,40.49862356,21.24826656
3939,40.78364283,21.57478542
3941,40.80142542,23.80510517
3943,41.1856025,25.82722458
3944,40.53745519,21.72771111
3945,40.44914406,21.67083883
3946,40.28383767,24.22146061
3947,40.47511808,21.74776697
3951,38.02347408,23.73641572
3953,41.13929897,24.88844575
3954,41.13188281,24.88675233
3955,37.42458383,24.94911942
3957,40.15403586,22.54671664
3958,41.06284914,25.03312444
3959,37.94681672,23.72872419
3960,40.968285,24.13206464
3962,40.99782103,22.86790667
3963,40.65864197,22.92571681
3964,40.30373144,23.09894578
3966,41.10695653,24.10975792
3967,40.30311422,24.23139125
3968,36.70023817,24.47187739
3970,41.19613331,25.5909465
3972,37.95513511,23.71678433
3974,40.31492636,24.21201053
3975,40.2915805,21.84143339
3976,39.22455119,22.76930736
3977,36.93210967,25.59771922
3978,40.14275522,24.38395544
3979,40.30557339,24.16241539
3980,40.27020125,24.17861783
3982,40.01092608,23.43243892
3983,40.19502778,22.51755556
3984,40.58955203,22.94251203
3985,35.19526983,25.71701392
3988,37.96854,23.7129775
3992,38.05,23.7875
3993,37.43555556,25.32944444
3994,40.46958353,22.09035667
3996,40.63146031,22.07293031
3997,39.53528869,20.87276772
4001,39.90836181,22.63563742
4002,39.70789706,20.71160642
40021,40.57586956,22.97109994
4003,39.8608565,22.53116681
4004,39.79440128,22.46344869
4006,39.54842958,20.97380094
4008,39.64025408,22.41655425
4009,39.63724125,22.42260767
4010,39.63156461,22.41060175
4011,39.63055117,22.45482811
4012,39.69554128,19.83814314
4013,39.60324456,22.43710428
4014,39.56580717,22.46675753
4015,39.83147444,20.92706408
4016,39.82095606,21.22396719
4018,39.48099583,22.60865556
4020,39.04880378,22.91388172
4021,39.34656539,22.82347575
4022,39.38517056,22.74768097
4023,39.44374522,20.27164411
4025,39.36299581,22.94722792
4026,39.36793836,22.95524253
4028,39.38984733,22.99756447
4030,39.30613258,22.92342447
4032,39.95480258,22.65145192
4033,39.285064,22.74236997
4034,39.18137103,22.76200908
4035,39.26585419,22.79868356
4036,39.55182856,22.17766747
4039,39.46382975,22.74490889
4040,39.16335144,20.98653928
4041,39.15783144,20.98802219
4042,39.18432297,20.99902247
4043,38.95655569,20.75376236
4044,38.96983989,20.79629175
4045,39.03810553,20.73382158
4046,39.20457339,20.88368092
4048,39.40751986,20.85126806
4049,39.53286569,20.84553206
4050,39.66742489,20.85326947
4051,39.65323081,20.842964
4052,39.69666667,20.89133333
4053,39.69644186,20.61092039
4054,39.62998358,20.45733367
4055,39.50482075,20.26430903
4056,39.48400225,20.23638978
4057,39.73363364,19.82678178
4058,39.77807856,19.74844775
4059,39.72438603,19.71960697
4060,39.70085528,19.69788314
4061,39.64002122,19.74426942
4062,39.76335636,19.91678925
4063,39.70144728,19.77574022
4064,39.62437589,19.91309597
4065,39.62084239,19.91980681
4066,39.71081183,19.751898
4067,39.54580225,19.91487306
4068,39.45918658,19.95259825
4069,36.88283875,27.32940969
4070,39.42542633,20.06549358
4072,38.1789515,20.48806933
4073,39.74718314,19.87296244
4074,39.59974303,19.79788006
4075,39.62185211,19.92047083
4076,39.52994322,19.91087975
4078,39.78360597,19.92191703
4079,39.19418439,21.10460461
4080,39.197078,20.18894928
4083,39.2347835,20.94764775
4084,39.65870872,20.98432397
4085,37.75472836,21.88847939
4086,39.20531719,20.16407925
4087,39.78322575,21.22545653
4088,39.80203561,21.32897661
4089,39.7573105,21.49950225
4090,39.77179528,21.66583922
4091,39.70733244,21.62242086
4093,39.56158781,21.76972644
4094,39.52871969,21.43958142
4095,39.50036956,21.54005019
4096,39.45974381,21.62217317
4097,39.43084286,21.66435117
4098,39.36557594,21.57605081
4099,39.38823611,21.73421461
41002,36.89,27.18416667
41009,38.90045814,22.43448186
4101,39.36628736,21.92069042
41012,36.42953067,28.19963722
41019,37.01633808,25.24897925
4102,38.95958369,20.75171914
41020,37.03666408,25.26060525
41023,37.12601178,25.24453981
4103,39.33890969,22.09721414
41031,39.38883344,20.11048283
41035,41.11062278,25.35380439
4104,39.38891069,22.41308678
41044,38.62864169,21.41075672
41045,37.99522178,23.65446808
41048,37.98801647,23.73514672
41049,38.63126747,23.07626447
4105,39.29418289,22.383652
41052,38.90014303,24.56126019
41055,36.787409,27.14825933
41057,37.93292697,23.88583353
4106,39.2333525,21.79689658
41064,37.97866667,23.73172222
4107,39.54363394,21.79108428
41074,41.22874808,24.18811708
4108,39.89725,22.18892206
41086,37.90256297,23.75663919
4109,39.86031928,22.25054489
41091,38.2861705,21.76870789
41094,40.53381264,22.99559303
41096,37.93277778,23.88583333
41098,37.94649053,23.63360683
4110,39.73868672,22.28691006
41105,36.6773585,24.52068217
4111,39.47144547,22.08418042
41111,37.94291822,23.64645
41114,37.89563847,24.03712517
41117,40.70758531,22.76798522
41119,37.03105228,25.05684969
4112,39.78252714,22.83648958
41120,38.00253189,23.80794653
41122,38.26176772,21.73973878
41123,38.52615533,23.67713867
41125,37.78816842,24.08100194
41128,38.91430556,22.42555556
4113,39.69308144,22.72925089
41131,37.99321578,23.79950253
41136,38.00889331,23.66122697
4114,39.50684681,22.64249647
41140,35.36833944,24.49724014
41142,37.99909167,23.80160008
41146,36.79563658,24.57319828
41155,38.04000453,23.94148389
4116,40.12503542,22.00362803
41162,36.64477881,23.01686047
41166,36.75833333,24.42527778
41167,38.01386011,23.69255069
41168,35.53645067,23.80190142
41169,37.98956669,23.78787539
4117,40.25564811,22.07575639
41172,35.33864747,25.13373567
41174,37.97099958,23.7436325
41175,36.37361111,25.47944444
41177,38.34256789,23.59244461
41178,37.88756889,23.72765936
4118,40.30026469,21.79339456
41183,36.93305556,24.6925
41188,37.99802075,23.66857567
41197,37.80588889,23.80038889
4120,39.15388283,20.58834606
41205,38.44929978,22.92604414
41206,40.09683042,23.78545992
41207,38.53228172,23.09477789
4121,40.18579308,21.99815994
41210,38.06231692,23.77394375
4122,40.51422039,21.68088661
41221,37.41653169,25.33701717
4123,40.30148892,21.78862239
41230,38.02705844,23.77512308
41232,38.31663772,22.57188439
41234,38.04131633,23.74803625
41238,38.03930644,23.75106764
4124,39.43636533,20.003917
41243,37.94002236,23.66157858
41245,38.04599439,23.67339336
41249,37.99180556,23.75508333
41250,37.98720033,23.76858125
4126,38.14968456,22.34783725
41262,38.00888614,22.64640206
41264,39.06304628,26.59929689
4127,39.85724575,19.37926892
41276,38.02318986,23.70369444
4128,39.41618997,23.15533839
41280,40.97641342,24.70655689
41287,35.33931864,25.37457597
4129,39.38280044,23.16985131
41291,38.50139133,23.53599547
41297,37.85004811,21.56774975
4130,39.31428278,23.22586269
41306,37.25566667,23.16336111
4131,39.32846417,23.15229828
41310,38.01817319,23.78756567
41314,37.96822569,23.69525494
41317,38.37515997,23.38308858
41320,35.00568353,25.81509169
41325,37.97321283,23.75051958
41328,37.30611111,24.37972222
41329,39.546,20.78852778
4133,39.42835647,23.11678964
41330,37.38897864,24.39518775
41332,37.33492381,24.41849292
4134,39.44601028,23.09148439
41341,38.08694142,23.79779889
41342,38.654,23
41347,38.079303,23.73916436
41348,39.15020678,21.48168008
4135,39.30850233,23.12161356
41353,37.95348747,23.68145469
41356,37.94430925,23.65421047
41358,37.99433333,23.34072222
4136,39.40392308,23.05274375
41362,41.18514808,24.83708586
41366,37.56168256,22.17397022
4137,36.43389258,28.23856608
41372,37.88358333,23.9335
4138,39.17064242,23.2543645
4139,39.0999095,23.07901783
41391,39.55418922,19.91002894
4140,39.25550717,22.62189708
4141,39.22589422,23.21963467
41418,40.637037,22.93834522
4142,39.39057811,23.01205156
41430,37.90125108,23.72338239
41434,37.962375,23.68637778
41436,40.54514111,21.65590328
4144,39.38248844,22.90032639
41448,38.90922025,21.84547086
4145,39.79305556,19.82861111
41456,38.07673253,23.17384039
41459,37.96948289,23.76808822
4146,39.53002119,21.49670583
41461,38.06912133,23.84292911
41462,37.97799436,23.75583411
41465,37.97780508,23.72685517
41466,38.93065828,24.56970544
41467,38.03802778,23.98275
41469,36.40838572,25.46821003
4147,40.04937025,20.75270925
41475,39.76906289,20.76306842
41478,38.04402558,23.80618722
4148,40.23396625,20.82298803
41482,38.00152656,23.78402072
41487,38.02616519,23.73354986
4149,40.05943019,20.7604195
41493,38.91237583,22.51144658
41494,37.67816667,24.05816667
41497,38.46104589,23.61811169
41498,37.41083333,25.35972222
41500,38.00961111,23.82502778
41503,36.26461881,23.07724506
41504,38.06661111,23.82094444
41507,38.08633056,20.80149722
4151,36.43448083,28.24026789
41512,37.29566667,23.20102778
41514,37.91688469,22.96516292
41515,36.44944444,28.22
41518,36.37805556,25.48527778
4152,39.87958811,20.66610919
41521,38.04198111,23.53427367
41525,37.93483419,23.63507914
4153,36.43448086,28.23865681
41532,38.94663889,21.17802778
41534,38.08234639,23.82713936
4154,39.81570233,20.75187214
41545,37.98266667,23.75975
41546,37.98853611,23.93530833
4155,39.92067617,20.49206692
41552,40.64499272,22.96291036
41553,40.59519414,23.01152742
4156,39.93124519,20.37687508
41562,39.93803214,23.55448906
41563,39.62703097,22.39801736
41567,40.84186314,22.77274083
4158,40.00477197,20.6186625
41580,40.62948044,22.95169253
41581,40.59030556,23.00683333
41584,40.54833333,22.2685
41587,40.7743465,22.35236939
4159,39.40081869,21.73730247
41590,40.80251522,22.36261392
41592,40.72013889,22.29752778
41594,41.12394444,24.90913889
4160,39.55814042,21.76735869
41606,39.3896975,22.07589439
41608,39.34575519,22.08516206
4161,39.66835844,22.38615464
41610,39.547212,21.75885656
41614,40.61458753,22.74526264
41616,39.14083333,23.86583333
4162,40.13475303,22.16448556
41620,40.69833114,22.95144219
41621,40.81696697,23.28145581
41631,38.09278919,23.76213514
4164,39.95060636,21.96653917
41645,37.93186111,23.87702778
4165,39.76030433,22.57979172
4166,39.77463889,19.86213889
4167,39.26410675,20.92324458
41680,38.07974444,23.80675833
41683,39.27141667,22.75063889
41687,37.99033333,23.78094444
4169,39.36307644,21.94719947
41690,37.91858333,23.07766667
41693,37.95286111,23.64216667
41695,40.39416667,23.89480556
41696,40.48561111,23.70175
41698,40.58913889,23.75263889
41699,40.52513889,23.78586111
41702,38.89155556,22.93936111
41709,37.85136111,23.75055556
4171,39.60438775,22.01295103
4173,39.68134833,21.57279781
41731,40.60045556,23.74833333
41734,40.60045556,23.74833333
4174,39.67594678,21.56929069
4175,39.66001847,22.43869631
4176,39.84084836,22.15269322
41766,38.09633333,23.58502778
4177,37.01233567,25.24152708
4179,39.16581278,20.75302267
4180,39.7819705,21.98028397
4181,39.48446664,21.84525253
4182,39.19629867,22.11009653
4183,39.28784839,21.05909439
4184,39.37268708,21.18422753
4185,39.08850783,20.92057217
41858,37.42752778,25.31891667
4187,39.32276017,20.35499969
4188,39.28613008,20.40160931
4189,39.23853894,20.60187203
4190,39.25585869,20.78722742
4191,39.40812847,20.24344742
4192,39.35916817,20.43750331
4193,39.46778978,20.512086
4194,39.60120733,20.30833678
4195,39.64502144,19.85844286
4196,39.60696842,19.88867517
4197,39.64426192,20.35759197
4198,39.46001986,20.38762703
4199,39.42053792,20.28627511
4200,39.36929047,21.17300925
42006,40.47586111,25.52322222
4201,39.09874139,21.03717642
42010,40.78422222,22.26608333
42011,40.84036111,21.15902778
42012,40.74228939,21.01858186
42014,41.14972628,24.14658247
42015,41.15118911,24.1475585
42016,41.14740944,24.14747203
42017,41.14852269,24.14880008
4202,39.0871035,20.90287378
42022,40.50346075,21.77743767
42025,40.90847222,24.70794444
4203,39.22877286,20.79399922
42035,40.78451361,24.67112925
42038,40.58260581,24.66577986
42040,40.79028219,24.62861444
42046,40.59577778,24.62066667
4205,39.29725706,20.54885344
42052,40.5041415,25.52407233
42059,40.32552578,22.30887711
4206,39.30213686,20.38596031
4207,39.58285844,20.68036664
4208,39.49969,21.79525219
4210,39.83708233,21.87606547
4212,39.6358265,19.87752164
4215,39.31209558,21.77413344
4217,39.21740969,23.21568331
4219,39.28998844,21.40024875
4220,39.485345,21.31631931
4221,39.47352886,21.32586439
4222,39.24335233,21.60521108
4223,39.43396106,21.55306375
4224,39.28277778,21.56361111
4225,39.28140833,21.59271278
4226,39.2986385,21.44769992
4227,39.3810315,21.6351005
4228,39.45947097,21.658438
4229,39.50830564,21.69528131
4230,39.31965417,21.493187
4231,39.42974325,21.47076772
4233,39.71745194,20.79271578
4234,39.19294583,21.33996006
4235,39.42378169,21.05471381
4236,39.97443153,20.68800122
4237,39.8441405,20.41589667
4238,39.45180119,23.1257085
4239,39.57694856,21.11207131
4240,40.02966047,20.43266061
4241,36.43614747,28.24026789
4242,39.81301808,21.00028539
4243,39.42087856,20.72735125
4244,39.93448583,20.46469919
4245,39.89048789,20.81744333
4246,39.60419103,22.37642775
4247,39.38094089,21.90556878
4248,39.06754842,21.98127058
4249,39.27363111,22.0569275
4250,39.11862939,22.09136478
4251,36.4361475,28.23862903
4253,39.43280067,22.85731125
4254,39.62626486,19.92362136
4255,39.32807731,22.92398119
4258,39.42801108,22.74614031
4259,39.826966,22.30989897
4260,39.307521,22.50642656
4261,39.38257822,23.18701972
4262,39.06557381,22.53530389
4263,39.16946428,22.84035044
4265,39.60680483,19.91527039
4268,39.42641803,22.21514508
4271,39.62375658,19.91929761
4273,39.69934925,22.24735325
4276,39.62460208,19.92127819
4278,39.27276867,21.27423319
4282,40.02641375,20.98616606
4283,39.14566353,22.05184994
4284,35.31718083,25.395297
4285,39.55797814,22.09291056
4287,39.77929028,21.45807933
4290,39.61698614,21.50172842
4291,39.54687939,21.26348892
4292,39.551187,21.36868022
4293,39.52152914,21.41035203
4294,39.71186792,21.40968767
4295,38.37737425,26.13042092
4296,39.19060225,21.78227756
4297,39.21623092,22.055013
4298,39.42879797,21.63382803
4299,39.38706272,22.04861317
4300,39.48684583,21.90524189
4301,39.14643667,23.20759544
4302,39.14029589,21.80133439
4303,40.17266439,20.77813736
4304,39.48719242,20.86603686
4305,39.15265908,20.71859008
4306,40.13271597,20.73668928
4307,39.38784947,20.51821878
4308,39.24779414,20.68751111
4309,39.21546886,20.62785553
4311,39.35015428,21.27935333
4312,39.40990361,21.21790808
4313,39.85182239,21.22845747
4315,39.17878153,23.50248167
4317,39.88292181,22.57476817
4320,39.83896178,22.77233128
4321,39.74434139,22.78467925
4322,39.72033653,22.75820114
4323,39.71967378,22.86889544
4324,39.6042,22.75004886
4326,39.36878469,21.38758158
4327,39.9662045,22.44602694
4330,39.13667128,26.50423661
4331,39.73237111,20.32303219
4333,39.90782039,22.13291878
4334,39.46446233,22.44716072
4335,39.62421197,22.53385481
43354,37.98666578,23.77560414
4336,39.95982589,21.96495731
4337,39.69242169,22.86681072
4338,39.71993181,22.57965247
4340,39.51811278,22.46571414
4341,39.59192589,22.29545617
4342,39.13471833,22.01149503
4343,39.3732295,20.30284231
4344,39.54799919,20.78074536
4345,39.993484,22.62436817
4346,37.43631833,25.40883603
4347,39.39354506,21.28543764
4348,39.61515911,21.47010744
4349,39.79821008,21.32958731
4352,39.56994675,20.29937517
4353,39.39546872,20.35769769
4354,39.34971078,20.62107717
4355,39.30059864,20.44701556
4356,39.16727769,20.56864133
4357,39.22961958,20.14007653
4358,39.19869856,20.18668517
4359,39.46253939,21.01940256
4360,39.51977369,21.02418442
4361,39.49141506,20.97690508
4362,39.73224647,21.10992444
4363,39.75271475,20.64987886
4364,39.75967625,20.69039469
4365,40.07219811,20.61505675
4366,39.93486267,21.00660194
4369,39.59044767,22.91983789
4370,39.3589025,22.79938381
4371,36.86074639,22.60925411
4372,39.23311242,21.91470847
4373,39.24576064,21.98665614
4375,39.31994289,20.91049386
4376,39.39613369,22.96398978
4378,36.96860747,22.75478561
4379,37.83238694,21.2694895
43806,40.09602225,22.36208147
4384,39.36303,22.943771
4386,39.3575,22.96694444
4389,39.71224444,19.80316758
43892,40.08105644,22.37359942
4390,39.31418011,22.87786733
4391,39.07413006,22.80744542
4392,40.06354753,20.56994539
4393,39.54453461,20.74772975
4395,39.19825917,21.25481969
4396,39.19178264,21.13572547
4398,39.31818283,20.76157367
4399,39.07973719,20.70013942
4400,39.62573583,20.86256633
44001,37.73181972,21.960799
44008,38.24233333,21.74244444
4401,39.16251842,20.93609597
44012,36.90245878,27.28567856
44015,35.4881775,23.69094736
44018,35.49719383,23.96216469
4402,39.77143919,21.18628269
44020,37.19093433,22.90447386
44021,37.24671494,22.54816964
44022,37.43777047,21.77092261
4406,39.39603772,23.15640361
44062,37.46192425,24.90199514
44063,36.37144967,25.45977439
4407,39.85987039,22.729977
44073,37.14200625,24.51646778
4408,39.43595611,22.32884756
4409,39.64083306,21.33720053
4410,39.67086025,21.66197944
4411,39.85348142,21.61944319
4412,39.69221436,20.82575728
4413,39.74356442,21.3794885
4414,39.59856911,21.92363578
4415,39.64048747,21.8307895
4416,39.30440006,22.36590497
4418,39.60605542,21.30516292
4419,39.67669122,21.84637581
4420,39.67279942,21.36838347
4421,39.28028531,20.85162903
4422,39.25247628,20.88500425
4423,39.75540461,20.09114286
4424,39.31972222,22.24138889
44278,35.3854625,24.59108353
4431,39.52551,21.71814592
4432,39.79460067,19.77735472
4438,39.64637006,20.80654808
4439,39.89207672,20.62323675
4442,39.79544039,19.68680133
4443,39.50414336,21.41728164
4444,39.88233975,20.70535644
4445,39.23599231,23.24950547
4446,39.33102592,23.06558989
4447,39.28269792,21.50249322
4449,39.14776267,21.84274006
4450,37.78105556,26.87180556
4453,37.97685,23.736275
4456,39.55553222,21.72510917
4457,39.44440258,21.78448608
4458,39.56910094,21.64979469
4459,39.68774097,21.62267211
4461,39.56891492,22.54114692
4462,39.00518136,22.96685933
4463,39.10448172,22.89464631
4464,39.63846356,22.41783378
4465,39.67646964,22.46081411
4466,39.11836772,23.08737694
4468,38.16770092,22.27903225
4470,39.26937272,21.25362786
4472,39.60063425,20.9739935
4473,36.45595703,28.22192931
4474,39.60655256,20.86068572
4475,39.58902294,20.59681531
4476,39.39718136,23.06335039
4477,39.13315725,22.89705922
4478,39.93500797,22.17215372
4480,35.32423872,25.38979417
4482,39.84481397,19.40773172
4484,39.73529269,19.85056803
4485,37.12097053,25.23537647
4486,39.371449,20.11240408
4487,39.63694444,20.865
4488,39.56833094,19.88577603
4489,39.67401644,20.84976211
4490,39.39036131,23.00129756
4491,37.12553653,25.24100833
4492,39.59550472,20.23911864
4493,39.52980431,20.49802314
4494,39.37781231,23.03085108
4495,38.69656761,20.74885086
4496,39.62638889,19.92444444
4497,36.91348158,27.28035278
4500,38.69471831,20.74484983
4503,39.38769319,22.93119069
4504,39.62416175,22.4197555
4505,39.64185014,22.41292042
4506,39.63961319,22.42948019
4507,36.90687642,27.26597719
4508,39.57373328,21.74869186
4509,36.77116044,27.05295831
4510,37.84813978,21.10967894
4511,39.45732806,21.25877183
4512,39.33945881,20.99490192
4516,39.60994672,19.77958961
4517,39.63271436,22.44482644
4518,39.60118294,19.84031717
4519,39.63351542,22.3979115
4521,39.68501056,19.73410944
4522,37.03708714,22.08132139
4523,37.51949167,22.37291806
4524,39.62489036,19.92431181
4525,39.74818253,19.87259425
4527,36.83275694,27.06162356
4528,39.60830267,19.87749886
4529,39.21557464,21.87551469
4530,39.09185611,21.98504486
4531,39.6225,19.92555556
4532,39.77293136,21.80845994
4534,39.66412111,20.85165433
4535,39.28058994,20.42502697
4537,39.62408647,19.92334511
4539,39.73629411,21.01200039
4540,39.19694444,20.18972222
4541,36.84013761,27.06583353
4542,39.95855611,22.01843567
45423,39.88418997,20.67992672
4543,38.41546511,26.11712528
4544,36.87987964,27.14641356
4545,39.45143567,21.42263239
4546,39.57496439,19.86496675
4548,39.79302536,19.85677069
4549,39.79040408,19.81612789
4550,39.66916667,20.85694444
4551,39.34360342,21.52615547
4553,39.64000228,21.54194964
4554,40.03970572,20.88167961
4555,40.18377431,20.93416167
4556,38.69572928,20.75267258
4557,39.45931672,21.57665883
4558,39.62751464,19.92509572
4559,39.43768125,20.60452286
4560,39.34113331,23.21013239
4561,36.68852789,23.0559255
4562,39.47589856,20.9927855
4563,39.63918933,20.81461678
4564,39.38969644,20.78647636
4565,39.48174297,20.83824528
4566,39.58677417,20.81342453
4567,37.070687,22.06153336
4568,36.85234797,27.10433131
4570,39.41843386,23.15484458
4571,39.50619175,22.11189972
4572,39.62629247,19.92040136
4573,39.43784861,20.48555333
4574,39.70638889,21.69166667
4575,38.33452303,26.12420906
4576,39.62561056,22.42841683
4578,39.62554967,19.92319197
4579,39.63765017,22.41898636
4580,39.96845494,20.71891586
4581,39.62555242,19.92152861
4582,39.63760706,20.26519322
4583,38.31450128,26.134448
4584,39.13963047,22.72908381
4586,39.44371117,20.39690125
4587,39.44572222,20.38030556
4588,39.55444444,20.64416667
4589,39.83285867,21.36915653
4590,39.62308322,19.92584739
4591,39.66861111,20.85166667
4592,39.62737125,19.923233
4594,39.70305275,20.78952506
45940,39.23758333,20.48388889
4595,36.89817489,27.28741306
4596,39.65989283,20.85195656
4597,37.51399056,22.3759255
4599,39.55527778,21.76805556
4600,39.63871072,22.42058903
4601,39.36182081,22.94659572
4603,39.75825589,21.12045606
4604,39.75392869,21.13938503
4605,39.75618856,21.16060583
4606,39.76069767,21.16857408
46061,39.16367167,23.47984067
46067,39.30730281,21.69206917
4607,37.97922222,23.73552778
4608,39.54771903,21.77497586
4609,40.13808139,20.846691
4611,37.51039769,22.36560761
4612,36.77721142,27.134968
4613,37.50052553,22.37939592
4616,39.45866217,22.92907136
4617,39.79620239,22.61089125
4618,39.88116689,22.53040233
4620,39.143628,20.96736661
4621,37.88597261,23.91854447
4622,37.48434267,25.31024275
4624,39.08620422,20.94599031
4625,39.36402086,21.92416944
4626,38.20742353,26.04210439
4627,39.67757161,21.20984475
4628,39.15492181,21.19057183
4629,39.36350547,22.93024889
4633,35.58844286,27.08108319
4634,39.58300075,22.4689815
4635,39.38696714,23.17176778
4636,38.99062597,20.74222194
4640,36.44608222,28.22762328
4641,39.46048406,21.32986414
4642,39.44085436,21.37967681
4644,36.44648822,28.22488972
4645,37.35942394,23.08976208
4646,39.13642494,21.03519694
4647,39.59274667,19.91964097
4648,37.07698242,25.132566
4649,39.66626942,21.42648147
4650,39.22496303,21.46422361
4651,39.37557381,22.93558889
4653,39.29196417,21.69883531
4654,37.04887453,22.07921111
4655,39.35688186,21.89316556
4656,39.41113261,21.98009508
4657,39.73461397,19.89777247
4659,37.14048,25.28734836
4660,39.67548439,21.56856425
4661,39.62754514,19.92121097
4662,39.62620711,19.91946306
4663,39.14637247,23.46262764
4665,40.00000292,20.53983553
4667,39.64168197,20.86434794
4669,36.35341994,25.40350806
4670,39.65724439,20.85903119
4671,39.68413436,20.82687106
4672,39.61083008,22.44082431
4673,39.46978381,21.536254
4674,39.47989547,21.54484464
4677,39.63434217,20.85057486
4678,39.41914697,20.62079614
4679,39.61706597,20.76617819
4680,36.77083786,21.93203017
4681,39.16166667,20.98416667
4682,37.99522758,23.34413028
4684,36.73049386,25.25720853
4685,39.12884922,21.94917972
4686,37.90175233,23.87321917
4687,38.00494072,23.87891453
4689,39.3609235,22.95141808
4690,38.19170608,26.02988697
4691,38.04494561,23.71357481
4693,39.29577011,21.95552906
4694,37.82040306,23.83566203
4695,40.51406019,21.68086036
4696,39.74619278,22.36415572
4697,39.64280125,22.41135458
4698,37.82189114,23.80387992
4700,37.87023286,22.97657822
4701,36.38582736,28.03484278
4702,39.76471764,21.17269756
4704,38.16859503,23.82497731
4705,39.61272267,22.41185617
4709,39.37166667,22.93638889
4710,37.93270425,22.87531922
4712,39.35951383,22.94871881
4713,39.63559086,20.8664515
4715,36.37177442,28.22317444
4716,37.93952961,22.93122322
4717,38.32552022,23.74005219
4718,39.67326028,20.85685286
4719,39.51302808,20.59102594
4720,39.62438236,19.89902678
4721,39.62296628,19.91951306
4722,36.07849797,28.07590197
4723,40.46647839,21.83988214
4724,40.40475225,21.74557631
4728,39.66847081,20.85309675
4730,39.36643744,21.92398358
4732,39.21399044,20.5328045
4733,39.52016039,21.72786047
4734,35.51508819,23.94036839
4737,36.3431365,28.20274228
4738,36.72431231,25.24959264
4739,39.63820767,22.41784789
4740,39.64027778,22.41666667
4741,39.64021469,22.41938994
4742,39.63611456,22.41561256
4743,39.10624747,21.13698825
4744,39.60891392,22.88176617
4745,39.46260528,21.84725131
4746,37.84522119,23.82130844
4747,39.63988725,22.41628364
4749,39.56478233,21.80816281
4751,39.62575742,21.73827717
4752,39.36057772,22.96759972
4754,39.75884653,19.66016344
4756,36.44222222,28.22611111
4757,39.54673358,21.76170211
4759,39.60844247,21.71352578
4762,39.77697111,22.50972892
4763,39.07965789,22.96522369
4764,39.38418914,22.92370614
4765,39.363939,22.88047772
4766,39.65964589,20.85398033
4767,39.37990633,20.32808411
4768,37.97747222,23.86869444
4769,39.18076722,20.96145336
4770,39.82863878,22.79843114
4772,40.05329597,20.83017981
4774,39.14368369,21.02375981
4775,39.24916667,22.58972222
4776,40.69858389,23.05403394
4777,37.06666914,25.11382522
4778,37.71806806,23.94657628
4779,39.28121378,21.53115117
4780,39.55374517,21.76736036
4781,37.18007203,21.91921786
4782,39.59446881,22.47032689
4783,39.72933183,22.669912
4785,39.55410628,21.76616583
4786,39.50596983,22.26756503
4787,39.65679303,20.96143211
4788,39.68052019,20.966973
4789,39.69737069,20.97029589
4790,39.50013344,20.43409958
4791,39.63750372,20.86767033
4792,38.34532736,23.3612555
4794,39.18850492,23.21896386
4795,39.88974992,22.18753267
4796,39.32268661,21.60355031
4797,39.7561375,22.47894772
4798,39.36115983,22.94544514
4799,39.49781639,20.46303333
4800,39.498796,20.46133308
4801,39.66281369,20.85503447
4802,39.3422425,21.90584389
4804,39.32972203,23.12394067
4805,39.69334883,20.82224122
4806,37.04317828,21.94478539
4807,35.52015669,23.86655242
4808,38.77812583,20.60145208
4809,39.50529828,20.44577375
4810,39.35907703,22.95139608
4811,39.34178022,23.00956808
4813,35.51000203,27.21648
4814,40.26550767,20.76372061
4815,39.49571575,20.50755106
4816,36.76964342,21.93102981
4818,39.72558183,22.75517061
4819,39.49916667,22.55722222
4820,39.94606017,19.95849769
4821,36.94874528,26.98357892
4822,39.40624228,23.17371381
4823,37.96509925,23.89936711
4824,38.11799614,23.84129814
4825,39.36689731,21.92538089
4826,36.79124389,21.88721289
4829,37.68189117,24.34369978
4834,36.87936678,21.78881578
4835,36.68353878,25.38199417
4836,39.46413819,20.79077856
4837,36.68842339,25.38171631
4839,39.62922061,19.89678469
4840,36.39707714,25.43813744
4841,39.63897608,22.40720142
4842,39.33900778,23.01408831
4843,39.35524458,23.20660469
4844,36.84361111,22.25861111
4845,39.66872558,20.85208086
4846,40.29619242,20.77029764
4847,37.15127214,26.86568244
4848,37.94328469,22.93214256
4863,39.58085467,20.73954417
4864,39.45724586,20.34114894
4868,39.63554614,22.41814794
4870,39.58456464,19.822229
4871,39.54361719,19.85196225
4872,39.40555036,20.09836825
4875,39.42444444,23.14194444
4876,39.36653539,22.92654211
4878,39.61966358,22.49041381
4879,39.61512514,22.42756497
4880,39.64737925,22.429914
4881,39.63437139,22.42913425
4883,39.43357447,19.94287386
4884,36.14013889,23.00602778
4885,39.52946733,21.95332208
4888,39.26124169,21.77575647
4889,39.26474161,21.69044353
4890,39.74413014,22.05813139
4891,39.70841419,22.11809964
4892,39.61583008,22.39898647
4893,39.61691364,22.39895875
4894,39.61641356,22.39998661
4896,39.85186097,22.52456714
4898,37.99544769,22.94792864
4899,39.89061156,22.61113397
4901,40.06005556,23.46250833
4902,40.01225197,22.58277422
4904,40.07380917,23.33883747
4905,35.93347681,27.85191272
4906,39.66495092,20.85207028
4912,39.56160639,21.78316797
4913,37.58915886,25.08079425
4914,39.36916667,22.93789008
4915,39.38248617,20.91182089
4916,35.51957242,23.89711017
4919,39.36660475,22.31771314
4921,39.673317,20.84761833
4923,39.73044258,22.36504394
4925,36.76914342,21.93164092
4926,37.02418656,22.13538319
4927,39.42694444,20.90638889
4928,39.55537736,21.77013981
4929,37.24640194,21.68546575
4930,39.30099389,23.14301003
4931,39.55292689,21.76695906
4932,37.92462108,23.69393906
4933,39.08935322,23.74473253
4935,39.37085558,22.92481672
4936,38.71630756,22.32628675
4937,39.37477142,22.93356081
4943,39.37038339,22.96073817
4946,35.54078197,24.14124656
4950,39.64531769,22.41836131
4951,38.24180514,21.73994644
4953,38.81211308,20.64004719
4954,37.93593214,21.24531908
4956,39.56030189,22.60031269
4962,36.39945375,28.23179564
4963,36.36222214,28.21128031
4964,38.23223936,23.80709442
4968,38.23123433,23.80581111
4969,38.23112322,23.80808933
4973,39.05454642,26.60471336
4975,37.64632172,21.31848819
4977,36.44350853,28.22471275
4978,36.44490539,28.22878508
4979,36.44605492,28.22054958
4980,36.41923136,28.182158
4982,37.29696694,21.88406275
4983,37.93888889,23.68969444
4984,38.30302169,26.14556961
4985,39.50528922,20.89112811
4986,37.59006267,22.79823381
4987,38.34576111,22.38414144
4989,39.56251058,20.82999117
4991,41.14805556,24.88861111
4993,38.01888889,23.78027778
4994,38.04085906,23.78838206
4997,37.95573011,23.86026164
5000,38.16046575,21.37300275
5002,38.296441,21.79052919
5003,38.27864525,21.77726636
5004,38.24745428,21.76778867
5005,36.82114756,22.57025114
5006,38.25847914,21.74245767
5007,38.24748758,21.73964642
5008,38.24647061,21.73598986
5009,38.24434253,21.73393622
5010,38.23556469,21.73151814
5012,38.19722039,21.72736886
5013,38.17471881,21.70428394
5014,38.12756,22.48226869
5015,38.13921817,21.62359853
5016,38.24139808,21.75088236
5017,38.252711,21.74659608
5019,38.22070017,21.74257125
5020,37.03142131,22.11607344
5021,38.33411817,21.853399
5023,37.03960344,22.11144294
5024,37.03667133,22.12724264
5025,38.23973139,21.74507592
5026,38.23794261,21.72643606
5028,37.92609244,23.01972544
5029,37.92916539,23.14341742
5030,37.98838364,22.97506358
5031,38.07485411,23.80381644
5032,37.93110489,22.92884903
5033,37.93955556,22.93127778
5034,38.0630655,23.75013361
5036,37.91166667,22.88333333
5037,37.93839658,22.84153003
5038,37.95727986,22.80166156
5039,37.9775435,22.76145636
5040,38.01214211,22.75173081
5042,38.01922367,23.85327981
5045,38.05248317,23.83874958
5046,38.07902775,22.63154906
5047,38.09636811,22.5592155
5048,38.12759761,22.50584061
5050,37.06801942,22.06098958
5051,38.15957169,22.34354158
5053,37.90093575,23.87353875
5055,37.70044808,23.94815461
5056,38.22077331,22.09070875
5058,38.25255297,22.065924
5060,38.25243328,22.08590003
5062,38.07233575,23.60244975
5063,37.98217278,23.8523295
5064,38.18333239,21.41046989
5065,38.14450825,21.55410869
5067,38.15386472,22.31728083
5069,37.94059661,22.92070422
5071,37.65555081,23.12611611
5073,37.96757814,23.70813203
5074,37.603351,23.15643053
5075,37.63178392,23.38679328
5076,37.58159242,23.39085958
5077,37.53955228,23.36499425
5078,37.466115,23.43737461
5079,37.418494,23.34620358
5080,37.39250731,23.22637069
5082,37.3269345,23.14350103
5083,37.37995006,23.16010197
5084,37.47611519,23.20952839
5086,37.63885369,23.15462772
5087,37.02589558,22.11666897
5088,38.18972222,22.19861111
5089,38.30546386,21.94025078
5090,37.13149094,21.87526078
5091,37.25429206,23.163924
5092,38.23933344,22.12469586
5093,38.03390083,21.36716278
5094,37.91789031,21.18590458
5095,37.90424039,21.14548889
5096,37.85501522,21.25727692
5097,37.79635203,21.35012256
5098,37.74944939,21.39475139
5099,37.67451833,21.43852767
5100,37.64384272,21.62548586
5101,37.55500478,21.67892506
5102,37.48584253,21.64943158
5103,37.59722678,21.49085236
5104,37.76028308,21.4361465
5105,37.59208986,21.61859375
5106,37.04167128,22.11140769
5107,37.03558031,22.1124295
5108,37.51324942,22.37223267
5109,37.50838133,22.37669892
5110,37.58493339,22.00962653
5111,37.40278544,22.13507103
5112,37.63493506,22.73062608
5113,37.56631597,22.80237808
5114,37.07609039,22.43128286
5115,37.21528186,21.81805947
5116,37.93789919,21.26355725
5117,37.02581039,22.10946164
5118,36.93152053,21.85722083
5119,37.0535945,22.00897114
5120,36.95889528,21.92850342
5121,36.79822672,21.95885575
5122,36.81942189,21.70712386
5123,36.91323025,21.69609675
5124,37.05475242,21.64529328
5125,37.251696,21.66961217
5126,37.14889239,21.61934753
5127,36.79778492,21.86839228
5128,37.19499789,22.02879481
5129,37.82224353,22.66320958
5130,37.97800083,22.977824
5131,37.79710011,22.712753
5132,37.76785289,22.84633264
5133,37.59934561,22.81610367
5134,37.75881044,22.66218639
5135,37.52165519,22.85307022
5136,37.68960133,22.53078708
5137,36.82837044,22.98484886
5138,36.62235622,22.92547381
5139,36.76178725,22.56580092
5140,36.71389606,22.89732325
5141,36.88297756,22.54607908
5142,36.85203369,22.66674381
5143,37.05778306,22.39089853
5144,36.92764,22.462591
5145,36.514947,23.05897408
5146,36.64217625,23.02823883
5147,36.68732106,23.03643056
5148,36.67139494,22.39389169
5149,38.07361944,21.98736486
5150,37.348877,22.24898172
5151,38.15636092,22.25239411
5152,38.00834158,22.19710764
5154,37.37723006,22.49509611
5155,38.01090625,22.12293772
5156,38.09286447,22.121368
5157,38.01699,23.86358731
5159,37.67773586,22.3110285
5160,37.68445072,22.13122556
5161,37.73304908,22.75713322
5162,38.03262214,22.11249247
5164,38.18637061,20.61537581
5165,38.15384297,20.49398256
5166,38.21680972,20.38046325
5167,38.11091047,20.78825356
5168,38.39588744,20.56718506
5171,38.14115756,20.65961675
5172,38.25191744,20.648345
5173,37.93779886,22.93350425
5174,38.01724839,23.86717853
5175,38.39599344,20.67408222
5176,38.45588953,20.63263297
5177,38.17944444,20.48805556
5178,38.20111125,20.43794642
5179,36.26612158,23.04699961
5180,36.29968892,22.96499706
5181,37.95675447,23.88714117
5182,36.16609881,22.97014494
5183,37.58173094,22.96735331
5184,37.59879136,23.04751742
5186,37.96411906,23.73046903
5187,38.04166667,21.68888889
5188,37.79861556,20.89553864
5189,37.77553081,20.74697803
5190,37.88667128,20.67803056
5191,37.96622153,23.7357075
5192,37.788941,20.90054911
5193,37.75639847,20.90669872
5194,37.81833761,20.74497153
5195,37.93969728,22.92735386
5197,37.73774933,22.24013364
5198,38.30261467,20.59566442
5200,39.36472222,22.9575
5201,37.74437611,20.93226739
5202,37.52072283,21.64565678
5204,38.06269186,22.62577742
5205,38.04682836,22.54124661
5206,38.00161303,22.47398086
5207,37.88210364,23.87576492
5208,37.30890125,23.17229308
5209,37.34675875,22.76210308
5210,37.40634397,22.72288967
5212,37.24551642,22.85449625
5213,37.15859506,22.8501155
5214,37.427977,22.69170078
5216,38.32070625,23.62213894
5217,37.35889508,22.67848961
5218,37.52929031,22.35727961
5219,37.80553631,23.06247039
5220,37.83074456,21.97236331
5221,37.95273264,21.54148947
5222,37.30065439,23.20072272
5223,37.64010281,22.13970869
5224,37.65589608,21.92779578
5225,37.81982328,21.83825131
5226,38.11640028,23.86295344
5227,37.54229639,21.81234753
5228,37.48491939,21.90508625
5229,37.92807328,22.16568944
5230,37.15921542,21.58638597
5231,37.65211392,22.46549208
5232,38.13473167,22.36936794
5233,36.86178294,21.92232683
5234,37.765095,21.61745961
5235,37.90051036,22.01723369
5236,37.05096858,21.71718633
5237,37.76252975,22.57385917
5238,37.73421444,23.11863753
5239,36.50841364,22.97767294
5240,36.82608797,22.28125628
5241,36.88847125,22.23198219
5242,36.51949947,22.38239772
5243,36.44398811,22.46990292
5244,36.95051017,21.70432456
5245,37.61917169,21.66337658
5246,37.19983781,22.00430547
5247,37.67643669,22.04373622
5248,38.13333322,22.43382619
5249,37.38527747,22.570547
5250,35.86206928,23.31054236
5251,37.69250811,23.14416733
5253,37.79258008,22.40011131
5254,37.84167608,22.36410722
5255,37.87119511,22.52712422
5256,37.95188069,22.320391
5257,38.08453761,23.81052594
5258,37.69797131,21.4965595
5259,37.73750536,21.53726639
5260,37.6774455,21.59162819
5261,38.06988864,23.98969472
5263,37.86501144,21.20831178
5264,37.90990353,21.26930744
5265,37.67222703,21.43502306
5266,37.11129942,22.86817069
5267,37.80516497,22.01795536
5268,37.26391433,22.51789411
5269,37.170005,22.25256031
5270,37.19650883,22.28031167
5271,37.15444989,22.45203419
5272,37.02167236,22.567867
5273,36.90722825,22.64980808
5274,36.85158628,22.39226725
5275,36.74929944,22.45004172
5276,36.63431119,22.50363728
5277,36.82104908,22.57009217
5278,36.90424972,22.82502731
5279,36.96006272,22.99676972
5280,36.80524142,22.85155683
5281,36.52584192,23.09594342
5282,37.08733014,22.43147208
5284,37.87917364,21.94733631
5285,38.26774764,21.74402228
5287,37.40259833,22.13240708
5288,38.24994708,21.73745406
5289,38.29988519,21.77306867
5290,38.24745219,21.73131675
5291,37.93976567,22.94384167
5292,37.671505,22.18395017
5293,37.90291828,22.68101214
5294,37.86240731,22.67263472
5295,37.62417306,22.34124839
5296,37.60189583,22.68168803
5297,36.81098542,21.74997978
5299,37.51309011,22.32255017
5301,38.01427719,21.98053422
5302,38.06217683,21.89451656
5303,37.85839425,21.62438289
5304,37.98722089,22.27997936
5305,38.09418928,22.21015319
5306,37.99467458,22.02016697
5308,37.73658464,22.82548053
5309,38.10370533,22.31923533
5310,38.00505036,23.87557233
5311,37.66354433,22.93006814
5312,37.50120006,22.52287286
5313,37.54202078,22.93432303
5314,37.81759853,22.17432972
5315,38.10294931,22.41154747
5317,37.67370119,21.43595297
5318,37.72155833,20.85517478
5319,36.80864339,21.91577967
5320,37.01863386,21.78256903
5321,37.02637519,21.64284961
5322,38.06216333,23.69665892
5324,37.00836939,21.84356703
5325,37.407109,21.87854669
5326,37.44278267,21.93616528
5327,37.04278533,22.12196828
5328,37.2883105,21.81785519
5329,38.08277778,22.52691667
5330,38.15419344,21.65380261
5331,37.78130928,20.67926042
5332,37.67811686,20.80314886
5333,37.05808669,21.58269728
5334,38.25984267,21.74513375
5336,37.42359475,23.33648828
5337,37.781834,20.89783178
5340,37.88389572,21.85399144
5341,38.11009061,21.782456
5342,38.11070356,24.44090686
5343,37.33056017,21.95031753
5344,37.20459236,21.79165147
5345,37.83505169,21.39793914
5346,37.24693536,21.68451383
5348,36.67304797,22.40069117
5349,37.320221,22.04690669
5350,37.64268025,22.43069481
5351,37.09027778,22.07361111
5352,37.15305878,21.94754442
5353,38.26084269,21.75160686
5354,38.25190469,21.73714444
5355,38.12054208,20.50542917
5356,37.84980203,22.11627983
5357,37.98807319,23.91549833
5358,37.90417269,21.36282417
5359,37.851503,23.00037022
5360,37.50534453,23.21404453
5361,37.70246989,21.72673669
5362,38.24912425,21.73872428
5363,37.79498461,21.63427611
5364,37.19472789,22.54149931
5366,37.36863725,23.20210992
5367,37.71390567,22.91637394
5368,37.05623469,22.03479922
5369,38.22921339,21.74214328
5370,37.55363006,22.08037669
5371,36.76430564,21.85306269
5372,37.84971583,20.65872711
5373,37.91768467,21.25327083
5374,37.36277719,22.46855008
5375,38.05462353,23.03009964
5376,37.36668161,21.88251533
5377,38.26224739,21.74665056
5378,36.76718531,22.53518636
5379,38.22553347,21.72323022
5381,38.05638228,21.48613517
5382,37.29581175,22.68458997
5383,37.28526539,22.38286444
5384,37.43882308,22.57981053
5385,37.75890569,21.94500522
5386,37.55208917,22.18257967
5388,38.02689817,22.72588208
5390,37.86696144,22.9278255
5392,38.16805556,22.31777778
5393,38.25477158,21.74541717
5394,38.00233178,23.77364117
5398,38.24502781,21.73859619
5400,37.70211658,21.95992219
5401,37.82167119,20.86553897
5403,38.22304011,20.49412481
5404,38.01908106,23.80290006
5405,37.45532489,23.15299981
5406,38.09402428,23.80995114
5407,38.19192056,22.10314394
5408,37.37132017,23.11358636
5409,38.03536294,22.93232208
5410,37.58278697,22.81230306
5411,37.41244483,23.11477197
5412,37.84496747,21.48885508
5413,37.63156278,22.76520547
5414,38.25702914,21.74767178
5415,38.05250711,21.39062408
5416,37.72092222,21.84110675
5417,37.88941997,22.15878625
5418,37.79417306,21.90509778
5419,37.226455,21.96856247
5420,37.98216569,23.80727003
5421,37.36105808,21.69792633
5422,38.09875389,22.44277431
5423,37.38322639,21.76516878
5424,37.85011675,21.38724825
5425,37.84373578,21.74217753
5426,37.87539444,21.70962789
5427,37.95306417,22.60354967
5435,37.65881333,21.31992247
5436,36.97589511,22.87087225
5437,37.95896744,23.71975353
5439,38.36605264,20.72124417
5440,37.59307986,23.37154428
5441,36.88502128,21.69724169
5443,37.45595125,22.41002944
5444,37.31787631,22.46979911
5445,37.94237289,22.93320972
5446,38.30673761,20.46643239
5447,37.72186781,20.96793139
5448,38.450287,20.68699261
5449,37.58147861,22.43164558
5450,38.11981822,20.73848278
5452,38.18138494,20.55961364
5453,38.36096264,20.56152178
5456,37.94092419,22.04049511
5457,40.61761111,22.50138889
5458,38.05773133,23.79081197
5462,37.61691203,21.63810714
5463,38.02344269,23.80021497
5464,37.74966208,21.69478044
5465,38.21351908,21.72969533
5466,37.45528331,22.22148569
5467,37.85240286,22.8413385
5468,38.02473064,22.22516897
5469,37.73859206,22.72878256
5470,37.76504467,23.12227278
5471,38.03231758,22.10012264
5472,37.78726161,20.89805592
5473,37.91736828,22.97799875
5474,38.21234617,22.13451778
5475,38.29955756,21.99412589
5476,38.27074689,22.04485811
5477,37.06587956,21.63991736
5478,38.084067,23.78447492
5479,37.23025161,22.86953681
5480,37.41717411,22.76656203
5481,38.03534539,23.68306917
5482,37.80293286,21.35237892
5484,37.90956575,23.91030903
5485,37.69985194,20.78496119
5486,37.67533519,20.82727133
5488,37.98887439,23.86090931
5489,37.87719667,20.72928772
5491,37.48870511,23.00954867
5492,37.78023008,20.89682525
5494,36.76945325,21.87984561
5495,37.09000708,22.22173142
5496,37.07075617,21.85266708
5497,36.97133072,22.21229128
5498,37.16148739,22.09388356
5499,36.97666667,21.73527778
5501,37.829781,23.12356369
5503,38.31818461,23.327303
5504,37.96189167,22.96992608
5505,37.87581161,21.12132028
5506,38.03345375,22.72410469
5507,38.01664994,23.74460711
5508,37.80188542,21.39067058
5509,37.46881511,21.66359336
5510,38.19824094,21.96040308
5512,38.18258708,22.160337
5514,37.74397508,20.94792908
5515,36.34670392,22.93871386
5516,37.54573464,22.28026844
5517,37.64997836,22.27052464
5518,37.82603244,20.81233514
5519,37.77805383,20.89052636
5521,36.82713225,22.77215808
5522,37.03940286,22.38799078
5523,38.24361411,22.07578389
5524,38.24934844,21.73471306
5525,36.48733939,23.10124386
5526,38.27043739,21.75382161
5528,38.20298111,21.74604408
5531,38.22228231,21.75155942
5532,38.14783028,20.78464378
5533,38.05927553,23.75513297
5535,38.08809808,23.80450017
5536,37.63682542,22.55424022
5537,37.45945736,22.03062636
5538,37.40416442,22.34066553
5539,36.86795511,22.71774808
5540,38.05138442,23.73048867
5541,37.93527778,23.88527778
5542,37.71137981,21.65423181
5543,37.86673619,23.75610417
5544,37.78397214,22.24825417
5545,36.63600758,22.99583
5546,36.89796603,22.17168375
5547,36.84996967,22.53083839
5550,37.85475072,21.17248625
5551,38.17797894,21.48944019
5552,37.97724267,23.903014
5553,36.74434614,23.07859564
5554,38.06158728,23.69457569
5555,36.81114086,21.80949692
5556,37.57222689,21.59586156
5558,36.44570653,22.48402469
5559,36.51968108,22.47799939
5560,36.63102442,22.88754942
5561,38.19511764,20.43699581
5563,38.08038558,20.76391233
5564,38.03254397,23.89500897
5565,38.0812195,20.72443811
5566,37.93516622,23.88499008
5568,37.80271969,20.83163486
5569,37.76035508,20.80944439
5570,37.96830167,23.71026092
5571,38.33314853,20.53473125
5572,38.00877522,23.74978617
5573,37.59675,23.08019444
5574,37.62314917,21.83675439
5575,38.25216667,21.73797222
5576,38.04535414,22.67973058
5578,37.45890119,23.22991778
5579,38.1608685,20.7602625
5580,37.22655881,22.16601269
5581,37.10133708,21.73836389
5582,37.299701,22.21063522
5584,37.69556292,22.69292339
5585,37.86305556,22.36722222
5586,38.22678686,21.74326869
5587,37.27416667,22.18583333
5588,37.99941667,23.90536111
5589,36.47695331,23.15122464
5590,38.22184914,21.73190439
5591,36.99705692,21.93464319
5593,38.02495711,24.00039303
5595,37.18242242,22.58155981
5597,37.50477081,22.36340564
5598,36.84853725,22.80868492
5599,37.77722925,22.28073092
5600,37.13573269,22.58656436
5601,37.62852961,22.22081217
5602,38.03080672,22.950192
5603,37.73166667,20.98333333
5604,38.12348886,20.62569394
5606,37.82356042,21.29597886
5608,37.51417172,21.89589214
5609,37.29014592,23.17215319
5610,37.00703747,22.17561431
5611,37.97153683,21.32328731
5612,38.21722222,23.94861111
5613,37.13917064,21.81665842
5614,37.1922175,21.88724006
5615,37.92764139,22.93082283
5616,38.12999636,21.55180644
5617,38.06113633,23.80874286
5618,37.6435,21.62947222
5619,36.26259394,23.07822778
5621,37.32973125,22.56333958
5622,37.04688906,21.70676714
5623,37.89770392,22.72892828
5624,38.05319972,22.35635922
5625,36.76506114,22.33525892
5627,37.88747967,21.260754
5628,37.81212067,23.78758125
5629,37.36711739,22.70682886
5630,37.39222761,22.38261078
5632,38.12870228,20.54276408
5633,38.11604725,20.52338717
5634,38.07361197,20.79695597
5635,38.28107422,20.46878406
5636,36.79348361,22.50424642
5637,38.10402625,22.15202739
5638,38.26881508,21.81678222
5639,35.55404033,23.77752314
5641,38.21808683,22.07870028
5642,37.95347281,23.61819078
5643,38.01392583,22.70707222
5644,37.93691633,23.85754628
5645,38.04633108,23.80560394
5646,36.84194831,21.73354194
5647,38.06139492,23.79920478
5648,38.04638667,23.80379842
5649,37.73577722,22.47857217
5650,36.97741853,21.73600094
5653,38.15195236,21.51946231
5654,37.91356633,22.90491925
5657,37.32888128,23.15296097
5658,37.39797153,23.16348442
5660,37.82918739,22.68048103
5661,37.71093742,22.60379256
5662,37.63233794,21.42704425
5663,37.45520622,22.72897894
5664,37.97120481,23.74008475
5665,38.25699333,21.74244803
5666,38.17534858,20.48961286
5667,38.06771406,23.79869028
5668,38.05162778,23.86199828
5669,37.51567278,22.41007808
5670,36.88250419,21.88690392
5671,37.04631228,22.00402722
5672,37.90970169,22.78583014
5673,37.43606956,21.83331331
5677,37.37067247,22.46501161
5679,38.24325289,22.09520011
5680,38.14614728,21.71253353
5682,37.90139592,21.32158156
5683,36.15162128,22.98763506
5685,37.74994108,20.70622908
5686,38.07618267,23.81984136
5687,37.0909225,22.63888958
5688,38.01428297,22.74984031
5689,36.16467653,23.00107931
5690,37.08639444,22.51525675
5691,37.97332678,23.75394983
5692,38.0277185,23.86020589
5693,37.75504706,20.88727844
5694,36.92953308,21.85886056
5695,37.96970308,22.50390814
5696,38.11974661,23.79876506
5697,38.18358989,20.48833567
5698,38.2597515,21.74841753
5699,37.95421347,23.73243317
5700,37.17413244,22.89140597
5701,37.05162078,22.83199042
5703,38.25121264,22.09398544
5704,37.46188139,23.08321606
5706,37.97011436,23.64659169
5707,38.22351617,21.73168958
5708,37.52819325,23.15206547
5709,38.05660664,23.77988586
5711,37.87033678,22.985491
5712,37.30111819,23.19107489
5713,37.87290847,23.76505675
5714,38.23083333,21.73833333
5716,37.97685689,23.74215047
5717,37.14640097,26.85980789
5719,38.31680661,20.55117392
5722,37.93556297,22.94832106
5723,38.09692622,21.41896406
5724,37.07120231,22.10899578
5725,37.10764803,21.61945486
5726,38.27359239,21.74277558
5727,37.08160211,22.72436197
5728,37.9780825,23.79874242
5729,36.93655161,21.93288778
5731,38.01124342,23.76030236
5732,37.97480022,21.65309119
5733,38.26129969,21.73957761
5735,38.23398094,21.74559183
5737,38.30675028,21.80583619
5738,37.89665353,21.76276386
5739,38.19439719,21.79929783
5740,37.94758086,22.43154403
5741,38.12261514,20.52757247
5742,38.00439564,21.380478
5743,38.03111803,21.36395178
5744,37.74267167,21.34088319
5746,38.23575919,21.77594028
5748,38.04136867,21.68493439
5749,37.65389158,21.30869122
5750,37.16953314,22.51121283
5751,36.93033906,22.54423772
5754,38.21042378,21.76527014
5755,37.93744428,22.93008725
5757,37.94151178,22.93325669
5759,38.21859233,21.74290661
5760,38.29784311,21.81139586
5763,38.23559758,21.72675103
5765,39.15372222,23.85794444
5766,36.24842869,22.95386042
5768,37.0200325,22.14913219
5769,37.86104983,23.76468219
5770,36.61189658,22.933147
5771,38.02905547,23.74371647
5772,37.47951383,22.32630472
5775,37.56731872,22.797289
5776,37.05806019,22.11696669
5777,36.47853503,22.47642761
5778,38.482068,22.50189275
5779,37.97448258,23.73536186
5780,37.51092056,22.37553125
5781,37.98733928,23.72904603
5783,38.13162436,22.42909539
5784,38.00441936,23.74081244
5785,38.17849583,20.48933922
5786,40.787533,21.88403458
5787,37.87070044,23.76509739
5788,38.16851989,20.43795056
5789,37.68411111,26.34486389
5790,37.93084981,23.72678228
5791,35.51370725,24.01930797
5792,38.25186875,22.08916008
5793,38.12228611,21.78209469
5794,37.67453244,21.43741256
5796,37.78000558,21.52565967
5797,37.40232981,25.26969408
5798,38.00867722,24.0179845
5802,37.06645086,22.91101817
5803,38.248602,21.73661356
5804,38.25077706,21.73560619
5806,38.11306356,21.64107672
5807,38.13637492,22.38898114
5808,37.60253481,22.73127964
5809,37.58530472,22.74649278
5811,37.95160997,23.69437667
5814,37.93191064,23.71131836
5816,38.03713889,23.75819444
5817,38.03222914,21.36434086
5818,36.69056264,22.83286825
5819,38.23993444,21.7349255
5822,36.525916,23.09605069
5823,38.16943214,22.32031397
5824,37.52194581,22.37887964
5825,38.05847825,23.5166815
5827,37.85646103,23.7589875
5828,37.93948217,22.93588008
5829,37.76939228,22.97114481
5830,37.70699347,21.32184931
5833,37.993005,23.68087503
5834,38.22479422,21.72970161
5837,37.69618556,22.52776228
5838,37.68614586,22.50122511
5839,37.66714558,22.48071958
5840,37.44870014,22.3189995
5841,37.38350531,22.21225206
5842,38.19334192,21.70098053
5843,38.25100169,21.74095947
5844,37.38592178,22.19563878
5845,37.68917356,22.51986725
5846,37.68581233,22.49297378
5847,36.85800611,22.65180069
5848,38.05118939,23.53679939
5850,38.62691783,21.41058706
5851,37.00253128,21.65283614
5852,38.24942575,21.73646692
5855,37.80800931,21.30403506
5856,38.10802728,20.81054447
5857,37.989337,23.79202675
5858,38.48117911,22.50028133
5860,37.18300625,22.82360197
5861,38.16781783,20.41677961
5863,37.66643392,24.03611747
5865,37.04333797,22.12196511
5866,37.96414806,22.79996167
5867,37.98674664,23.73919328
5868,37.67662394,21.43730406
5869,37.87554239,21.29727036
5870,37.00222572,21.65244714
5871,36.53665533,23.12230506
5872,38.01405556,23.75027778
5873,37.99694589,23.73507303
5874,37.91472222,23.05972222
5875,37.93961608,22.93122483
5876,37.95433683,23.69826544
5877,38.24193742,22.08569039
5878,38.24898244,22.08971947
5880,37.74392608,23.92574336
5881,37.94090414,22.93634589
5882,37.9404045,22.93477117
5883,37.78198439,22.68931747
5885,35.29737328,25.73815089
5886,38.25455914,21.77812261
5887,38.27374139,21.78375667
5888,38.24728039,22.13333817
5890,37.60947631,22.589952
5891,38.27662103,22.00919581
5894,37.71969772,23.13758997
5895,38.24664811,21.73415875
5896,38.03077711,23.72386633
5898,38.24984472,21.73846672
5899,38.17904036,22.20771333
5900,38.90381542,22.43245206
5901,38.54027778,22.32472222
5902,36.48942514,22.42669403
5903,37.93667864,21.14315494
5905,38.25441264,22.08485206
5906,37.69306042,21.40599483
5907,38.06937047,23.81663889
5908,37.70969056,21.33332914
5910,37.04444889,22.10807431
5911,38.37720367,20.73282069
5912,38.33022431,20.72282158
5913,38.00943656,23.73556375
5914,38.26534603,20.38309464
5915,38.00576178,23.67746947
5916,38.03656325,23.75904664
5918,37.94454131,23.6475785
5919,37.52944444,22.3575
5920,39.77608714,21.20506803
5921,38.25475753,21.74169208
5922,38.20796058,21.72801189
5924,37.97690558,23.71991186
5928,37.94029219,23.73156769
5930,37.31922222,23.15822222
5931,37.68172592,24.06037292
5933,38.01140481,23.64865669
5934,38.04522222,23.81148736
5935,37.974196,23.70828425
5937,37.97983925,23.76357369
5938,37.99818483,23.81089917
5940,37.67789356,21.34354111
5941,38.11708092,23.56233231
5942,37.70884275,24.056908
5944,37.86655261,23.74621308
5945,36.32872925,22.97860886
5946,38.02086075,23.73710067
5949,37.95706756,23.76033208
5952,38.02848436,23.69325156
5954,37.94059994,22.94977506
5955,37.88570258,22.57534339
5956,38.03733064,23.68983728
5957,37.91445708,23.06101258
5958,38.01329956,23.87226781
5960,37.98470967,23.78920792
5961,38.01441461,23.89257389
5962,38.01450567,23.82280522
5963,38.02997025,23.81432581
5964,38.07909408,23.51324419
5965,38.0152205,23.67462983
5966,37.8781275,23.75668219
5967,37.84089231,23.77247789
5971,35.50080561,23.84217564
5972,38.02382372,23.7904255
5973,38.04382172,23.70404031
5974,37.89273311,23.76161239
5975,37.99784483,23.74416517
5976,37.26733228,23.16060178
5977,37.99386953,22.34821064
5978,37.98209372,23.72986136
5981,38.15277236,21.41602297
5982,39.64872342,22.41293072
5983,37.94839906,23.6865445
5985,38.08135856,23.72921708
5987,37.00483367,21.94184444
5989,37.96489753,23.62906553
5990,37.81495478,23.7745065
5991,38.00983075,23.7586315
5993,38.00944278,23.83588072
5994,37.97032622,23.64921022
5995,38.06274767,23.76138286
5996,38.03903417,23.81717758
5997,38.06711314,23.81006914
5998,37.96353569,23.52457611
5999,38.044536,23.84214092
6001,37.45771247,24.92660425
6002,37.44595983,24.94437681
6003,37.43733469,24.93452881
6004,37.40056094,24.944884
6005,37.03941164,25.25327639
6006,37.41274075,24.87247208
6008,36.45139728,28.22299061
6009,36.44722222,28.2175
6010,36.39528197,28.09471967
6011,36.41458642,28.21070778
6012,36.38112086,28.21174042
6013,35.97111317,27.75106031
6014,36.22038369,28.11590878
6015,36.34788028,28.20113117
6016,36.09664403,27.84054164
6017,36.08410819,28.00039569
6018,36.10389364,28.08284797
6019,36.23720714,28.15118536
6020,36.27289083,27.93291319
6021,36.39750956,28.18476892
6022,36.26830556,28.00550183
6023,37.81998989,24.95917578
6024,37.65689758,25.0233835
6025,37.13654822,25.21569267
6026,34.97004711,25.26989111
6027,37.04750944,25.17876192
6028,37.08608867,25.14786264
6029,37.44833333,25.32694444
6030,35.19506136,24.30609742
6031,37.64361111,24.34166667
6033,37.65777036,24.31241217
6034,37.62219125,24.357334
6035,37.02950739,25.25230414
6036,37.66705047,24.36040458
6037,37.89612864,24.77168653
6038,37.56250953,25.18573806
6040,37.45088028,25.33062514
6041,36.46137897,25.39963517
6042,36.37754186,25.47806578
6043,36.60356608,27.17888931
6044,36.42084169,25.43280458
6045,36.87542931,25.51755383
6046,37.48318261,25.38592436
6047,37.44802558,25.39191822
6048,37.43443856,25.36062556
6050,37.43189331,25.30867369
6051,37.54093186,25.16268519
6052,37.62426014,25.050046
6053,38.36955869,26.13872753
6054,36.97777778,24.72361111
6055,35.29268958,24.17670847
6056,35.51438747,24.02236444
6057,35.51255272,24.01418097
6058,35.55089972,24.17369386
6059,35.48919136,24.07416386
6060,35.50122678,23.73877953
6061,35.54365589,23.77958517
6062,35.32933142,23.73927764
6063,35.40935067,24.19860269
6064,35.42171183,24.14290958
6065,35.52065558,23.92944281
6066,35.49459014,23.65789106
6067,35.34129608,24.24315678
6068,35.21146564,24.10235342
6069,35.47058139,24.08873642
6070,35.41207389,23.97699653
6071,35.51240617,23.83608369
6072,35.41357497,23.74600164
6073,35.24686375,23.6798255
6074,34.83816292,24.07389953
6076,35.48845411,23.59511603
6077,36.42185075,28.19376111
6079,35.45267217,24.17417719
6080,36.38882244,25.4641615
6081,35.53451581,24.07758917
6082,36.06184333,27.96037717
6083,35.40051722,24.25590203
6084,35.49544875,23.88920286
6086,35.19059222,25.7190475
6087,35.20293061,25.70737317
6088,35.27326869,25.61791917
6089,35.32309828,25.74969625
6090,35.25887733,25.72845539
6091,35.24546525,26.23071836
6092,35.01044258,25.73991111
6093,35.03848783,25.97286614
6094,35.20759831,25.46082317
6095,35.15995811,25.94053433
6096,35.18767953,26.0100885
6097,35.20928986,26.10589206
6098,35.20925136,26.22168919
6099,35.03793311,25.78345372
6101,36.28843408,28.03499506
6102,36.44326133,28.23058044
6103,36.23887433,28.01043861
6104,35.25722222,25.60722222
6105,37.46506392,26.97138403
6106,35.57065672,27.08669783
6107,35.07003047,26.06836889
6108,35.36778214,24.47668953
6109,35.29289983,24.87891261
6110,35.09897175,24.68616256
6111,35.40808525,24.88846967
6112,35.37184894,24.70270233
6113,35.41484214,24.78143761
6114,35.24610794,24.39858906
6115,35.36071878,24.48240147
6116,35.41295675,24.75433689
6117,35.17785603,24.40632372
6118,35.15810158,24.61456819
6119,35.24179553,24.72592314
6120,35.38055556,24.56777778
6121,37.45676925,26.97103256
6122,35.25064864,24.27133519
6124,35.22056778,24.53512803
6125,35.55690736,27.16723964
6126,35.63661961,27.13691533
6127,35.42004258,24.69539728
6128,35.21190175,24.440684
6129,35.35696131,24.48917919
6130,35.34104192,25.13335917
6131,35.32951433,25.13680347
6132,35.34395839,25.16521958
6133,35.3327185,25.11770789
6134,35.29079656,25.09675922
6135,35.24140183,25.14476753
6136,35.38184208,24.98546964
6137,34.99359294,25.20718864
6138,35.33046822,25.25949219
6139,35.28399578,25.46816072
6140,35.21034778,25.33787961
6141,35.28112719,24.93536317
6142,35.14694528,25.26619225
6143,35.31770783,25.39143658
6144,35.33551336,25.11945661
6145,36.93265986,27.13063631
6146,35.05089453,24.87403011
6147,35.33993078,25.14819217
6148,35.17107225,25.17979281
6149,34.99527128,24.87191819
6150,35.15142264,24.98491856
6151,35.31698592,25.32360475
6152,37.93438908,24.77981364
6153,37.87827831,24.78184794
6154,37.83792656,24.93691192
6155,37.79407303,24.90629544
6156,37.75758197,24.95292003
6158,35.27237236,25.29869047
6160,36.42976339,25.34375325
6161,37.61773606,26.29549367
6162,36.72611844,24.43614819
6163,36.2926475,28.16241897
6164,36.41649839,28.13856125
6165,35.95805556,27.76777778
6166,36.84279056,25.90061519
6167,36.80420453,25.87381214
6170,37.38139781,24.43663714
6171,37.36612017,24.41764992
6172,37.42124939,24.45668547
6173,37.55398242,25.13888
6176,39.87401794,25.26874031
6177,38.36382736,26.12213306
6178,38.20753717,26.00338708
6179,35.07343711,24.76678217
6180,35.25477417,24.19237797
6182,37.17885192,24.50618261
6183,36.93987597,24.706658
6184,37.00084858,24.68724458
6185,36.93397586,24.73452189
6186,36.97491825,24.72345156
6187,37.10469947,25.37598886
6188,37.09695378,25.41078183
6189,37.05396678,25.51223119
6190,37.13690042,25.54068939
6191,36.90057947,25.97787875
6193,36.83066133,25.88502608
6194,36.92405419,25.98885608
6195,36.45328822,28.21792692
6196,36.89347969,27.29056389
6197,36.85889756,27.31830894
6198,36.75287919,26.97909808
6199,36.70406919,26.95597081
6200,36.81054033,27.09876364
6201,36.84133475,27.07921686
6203,36.98138386,26.93020575
6204,35.37023411,24.54560586
6205,36.42019094,25.43175344
6206,36.94677514,26.97725047
6207,36.99137286,25.15306489
6208,37.04348331,25.08451128
6209,36.85555964,27.15843361
6210,36.77766364,27.12758183
6211,36.67688867,24.38234478
6212,36.74472703,24.42586953
6213,36.78284378,24.57262358
6215,37.77096169,26.97706444
6216,37.80154517,26.8529705
6217,37.66268294,26.80815619
6218,37.79000781,26.67732653
6219,37.74031372,26.94658656
6220,38.17050242,26.01914556
6221,37.75454736,26.97921781
6222,37.70554367,26.94774744
6223,37.6395335,26.27942011
6224,37.63212569,26.17764994
6225,37.57755292,26.49041406
6226,35.29776256,25.00082897
6227,36.14939169,29.58548694
6228,36.14670314,29.58134611
6229,36.40362247,28.09286397
6230,39.90521819,25.07908089
6231,39.84701003,25.30047272
6232,36.97320703,25.05090042
6233,37.30110444,26.54055239
6234,37.311239,26.551931
6235,39.07327139,26.35344172
6236,39.08245939,26.18453017
6237,39.17021731,26.14669056
6238,39.23452878,26.20926708
6239,39.14810489,26.53051581
6240,39.10541581,26.55364939
6241,39.07570972,26.55180897
6242,39.3357835,26.24709342
6243,39.23867567,25.97788631
6244,38.99403503,26.34066528
6245,39.13327622,25.94665039
6246,39.31265856,26.31621736
6247,39.20062289,26.48499331
6248,39.21169142,25.85544233
6249,36.10263906,28.07408294
6250,38.37223519,26.13692872
6251,38.41907797,26.11878658
6252,38.34555597,26.12748136
6253,38.31498508,26.15025561
6254,35.30640358,25.14658086
6255,38.24214114,26.06575453
6256,38.25263644,25.90934828
6257,38.37641781,26.04548383
6258,38.47497444,26.11964883
6259,38.54378433,26.15609783
6260,38.54368258,26.10685961
6261,38.54064017,25.56341042
6262,38.88325669,24.54832889
6264,36.38770567,25.43143594
6265,39.16748806,23.46620075
6266,39.153383,23.41824158
6267,39.11003939,23.69291806
6268,39.14891792,23.86685347
6269,39.16504892,23.85975103
6270,39.10668928,23.75999614
6271,39.16490503,23.48815406
6272,39.17926228,23.61773378
6275,37.12184186,26.86597781
6276,37.17528444,26.82407003
6277,37.38532892,26.73587656
6278,37.71162122,26.69793453
6282,35.41802461,26.92182536
6283,35.47153317,27.16592458
6284,35.50181303,27.22858381
6285,35.756551,27.18100303
6286,38.28617692,26.09857125
6287,37.34500742,26.54340172
6288,37.84345136,24.90991833
6289,36.73048381,25.30590061
6290,36.60003903,26.44031233
6291,36.54927392,26.34725314
6293,38.59111864,25.58748156
6294,37.97063431,23.76156642
6295,36.41826219,27.37032858
6296,36.60652933,27.82962058
6297,36.61314625,27.13518822
6298,36.85689231,25.46785758
6299,36.72088339,25.28185489
6300,37.1754085,26.77808603
6301,36.60194972,27.83555206
6302,36.69415489,25.12865189
6303,36.62220481,24.91191833
6304,36.22056894,27.61704611
6305,37.61143589,26.13196344
6306,37.59467475,26.05696678
6307,36.39362581,28.06902464
6308,36.88161181,22.24068525
6309,35.38199056,24.71856108
6310,34.96744158,25.13363614
6313,38.2288245,26.00139864
6314,35.34868111,25.03794469
6315,35.39839583,25.03935947
6316,35.09175,24.99561111
6317,35.07114556,26.19243047
6318,35.075513,26.13926117
6319,35.02098869,25.84556333
6320,35.11281833,25.82797594
6321,35.14334075,25.67027894
6322,35.12339261,25.73285011
6323,35.31051272,25.56565483
6324,35.28529108,25.53323872
6325,39.52730169,25.03001936
6326,36.0769605,28.05526992
6327,35.95133653,27.87516581
6328,36.22624064,27.85941086
6329,36.69203556,24.51049122
6330,35.3975155,24.62628753
6331,35.33066139,25.12473192
6333,35.23217567,25.02747075
6334,35.08806958,25.40791061
6335,37.71091947,26.68516214
6336,35.34737219,23.56555819
6337,39.11229572,23.7482665
6338,35.33798622,25.17471933
6340,35.01635958,25.46449264
6341,34.99672447,24.76451339
6343,35.06510236,25.1039135
6344,41.12019444,25.41019444
6345,35.30659858,25.15042172
6346,35.319579,23.85720036
6347,35.05402717,25.41218794
6348,39.542576,24.99275381
6349,39.2585365,26.152902
6350,36.18165322,28.07243683
6352,37.69185594,26.94428075
6353,37.45888889,26.97361111
6354,39.35020472,26.27027592
6355,38.48374125,25.92631308
6356,38.19552122,26.03113553
6357,37.28502431,26.76664944
6358,37.5588,24.30028758
6360,38.93496147,24.51666647
6361,38.91760189,24.57382436
6362,38.8524335,24.52311064
6363,38.43096458,26.10638869
6364,37.72361725,27.05747072
6365,36.37166667,25.45527778
6366,37.68936,26.91863656
6367,39.10946267,26.55525881
6368,36.29005872,27.94272244
6369,36.02130992,27.80515672
6370,38.93166306,20.77170861
6371,35.89500375,27.78100358
6372,36.99584231,25.04632111
6373,37.15667586,25.49775783
6374,36.40638889,28.20611111
6375,37.53360431,25.19348722
6376,38.26188631,26.03575783
6377,35.04510658,25.54439314
6378,35.27670461,26.27569422
6379,35.31898653,25.17983019
6380,34.95562286,24.94082919
6381,35.29864072,24.82265036
6382,37.11569858,26.88227653
6383,39.08524839,26.16620206
6384,39.63068472,22.42333356
6385,35.15621953,24.83287122
6386,35.35854469,24.46940186
6387,35.41505353,24.05433164
6389,35.31796453,24.63622869
6390,35.49110767,23.92167406
6391,35.50833333,23.94444444
6392,35.426937,23.69870392
6393,35.32020386,23.69631211
6394,35.41065817,23.78780625
6395,39.86066492,25.07772375
6397,39.99233058,25.41517422
6398,39.94712514,25.22624961
6400,35.53445978,24.16185439
6401,37.6602525,24.38586531
6402,35.32070892,25.13677561
6403,37.10406103,25.15467744
6404,39.34453356,26.18350733
6405,35.19459894,25.36879736
6406,35.19512833,25.01272197
6407,35.11946372,24.64141244
6408,35.30381011,24.57319447
6410,39.07127106,26.44291081
6411,38.52802544,26.21598281
6412,39.07101864,26.59284142
6413,37.12368586,25.23466589
6414,36.55654183,27.84986997
6417,36.37861531,28.11723375
6418,39.15446481,23.46871856
6419,36.96959289,27.02785228
6420,36.86339378,27.18107069
6421,37.04055603,26.92037719
6422,36.89750558,27.28538886
6424,39.04550278,26.56794317
6425,39.33121736,26.17905994
6426,39.34435856,26.33279
6427,38.51571775,26.21864903
6428,37.43138889,24.9525
6429,37.42195308,24.93528131
6430,37.38874633,24.94729686
6431,37.03775794,25.07880058
6432,35.32444444,25.04138889
6433,37.09166667,25.56694444
6434,37.85148272,24.80712244
6436,39.96094817,25.0928795
6437,35.19486058,25.58541389
6438,35.07954281,25.74985564
6439,35.18278408,25.96959364
6440,35.29870817,25.38765875
6441,35.09005997,25.92026292
6442,35.3375,25.12472222
6443,38.58043886,26.00130811
6445,37.70941825,27.01940206
6446,35.36863014,24.44532117
6447,35.31612314,24.34721261
6448,35.32722222,25.12305556
6449,35.36518917,24.47778392
6450,35.34229189,25.13688689
6451,37.61805058,25.12323556
6452,37.56904092,25.19505411
6453,37.11572831,25.53077347
6454,37.03050025,25.38981867
6456,38.46819361,26.1216185
6457,38.30634014,26.05872956
6458,38.54729656,25.91602269
6460,36.35414989,25.76898444
6461,36.36415711,25.38473425
6462,35.17150861,25.40029861
6463,35.29861111,25.54666667
6464,39.17876383,26.41260667
6465,39.24712456,26.26955022
6466,39.25000686,26.03506722
6467,39.03030128,26.15505056
6468,39.16214547,26.0595785
6469,38.98827075,26.38688981
6470,39.02815969,26.59835353
6471,35.50697294,27.21150892
6472,36.46316317,25.37436106
6474,37.70139894,26.80074739
6475,37.74232197,26.99230817
6476,37.80907083,26.79348442
6477,37.55213528,26.49515017
6480,35.62592881,27.10397806
6481,37.77047883,27.02441892
6482,37.1616785,24.46160972
6483,37.14551181,24.526497
6486,35.51310569,24.05538297
6487,35.22671242,24.61136547
6489,35.34758672,24.87998231
6490,35.30360739,24.17362075
6491,35.47724633,24.01763989
6492,38.34820675,26.14382589
6493,35.45710283,23.57761681
6494,35.35257153,23.90041539
6495,35.35707553,23.83305486
6496,36.89310453,27.23031058
6497,37.41917172,25.33193861
6498,35.335,25.18944444
6501,34.957369,25.04970158
6503,37.91837175,24.75619508
6504,36.34880025,25.43830558
6506,37.7963265,26.69006508
6507,35.38376511,24.96000519
6509,35.02647567,25.39429392
6510,36.43375867,28.23732269
6511,35.32076753,24.48273464
6512,35.58534142,24.0762425
6513,35.16673808,26.12748936
6514,36.42006469,28.17810256
6516,35.02180378,26.12787711
6517,35.51445614,24.01757708
6518,35.13901533,26.25171103
6519,38.04866667,23.72355556
6522,39.02275069,26.27962367
6523,39.10630258,26.53654139
6524,37.87160536,24.93033672
6525,36.43500869,28.22385158
6526,35.41934811,24.69338292
6529,39.26335528,23.93440817
6531,35.19684861,25.66828244
6532,35.34005714,25.13754947
6533,36.74835267,24.52852172
6535,35.33091642,25.13269625
6537,36.05536681,27.97241114
6539,36.05681778,27.97415464
6541,36.81475589,27.18079486
6542,36.88612767,27.33311644
6545,35.09921056,26.25421022
6546,35.29931344,25.16193978
6547,37.06778719,25.36496003
6548,36.32469672,28.20701589
6549,36.33503308,28.18047353
6550,36.31492964,28.10019572
6551,36.45321039,28.2187965
6552,38.34557889,26.14319428
8001,40.59147222,22.94744444
8002,37.95427778,23.64211111
8003,-1.016944444,-1.016944444
8004,40.68530556,22.79019444
8005,36.10202778,28.07163889
8006,-1.016944444,-1.016944444
8007,40.13713889,23.74941667
8008,38.37569444,23.51013889
8009,-1.016944444,-1.016944444
8010,-1.016944444,-1.016944444
8011,40.57569444,22.98325
8012,37.89388889,23.84577778
8013,40.78872222,22.22463889
8014,40.68452778,22.79411111
8015,35.33911111,25.14027778
8016,36.1025,28.0715
8017,-1.016944444,-1.016944444
8018,-1.016944444,-1.016944444
8019,40.28608333,22.60594444
8020,-1.016944444,-1.016944444
8021,-1.016944444,-1.016944444
8022,37.88752778,23.84866667
8023,37.88666667,23.74763889
8024,-1.016944444,-1.016944444
8025,38.07994444,23.78319444
8026,-1.016944444,-1.016944444
8027,38.39247222,23.50869444
8028,37.97694444,23.7475
8029,37.98055556,23.75361111
8030,37.98111111,23.73277778
8031,37.95777778,23.73527778
8032,37.98638889,23.72083333
8033,37.99194444,23.72111111
8034,37.98833333,23.75777778
8035,37.99416667,23.76444444
8036,37.96972222,23.72972222
8037,37.95055556,23.73777778
8038,37.95861111,23.72916667
8039,37.96527778,23.72722222
8040,37.65205556,24.29413889
8041,-1.016944444,-1.016944444
8042,-1.016944444,-1.016944444
8043,37.97613889,23.67125
8044,36.91888889,22.35472222
8046,38.00861111,23.7075
8048,38.93944444,20.85861111
8051,37.92547222,23.69947222
8052,37.94811667,23.72530556
8060,40.34577778,22.56736111
8061,38.00361111,23.71388889
8062,37.88494444,23.72947222
8064,39.07783333,26.58108333
8065,40.65561111,22.93102778
8066,37.95044444,23.73075
8067,39.63419444,22.43272222
8071,37.89297222,23.93758333
8072,37.96016667,23.75469444
8073,35.18208333,25.70586111
8079,37.96055556,23.722
8080,38.08222222,23.82583333
8081,38.08125,23.79075
8082,38.04222222,23.76138889
8083,38.04222222,23.76138889
8084,37.97805556,23.75583333
8085,38.13586111,21.63786111
8088,37.92611111,23.6925
8089,37.94958333,23.63722222
8090,40.54661111,23.03355556
8091,38.07988889,23.80894444
8096,38.56155556,23.31527778
8100,40.755,23.12661111
8106,37.92513889,23.69986111
8110,40.63025,22.95375
8111,40.66288889,22.81875
8112,38.01222222,23.65694444
8115,37.4205,22.11133333
8120,40.34569444,22.56841667
8124,37.83661111,23.77394444
8125,35.31275,25.05525
8126,38.66611111,21.34083333
8127,37.42036111,22.1105
8135,38.01130556,23.90355556
8139,38.59833333,20.63416667
8140,40.56008333,23.00727778
8141,37.91597222,22.806
8142,38.13761111,23.84366667
8143,40.68283333,22.77088889
8144,37.97511111,23.73219444
8149,38.03944444,23.80988889
8151,35.33611111,25.35583333
8152,35.32472222,25.38527778
8153,35.31222222,25.39972222
8154,35.325,25.38777778
8155,37.95380556,21.28675
8156,37.98297222,23.89394444
8157,39.66216667,20.84686111
8158,35.52075,23.91294444
8159,40.78375,22.36897222
8161,37.75277778,21.33972222
8162,39.51841667,22.55080556
8163,40.65044444,22.84047222
8164,38.37855556,23.50486111
8168,39.63975,22.41536111
8170,38.13711111,23.84338889
8171,40.69472222,22.89352778
8173,37.92611111,23.06977778
8174,38.04511111,23.60333333
8182,40.72277778,22.84288889
8184,35.52088889,23.91294444
8188,39.56972222,21.75583333
8189,38.06541667,23.64011111
8190,38.12766667,23.94783333
8191,37.96125,23.64044444
8192,37.78008333,26.87791667
8193,37.64125,22.79291667
8194,39.62430556,19.90127778
8196,38.05658333,23.75333333
8198,38.96352778,20.81005556
8203,37.42366667,25.39513889
8205,37.42388889,25.395
8206,37.42436111,25.39488889
8208,39.11166667,23.22033333
8209,38.46958333,26.14272222
8210,40.58025,22.97213889
8211,38.01372222,23.82613889
8213,40.75755556,23.08275
8215,23.50138889,37.725
8216,38.11469444,23.82822222
8217,38.26486111,21.76041667
8218,40.97513889,24.34844444
8219,40.98911111,24.36447222
8222,23.76413889,37.96233333
8223,38.08402778,23.57325
8224,40.63833333,22.85194444
8227,37.06933333,25.13416667
8229,38.01866667,23.82041667
8230,39.43177778,23.05561111
8237,35.24702778,24.46972222
8239,38.03822222,23.77122222
8240,22.94286111,40.63394444
8241,40.68388889,22.79027778
8242,37.90822222,23.87530556
8246,38.34713889,23.5955
8249,41.59175,26.23027778
8254,41.131,24.88561111
8255,38.32294444,23.62194444
8257,38.04822222,23.57230556
8261,37.97608333,23.74469444
8262,38.32,23.62361111
8263,40.60427778,22.99513889
8265,38.80938889,22.50969444
8266,35.52019444,24.02363889
8267,37.41591667,23.33694444
8269,37.80847222,22.59886111
8270,36.40149167,28.20126389
8275,38.09708333,23.60508333
8277,40.28544444,22.60586111
8283,40.28513889,22.60561111
8285,38.00546389,23.70954444
8287,40.58947222,22.96294444
8290,38.099325,23.72684167
8291,39.60972222,19.8725
8292,40.54833333,22.51027778
8293,40.7575,21.61055556
8294,40.68222222,22.95694444
8299,37.91705556,23.74455556
8301,38.25216667,21.74180556
8302,40.29416667,22.54166667
8304,40.69497222,23.04816667
8306,38.05,23.54055556
8308,40.63425,22.94038889
8310,37.88738889,23.77802778
8312,40.60841667,22.99838889
8314,35.32916667,25.16388889
8315,35.50177778,23.64502778
8316,35.49458333,23.984
8317,40.87777778,24.28861111
8318,38.09027778,23.53305556
8319,37.96769444,23.69641667
8320,40.69138889,22.79363889
8321,37.91291667,22.96413889
8322,38.34322222,22.20366667
8323,37.9605,23.69797222
8324,35.53863889,24.05183333
8325,38.01472222,23.84408333
8326,40.59230556,23.11491667
8327,37.97863611,23.74581667
8328,40.69197222,22.8
8331,39.37833333,22.87305556
8334,38.54016667,21.4065
8335,37.93,23.70944444
8336,40.71666667,22.82861111
8337,38.04222222,23.79694444
8338,40.55222222,23.02055556
8339,37.99777778,23.88166667
8340,37.96944444,23.66805556
8341,37.54241667,22.95944444
8342,38.05777778,23.73
8343,37.91861111,23.71555556
8345,38.04111111,23.67277778
8347,38.02166667,23.82916667
8349,38.03022222,23.81472222
8350,37.25069444,21.01366667
8352,35.29722222,24.46305556
8353,40.79111111,22.09694444
8354,40.77361111,22.09416667
8355,37.91863889,23.74036111
8356,37.97944444,23.72194444
8357,37.80833333,24.01694444
8358,40.60388889,22.96555556
8359,39.81027778,21.32638889
8360,38.09875,23.53797222
8362,37.2485,21.01397222
8363,37.92138889,23.70277778
8364,37.90027778,23.905
8365,37.92416667,23.69916667
8368,41.16166667,24.32638889
8369,41.09333333,23.52583333
8370,40.68069444,22.79516667
8371,39.53111111,21.70861111
8372,38.00916667,23.8125
8373,38.35741667,23.40111111
8374,37.92583333,23.72694444
8376,37.76494444,24.01122222
8377,37.92305556,23.69944444
8378,39.58833333,22.46972222
8380,37.98722222,23.74722222
8382,40.64791667,22.84236111
8383,36.89236111,27.23638889
8384,38.37,23.38138889
8386,40.77977778,21.61502778
8388,40.53038889,22.99683333
8389,41.14130556,24.86819444
8390,37.69,21.40444444
8391,38.36055556,21.24416667
8392,38.10777778,23.83444444
8394,35.32383333,25.38716667
8395,37.98916667,23.88138889
8396,37.91222222,23.73972222
8397,40.24222222,22.58805556
8398,40.52669444,23.01541667
8399,35.41111111,24.63916667
8400,37.93402778,23.88433333
8401,39.22888889,22.79583333
8402,37.93583333,23.74
8403,38.01361111,23.82722222
8404,37.98055556,23.7075
8406,37.94583333,23.70111111
8407,40.65244444,22.9555
8408,37.98583333,23.76111111
8409,40.26075,23.50505556
8410,40.30044444,23.55433333
8411,40.79138889,22.09722222
8412,40.28423889,22.60529722
8413,37.97075,23.75166667
8414,38.08688889,23.7865
8415,36.74222222,24.43305556
8417,38.07138889,23.76305556
8418,40.6425,22.94833333
8419,38.06483333,23.77575
8420,38.00808333,23.76461111
8421,38.05777778,23.73166667
8422,37.95333333,23.72888889
8423,38.01361111,23.81861111
8424,38.05694444,23.81305556
8426,38.015,23.67111111
8427,38.20330556,21.76461111
8428,39.685,22.39972222
8429,40.59916667,22.95777778
8430,40.46555556,22.86833333
8431,37.95611111,23.70083333
8432,38.01830556,23.80094444
8433,37.97936111,23.92377778
8434,37.44861111,25.34444444
8436,38.08925,23.73175
8437,37.80388889,23.77083333
8439,40.82027778,21.51333333
8440,37.99741667,23.74808333
8441,36.10266667,28.07152778
8442,37.02388889,22.15333333
8443,35.32722222,25.1425
8444,38.28119444,23.88105556
8445,40.68333333,22.78361111
8446,38.02305556,23.73555556
8447,35.33694444,25.08472222
8448,38.06611111,23.76305556
8449,38.0725,23.79163889
8450,37.97833333,23.74361111
8451,37.98166667,23.75416667
8452,38.00816667,23.86458333
8453,38.01972222,23.83416667
8454,38.04983333,23.64105556
8456,39.77583333,21.20480556
8457,37.95083333,23.96055556
8458,37.94916667,23.95888889
8459,37.97805556,23.75583333
8460,39.70005556,22.32458333
8461,37.88877778,23.77205556
8462,38.53805556,23.71
8463,37.70416667,24.05416667
8464,38.00027778,23.78777778
8465,38,23.78777778
8466,37.96777778,23.73322222
8467,40.36508333,23.92944444
8468,40.28423889,22.60529722
8469,40.66083333,22.90722222
8470,39.64166667,22.44388889
8471,36.07858333,28.07625
8472,40.68638889,22.80944444
8473,40.68638889,22.80916667
8474,37.98988889,23.69430556
8475,38.07111111,23.79111111
8476,38.08322222,23.59161111
8477,37.94611111,23.70166667
8478,25.49444444,37.18722222
8479,38.00611111,23.71944444
8480,37.94638889,23.70194444
8481,38.05180556,23.73880556
8482,40.38563889,23.04458333
8484,37.93555556,23.63111111
8485,35.51277778,24.03222222
8486,37.95277778,23.72444444
8488,37.97833333,23.73444444
8489,37.45805556,25.32944444
8490,37.98861111,23.7475
8491,30.02016667,23.70741667
8492,23.56255556,38.05422222
8493,37.9975,23.7475
8496,22.59125,40.74205556
8497,22.94772222,40.63005556
8498,41.07333333,25.50361111
8499,38.24194444,21.74166667
8500,38.01972222,23.78305556
8501,23.79963889,38.03588889
8502,41.08722222,23.55277778
8503,22.19741667,40.61533333
8504,37.44583333,25.32833333
8505,38.17780556,20.48744444
8507,38.12083333,21.63555556
8508,37.94666667,23.65555556
8509,37.96188889,23.74
8510,40.61302778,22.95388889
8511,37.87566667,23.87413889
8512,40.65472222,22.95361111
8513,37.91513889,23.87933333
8514,40.59972222,22.95277778
8515,38.05161111,23.83991667
8516,38.10186111,23.80572222
8517,40.68194444,22.795
8518,40.68222222,22.795
8519,40.6825,22.79472222
8520,37.99694444,23.74972222
8521,35.49586111,23.9855
8522,35.32547222,25.38663889
8523,40.67666667,22.96333333
8524,37.98491667,23.72086111
8525,40.71030556,22.9555
8526,38.25394444,21.77325
8527,36.25613889,27.83472222
8528,38.11388889,23.78416667
8529,38.11513889,23.78019444
8530,38.11244444,23.78205556
8532,38.07019444,23.58691667
8533,24.42436111,35.36191667
8534,40.74388889,22.15
8535,40.72047222,22.58747222
8536,40.76069444,22.4715
8537,38.03891667,23.80933333
8538,39.36416667,22.94027778
8539,38.01888889,23.745
8540,40.59083333,22.94583333
8541,38.24491667,21.78558333
8542,40.10741667,22.56063889
8543,40.58669444,22.94594444
8544,38.01444444,23.78805556
8545,35.51927778,23.91938889
8546,35.51927778,23.91938889
8548,37.93497222,22.99061111
8549,41.075,25.50555556
8550,36.07686111,28.07589444
8551,36.35369444,28.14019444
8552,37.95827778,23.71741667
8553,38.03777778,23.80055556
8554,35.34147222,25.1345
8555,35.15722222,25.04
8556,40.78811111,22.41341667
8557,37.98188889,23.91716667
8558,38.06438889,23.67619444
8559,37.99888889,23.73805556
8560,38.37805556,23.47513889
8561,37.86388889,23.85161111
8562,40.62194444,22.95475
8563,40.63444444,22.93972222
8564,37.89063889,23.94630556
8567,38.06722222,23.60027778
8568,35.33777778,25.13444444
8569,38.00388889,23.6975
8570,38.1735,23.85663889
8571,40.66283333,22.94763889
8572,37.99694444,23.91277778
8573,40.65394444,22.92911111
8574,37.96722222,23.66833333
8575,38.07083333,23.83861111
8576,38.0275,23.68916667
8577,38.04283333,23.58702778
8578,38.14572222,23.84861111
8579,40.35097222,23.96411111
8580,37.03916667,21.99083333
8581,38.07488889,23.82141667
8582,40.7815,21.61438889
8583,39.69425,22.70727778
8584,38.02588889,23.84083333
8585,41.21422222,23.82997222
8586,41.21411111,23.82933333
8587,39.07761111,26.58175
8588,38.05866667,23.65747222
8589,37.89466667,23.75338889
8590,40.55783333,23.67672222
8591,37.99194444,23.74033333
8592,35.36808333,24.53152778
8594,37.86202778,23.79186111
8595,39.70463889,22.37516667
8596,39.68844444,22.35652778
8597,38.02386111,23.722
8598,38.03611111,23.79722222
8599,39.65819444,20.86163889
8601,37.86194444,23.78027778
8603,38.00416667,23.72805556
8605,37.98722222,23.75861111
8606,37.98722222,23.75777778
8607,37.54088889,23.39169444
8609,40.46244444,22.98319444
8611,40.46238889,22.98213889
8612,40.46152778,22.98258333
8613,40.46094444,22.98194444
8614,40.46083333,22.98194444
8615,38.00083333,23.77833333
8616,39.74741667,22.29658333
8617,34.93952778,25.08669444
8618,38.00902778,23.89144444
8619,38.00063889,23.344
8620,37.97588889,23.74647222
8621,37.98638889,23.74527778
8622,38.22058333,21.73225
8623,37.935,23.74861111
8624,38.03402778,23.90622222
8625,38.07336111,23.5775
8626,38.18833333,21.69111111
8627,37.97694444,23.74333333
8628,37.99666667,23.77277778
8629,37.95122222,23.72583333
8630,39.60613889,19.873
8632,40.14861111,21.47916667
8633,36.76844444,22.93380556
8634,35.32630556,25.38588889
8635,40.69220278,22.13775
8636,40.68427778,22.78261111
8637,36.83486111,21.70044444
8639,36.35097222,25.40222222
8640,39.66080556,20.10608333
8641,39.66030556,20.10613889
8642,40.90922222,22.75283333
8643,40.53275,22.99488889
8644,37.93683333,23.69688889
8645,38.00527778,23.79338889
8646,38.04861111,23.87111111
8647,40.59305556,22.97277778
8648,40.65908333,22.84552778
8649,37.87222222,23.75861111
8650,39.22833333,22.7945
8651,40.58022222,23.00316667
8652,40.19166667,23.806
8653,38.06972222,23.54713889
8654,38.07605556,23.54280556
8656,35.22427778,26.19072222
8657,37.97861111,23.74361111
8658,37.9475,23.62611111
8659,38.89502778,22.43819444
8660,37.91333333,23.75527778
8661,35.18419444,24.27427778
8662,38.09638889,23.62611111
8663,37.78625,22.66863889
8664,39.37611111,22.91527778
8665,40.15302778,23.91447222
8666,40.07219444,23.33747222
8669,38.05719444,23.60191667
8670,37.68219444,24.06894444
8671,40.59527778,22.45555556
8672,37.98472222,23.70416667
8673,38.06838889,23.54625
8674,37.99111111,23.70322222
8675,35.04080556,25.43688889
8676,38.01888889,23.76777778
8677,35.14691667,25.71933333
8678,35.14719444,25.72086111
8679,37.97305556,23.71305556
8680,37.94083333,23.6975
8681,40.28997222,22.52122222
8682,39.58861111,22.48583333
8683,38.39763889,23.50930556
8684,41.07255556,23.53930556
8685,38.03933333,23.74558333
8686,37.98708333,23.76244444
8687,40.70583333,22.76527778
8688,40.70611111,22.7675
8689,40.70583333,22.76638889
8690,40.61222222,22.12611111
8691,38.32413889,23.61919444
8692,37.98205556,23.71894444
8693,37.98138889,23.63972222
8694,35.31041667,25.25155556
8695,35.31211111,25.25125
8696,38.08033333,23.56002778
8697,37.66025,24.01625
8698,38.09127778,23.83711111
8699,39.38805556,23.00227778
8700,38.06305556,23.79861111
8702,41.07125,24.63669444
8703,40.70216667,22.37775
8705,35.29286111,25.11238889
8707,37.98361111,23.69
8708,39.53361111,20.87697222
8709,38.30655556,23.65997222
8710,39.7285,22.14194444
8711,35.51861111,23.86888889
8712,38.09236111,23.53755556
8713,38.30677778,23.66041667
8714,38.42722222,23.57861111
8715,36.65433333,24.35611111
8716,36.65466667,24.35630556
8718,40.60125,22.95152778
8719,39.63833333,22.41666667
8720,38.10086111,23.84741667
8721,40.72638889,22.87794444
8722,37.99916667,23.77483333
8724,37.91086111,23.71644444
8725,37.98,23.73027778
8726,40.27183333,22.50497222
8727,38.08416667,23.82305556
8728,38.06111111,23.80861111
8729,40.44602778,23.68141667
8730,40.62611111,22.41225
8731,37.94866667,23.60936111
8732,40.68891667,22.89836111
8733,40.59527778,22.99730556
8734,38.01041667,23.79016667
8735,39.51727778,22.55075
8736,39.51736111,22.55036111
8737,39.52230556,22.55733333
8738,37.91638889,23.71083333
8739,35.32455556,25.12113889
8740,35.34063889,25.13291667
8741,38.10122222,23.54091667
8743,40.24722222,22.53361111
8744,40.7075,22.76805556
8745,37.48541667,23.23763889
8746,38.01472222,23.83361111
8747,40.66527778,23.70138889
8748,40.49822222,21.16744444
8749,38.34425,23.36063889
8750,37.86408333,23.91563889
8751,40.66716667,22.83430556
8752,38.46888889,23.57972222
8753,38.08847222,23.81286111
8754,38.04333333,23.80888889
8755,40.59075,22.94586111
8756,35.18966667,25.71588889
8757,35.35263889,24.52975
8758,38.05830556,23.61416667
8759,40.52736111,23.00755556
8760,39.52416667,22.55663889
8761,39.36361111,22.94888889
8762,38.08805556,23.73833333
8763,39.60944444,19.87194444
8764,38.10530556,23.77469444
8767,36.88222222,27.25475
8768,40.77388889,22.21361111
8769,38.10322222,23.81497222
8770,40.55138889,23.00388889
8771,37.98336111,23.90338889
8772,37.98308333,23.90358333
8773,40.55269444,22.21791667
8774,39.63561111,19.83719444
8776,39.62044444,19.92338889
8777,37.97944444,23.73444444
8778,37.99586111,23.91883333
8779,38.10561111,23.82516667
8780,38.00355556,23.78461111
8781,37.98,23.70666667
8782,38.036,23.79861111
8784,39.61486111,22.52552778
8785,38.04580556,23.79086111
8786,35.46166667,23.77666667
8787,35.46083333,23.77666667
8789,38.31611111,23.61972222
8790,38.0375,23.80277778
8791,38.03897222,23.67444444
8792,40.75041667,22.15558333
8793,38.26186111,21.75725
8794,37.9075,23.0125
8795,38.13983333,23.83747222
8796,37.66975,23.96780556
8797,38.55341667,22.5805
8799,37.98022222,23.70805556
8800,37.92388889,23.69916667
88001,40.90861111,24.36666667
88002,40.34708333,23.96738889
88003,38.05808333,23.53391667
88004,40.58275,22.95419444
88005,36.41980556,28.18833333
88006,39.95966667,25.32033333
88007,38.09030556,23.83669444
88008,38.03155556,23.84641667
88009,40.64430556,22.80686111
8801,37.96055556,23.70861111
88010,40.68577778,22.81594444
88011,35.30356111,25.41927778
88012,37.87102778,23.869
88013,40.68219444,22.81541667
88014,38.05586111,23.76113889
88016,38.08008333,23.57241667
88017,40.65372222,22.83855556
88018,37.69777778,24.05466667
8802,38.01425,23.78805556
88020,35.38422222,24.59025
88021,40.54058611,22.98745556
88022,39.62511111,19.88847222
88023,38.58825,20.55777778
88024,40.63879167,22.94050278
88025,40.667625,22.1813
88028,37.87214167,23.75941944
88029,38.01231944,23.83582778
8803,38.04325,23.80941667
88030,35.21919444,25.71308333
88031,39.54575,20.78480556
88032,39.546,20.78852778
88033,39.54761111,20.789
88034,39.52377778,22.55647222
88035,38.15783333,23.48722222
88036,37.30036111,22.11958333
88037,38.15686111,23.49258333
88038,40.42693889,22.92834722
88039,38.18880556,23.83494444
8804,38.037,23.75047222
88040,37.99327778,23.68280556
88041,38.04433333,24.00027778
88042,37.92986111,24.00772222
88043,37.93013889,24.00652778
88044,40.29808889,22.52605556
88045,35.20263889,25.71825
88046,36.40694444,25.43561111
88047,37.83931944,23.76721111
88048,37.92636111,23.69229722
88049,37.86317778,23.75360278
8805,37.98683333,23.7425
88050,38.04005556,23.80591667
88051,38.05058333,23.80938889
88052,40.46322222,21.30041667
88053,37.99508333,23.76902778
88054,38.08733333,23.81677778
88055,41.28702778,25.89858333
88056,40.64213889,22.79999722
88057,38.0535,23.75180556
88058,37.97018056,23.72843889
88059,39.35655556,22.92307222
8806,38.02694444,23.84138889
88060,37.97063611,23.72646111
88061,38.21514722,26.01305556
88062,38.03588889,23.79141667
88063,37.90958333,23.74733333
88064,41.12541667,25.39444444
88065,37.97168333,23.72456667
88066,37.97114444,23.72626111
88067,40.11902778,22.55377778
88068,38.03669444,23.79941667
88069,37.96464167,23.63369444
8807,38.18144444,23.85097222
88070,37.99319444,23.67944444
88071,37.97530833,23.72156944
88072,38.09588889,23.76069444
88073,40.76359444,22.44875833
88074,35.50372222,24.00691667
88075,38.01669444,23.78675
88076,37.97514444,23.72434444
8808,38.92680556,21.02486111
8809,35.33461111,25.1265
88090,38.17441667,23.84347222
88091,38.006,23.71677778
88092,37.95241667,23.67902778
88093,37.99497222,23.71288889
88094,38.00477778,23.70083333
88095,37.03894444,22.05969444
88096,37.94808333,23.65844444
88097,40.53130556,23.012
88098,37.95091667,23.62319444
88099,38.04086111,23.81330556
88100,37.97127778,23.88029722
88101,38.05361111,23.75598333
88102,37.97791667,23.7445
88104,36.38194444,28.19772222
88105,41.12097222,25.41119444
88106,38.629,21.36283333
88107,38.30375,23.66216667
88108,40.59294444,22.99397222
88109,37.87433333,21.2015
8811,38.86669444,20.79463889
88110,39.660675,20.10758333
88111,39.66062778,20.107175
88112,40.719225,22.84833056
88114,37.96302778,21.29597222
88115,37.98608333,23.71063889
88116,38.38519444,23.49602778
88117,38.38230556,23.49555556
88118,37.96816667,23.73541667
88119,40.60584167,23.00475
8812,38.11311111,23.84155556
88120,38.01869444,23.76913889
88121,37.99186111,23.73097222
88122,40.63277778,22.94597222
88123,40.28555556,23.24305556
88124,39.37738889,22.87355556
88125,37.97911111,23.71455556
88126,38.05402778,23.54713889
88127,38.23020833,21.72796667
88128,39.88238889,21.76519444
88129,38.03052778,23.84472222
8813,37.97805556,23.73361111
88130,40.79130556,22.09741667
88131,37.973775,23.73064444
88132,38.30616667,23.66083333
88133,35.51536111,24.08622222
88134,38.01358333,23.834
88135,40.63883333,22.94183333
88136,41.15521389,25.84851667
88137,41.28976111,25.89919722
88138,37.86355556,23.76258333
88139,38.07374444,23.75707778
8814,37.64908333,22.72336111
88140,35.36872222,24.50275
88141,37.65086111,22.79884444
88142,40.32658333,23.30844444
88143,37.8815,21.11088889
88144,40.262,22.52913889
88145,38.02288889,23.73613889
88146,38.10427778,21.64269444
88147,37.75747778,26.97338889
88148,38.08111667,23.775625
88149,40.63133333,22.76233333
8815,38.09675,23.62683333
88150,41.19902778,24.70577778
88151,37.65213889,22.80248056
88152,35.32555556,25.06822222
88153,38.05129167,23.83625
88154,38.03691667,23.79943889
88155,40.639275,22.94635278
88156,39.35805556,22.97647222
88157,37.46361111,25.32919444
88158,38.07216667,23.54958333
88159,38.07361111,23.55141667
88160,38.07483333,23.54458333
88161,38.07538889,23.54336111
88162,38.07522222,23.54294444
88163,37.81563889,23.77202778
88164,37.81622222,23.77002778
88165,37.81583333,23.77180556
88166,38.0754,23.54619167
88167,38.06933333,23.54727778
88168,38.07594444,23.548
88169,38.06691667,23.54561111
8817,39.63805556,22.40805556
88170,35.33044444,25.13222222
88171,38.01736111,23.7015
88172,37.708775,26.96346944
88173,40.67758333,22.81155556
88174,41.11863889,25.36052778
88175,39.34822222,21.92097222
88176,35.266,24.64805556
88179,38.33311111,23.59836111
8818,38.03472222,23.79666667
88180,35.3695,24.47341667
88181,38.90579722,22.51006111
88184,38.05694444,24.49745
88185,38.02288889,23.72577778
88186,37.97566667,23.74247222
88188,38.95983333,22.3905
88189,38.79010556,21.24495
8819,40.60816667,22.99733333
88190,37.97241111,23.73309722
88191,37.942575,23.7483
88192,40.13515,23.38104444
88193,40.70958333,23.03622222
88194,37.72771111,23.48660556
88195,38.09625,23.76158333
88196,37.71102222,26.9631
88197,40.64872222,22.13058333
88198,40.73316667,22.70547222
88199,40.60641667,22.99777778
8820,38.08516667,23.78913889
88200,37.97766667,23.59886111
88201,38.02888889,23.81127778
88202,38.53866667,23.71875
88203,36.40613889,28.20616667
88204,40.40891111,23.05121111
88205,38.02908333,23.81388889
88206,35.32594444,25.10716667
88207,23.44532222,41.18771389
88208,40.35880556,23.05508333
88209,35.49402778,23.98280556
8821,40.57888889,22.17027778
88210,37.86622222,23.76144444
88211,38.04425,23.79313889
88212,37.85411111,23.75911111
88213,37.87125,22.68052778
88214,35.39897222,25.03744444
88215,40.22383333,24.28305556
88216,40.59891667,22.97430556
88217,39.56041667,19.90519444
88218,37.85866667,23.75222222
88219,37.46302778,25.32880556
8822,37.93636111,23.65197222
88220,40.55819444,22.97888889
88221,37.99704444,23.71137778
88222,38.01136389,23.81298056
88223,38.01422222,23.73613889
88224,37.96258333,23.57419444
88225,38.00577778,23.78888889
88226,38.01136389,23.81298056
88227,38.01209722,23.78468056
88228,38.04144444,23.83163889
8823,38.04508333,23.81169444
88230,38.05610278,23.80488056
88231,37.56411111,22.91522222
88232,41.13580556,25.38325
88233,38.08777778,23.78560278
88234,38.06502778,23.75313889
88235,38.08346944,23.76081111
88236,40.845,22.31086111
88238,38.03077778,23.75563889
88239,40.54144444,23.01816667
8824,37.94675,23.7025
88240,36.93112222,21.71557778
88241,38.04544444,23.72686111
88242,37.89208333,23.76480556
88244,37.96202778,23.90466667
88245,40.95730556,24.47844444
88246,40.95683333,24.48016667
88247,39.61280556,19.91183333
88248,37.97536111,23.67163889
88249,38.05755556,23.65541667
8825,38.43322222,23.65672222
88250,40.56525,22.99538889
88251,37.96818333,23.75377222
88252,40.57577778,22.98069444
88253,35.32313889,25.38813889
88254,35.32463889,25.38705556
88255,38.17505556,23.71797222
88256,35.51180556,24.02366667
88257,35.3235,25.38791667
88258,37.05722222,25.37375
88259,37.97866667,23.73486111
8826,37.98388889,23.73722222
88260,39.14691667,23.39738889
88261,39.14833333,23.39713889
88262,38.10163889,23.80675
88263,40.72713889,22.13130556
88264,37.94897222,23.69980556
88265,40.37461111,22.57605556
88266,37.927,23.41488889
88267,36.30119444,28.17611111
88268,37.96252778,23.92313889
88269,41.11352778,25.41005556
8827,38.09244167,23.753525
88270,39.86288889,21.56808333
88271,39.63777778,22.41455556
88272,37.68852778,22.65419444
88273,38.04716667,23.80594444
88274,40.50166667,23.59938889
88275,38.043175,23.77480556
88276,37.99747222,23.74355556
88277,40.98747222,23.68572222
88278,38.29498056,23.65165
88279,37.63263889,21.47594444
88280,37.9275,22.98380556
88281,38.03980556,23.61066667
88282,39.58747222,20.86016667
88284,40.9885,23.68636111
88285,37.94405,23.68500556
88286,38.30333333,23.6575
88287,38.07730556,23.76241667
88288,37.99619444,23.91897222
88289,37.98660278,23.71131944
8829,38.28463889,23.68077778
88290,40.60488889,22.97241667
88291,35.32472222,25.11147222
88292,40.86494444,24.30027778
88293,39.8895,22.44452778
88294,40.45197222,23.01080556
88295,38.01494444,23.83336111
88296,40.26933333,22.52136111
88297,38.13297222,23.58383333
88298,38.35683333,23.59083333
88299,40.52827778,22.20555556
88300,37.97905556,23.73597222
88301,38.01649722,23.76004444
88302,38.09938056,23.5338
88303,41.01272222,22.79608333
88304,40.63080556,22.94588333
88305,40.6865,22.81344444
88306,40.65872222,22.93175
88307,38.14104167,23.84332778
88308,37.97908333,23.73527778
88309,38.06527778,23.83183333
8831,38.13205556,23.58508333
88310,36.39245556,25.44334167
88311,38.45897222,23.55894444
88312,38.45975,23.56052778
88313,40.57841667,23.00212778
88314,37.97929167,23.73517778
88315,35.40108611,24.63102778
88316,40.61483889,22.44829444
88317,37.97741667,23.72680556
88319,38.08333333,23.82072222
8832,40.67583333,22.12333333
88320,40.60763889,22.99861111
88321,40.65813889,22.84975
88322,40.47311111,22.97202778
88323,37.99583333,23.34325
88324,40.57480556,22.97258333
88325,40.36541667,23.54377778
88326,39.63655556,22.41427778
88327,37.88636111,23.90702778
88328,40.76575,22.96202778
88329,38.03286111,23.7895
8833,37.97738889,23.73533333
88330,40.65513889,22.92347222
88331,37.99705556,23.71133333
88332,38.09477778,23.61144444
88333,23.55484722,38.40494722
88334,37.94852778,23.69711111
88335,41.07005556,25.48763889
88336,40.57224167,22.95697222
88337,41.04041667,23.57816667
88338,40.82480833,22.89137778
88339,38.09416667,23.79263889
8834,37.985,23.77194444
88340,38.12077778,23.84372222
88341,40.61744444,22.74141667
88342,40.54827778,23.00377778
88343,38.04783333,23.74002778
88344,37.86258333,23.75127778
88345,40.56672222,22.98669444
88346,38.27094444,21.79475
88347,38.27072222,21.79591667
88348,39.45255278,20.35580833
88349,38.90011111,22.96163889
8835,37.96655556,23.73563889
88350,38.04652778,23.86991667
88351,38.00858333,23.71419444
88352,38.00719444,23.39944444
88353,37.45925,22.43538889
88354,37.46027778,22.43641667
88355,37.45986111,22.43569444
88356,37.99588889,23.78630556
88357,38.00358333,23.69444444
88358,38.09827778,23.53730556
88359,38.12922222,24.59202778
8836,37.46944444,23.65222222
88360,38.05444444,24.39675
88361,38.11958333,24.4075
88362,37.90523889,23.85788056
88363,38.20630556,23.79452778
88364,38.11080556,23.77930556
88365,40.60047222,23.01286111
88366,40.94811111,22.63002778
88367,38.08255556,23.57238889
88368,37.99588889,23.78630556
88369,38.06316667,23.54977778
8837,38.09330556,23.72944444
88370,38.05291667,23.75058333
88371,38.06616667,23.54980556
88372,38.037,23.54030556
88373,40.37461111,22.57605556
88374,38.09916667,23.53097222
88375,38.2775,22.79444444
88376,38.27811111,22.79438889
88377,38.02525,23.73511111
88378,35.51505556,24.09455556
88379,37.95086111,23.86438889
8838,40.59111111,22.96694444
88381,35.35166667,24.31111111
88383,38.26277778,21.80569444
88384,38.98313889,23.68894444
88385,38.01963889,23.78788889
88386,39.69433333,22.55402778
88387,37.76558333,24.01241667
88388,38.04655556,23.53225
88389,38.77722222,20.88280556
8839,38.00530556,23.67225
88390,37.96519444,23.92544444
88391,39.00702778,23.13791667
88392,40.67938889,22.80511111
88393,38.01155556,23.79847222
88394,38.89441667,25.95361111
88395,40.58987222,23.00519444
88396,40.52033333,21.68002778
88397,38.32305556,21.86461111
88398,36.98644444,21.65361111
88399,40.60705556,22.13761111
88400,38.09938889,23.79025
88401,37.86391667,23.87127778
88402,40.02408333,23.51452778
88403,38.07655556,23.82216667
88404,38.05683333,23.80947222
88405,37.98561111,23.76122222
88406,38.89041667,22.93825
88407,35.31861111,25.1295
88408,37.38469444,24.45425
88409,37.38333333,24.45197222
8841,37.59080556,22.78069444
88410,38.91633333,22.44180556
88411,38.91627778,22.44138889
88412,35.53752778,24.05263889
88413,39.26725,19.94777778
88414,36.04477778,27.91794444
88415,39.38552778,22.93152778
88416,35.35110833,24.31079167
88417,40.61508333,22.17911111
88418,40.64544444,22.91783333
88419,35.01465,25.69540833
8842,39.39538889,23.14175
88420,38.05463889,23.54941667
88421,40.44727778,23.04372222
88422,38.18127778,21.69113889
88423,37.99244444,23.68055556
88424,35.38347222,24.63908333
88425,35.38261111,24.64119444
88426,38.97858333,23.73552778
88427,40.62716667,23.08727778
88428,40.59225,22.10891667
88429,40.58283333,23.11675
8843,38.04375,23.81983333
88430,40.58327778,23.118
88431,35.23547222,25.15955556
88432,41.10461111,24.85388889
88433,38.14155556,23.83461111
88434,39.61047222,19.90133333
88435,37.93377778,23.69588889
88436,37.98366667,23.75544444
88437,40.66025,22.40563889
88438,38.18825,23.05611111
88439,38.06558333,23.54161111
8844,38.07277778,23.79916667
88440,39.68130556,20.02775
88441,37.982,23.68883333
88442,39.91061111,25.35411111
88443,38.0365,23.67536111
88444,22.32325833,40.68297222
88445,38.45016667,23.61625
88446,38.46794444,23.61627778
88447,38.72572222,21.28966667
88448,41.08909722,23.52292778
88449,37.99180556,23.85075
8845,35.51944444,24.08472222
88450,40.81047222,22.97308333
88451,40.81038889,22.97233333
88452,36.33699722,25.43634444
88453,40.00313889,23.38322222
88454,38.5365,23.71044444
88455,38.53658333,23.70988889
88456,40.70180556,23.03822222
88457,36.432,25.42494444
88458,38.03658333,23.83222222
88459,38.08947222,23.76458333
8846,37.07027778,25.44952778
88460,38.09,23.76416667
88461,38.06363889,23.75236111
88462,37.79919444,21.35458333
88463,37.77916667,21.34547222
88464,36.82427778,22.28538889
88465,39.66158333,19.85280556
88466,39.78916667,19.70569444
88467,38.24466667,21.72844444
88468,39.37191667,21.94275
88469,39.37152778,21.94197222
8847,39.58311111,21.49183333
88470,37.99713889,23.71122222
88471,37.92477778,23.93572222
88472,38.13111111,23.65669444
88473,38.07805556,23.81383333
88474,38.06477778,23.84066667
88475,40.50738889,22.991
88476,38.04,23.80594444
88477,38.10977778,23.86316667
88478,38.07230556,23.8085
88479,40.69144444,22.30036111
8848,38.07519444,23.80236111
88480,35.30075,25.72305556
88481,38.01797222,23.81819444
88482,40.24,23.72530556
88483,38.11819444,23.56030556
88484,38.00213889,23.64572222
88485,40.62055556,22.96694444
88486,39.37627778,22.84494444
88487,38.33730556,23.60025
88488,38.05947222,23.80619444
88489,38.06466667,23.753
8849,35.46722222,24.15583333
88490,37.96633333,23.72713889
88491,38.02763889,23.82208333
88492,37.97383333,23.78033333
88493,38.625,21.41105556
88494,40.60197222,22.97822222
88495,38.23986111,23.87447222
88496,38.11952778,23.84347222
88497,38.94691667,20.73772222
88498,39.60891667,19.85572222
88499,37.86880556,22.49961111
88500,38.03656667,23.81915833
88501,35.29697222,25.21452778
88502,38.21269444,21.77119444
88503,35.52277778,24.12980556
88504,38.08341667,23.62769444
88505,38.08327778,23.53244444
88506,38.09858333,23.59888889
88507,37.92138889,23.06502778
88508,37.92041667,22.06375
88509,37.92075,23.06386111
8851,37.54122222,22.96602778
88510,37.92002778,22.06425
88511,35.49858333,24.16158333
88512,38.05383333,23.73763889
88513,38.37330556,23.43944444
88514,38.37422222,23.44063889
88515,37.98538889,23.74419444
88516,37.86463889,23.75208333
88517,37.98991667,23.794
88518,37.95505556,22.72997222
88519,40.65105556,22.94438889
8852,37.01311111,22.45858333
88520,38.41688889,23.59247222
88521,38.96211111,20.75038889
88522,40.63522222,22.74202778
88523,40.70125,22.93380556
88524,37.45619444,25.32925
88525,37.45694444,25.32883333
88527,37.99444444,23.68527778
88528,38.52336111,23.67480556
88529,38.05327778,23.74791667
88530,40.66494444,22.91172222
88531,35.49563889,23.99155556
88532,36.97733333,24.72508333
88533,40.96322222,22.07055556
88534,38.10563333,23.86265
88535,35.51405556,23.94358333
88536,39.16155556,20.98347222
88537,40.68166667,22.80977778
88538,40.67063889,22.92013889
88539,38.01569444,22.74472222
8854,40.32630556,23.18533333
88540,37.85777778,22.45233333
88541,37.07047222,22.42622222
88542,37.986,23.67327778
88543,37.91941667,23.06786111
88544,37.61241667,26.29166667
88545,38.89419444,22.83916667
88546,39.11305556,22.05133333
88547,40.68305556,22.79180556
88548,36.22125,28.12475
88549,40.60511111,22.96225
8855,40.64419444,22.82466667
88550,40.65669444,22.64497222
88551,30.30555556,23.44222222
88552,38.08888889,23.74736111
88553,40.67583333,22.83308333
88554,36.47975,22.40066667
88556,37.75305556,23.43138889
88557,37.6405,24.33941667
88558,37.64130556,22.79427778
88559,36.42144444,25.43058333
8856,38.079,23.78822222
88560,38.38230556,23.62952778
88561,40.60511111,22.96225
88562,40.58555556,23.12002778
88563,41.127425,25.18602778
88564,40.56605556,23.00708333
88566,38.24811111,23.90888889
88567,38.05591667,23.76505556
88568,38.03727778,23.82769444
88569,39.26530556,21.22019444
8857,40.65069444,22.88836111
88570,39.63422222,22.41861111
88571,37.80186111,23.87377778
88572,37.90633333,23.92355556
88573,40.42625,23.02077778
88574,36.45358333,28.22261111
88575,39.66797222,20.86422222
88576,38.0945,23.75175
88578,35.33858333,25.14605556
88579,35.33775,25.12688889
8858,38.42586111,22.28166667
88580,38.02263889,23.74261111
88581,37.92825,22.98436111
88582,38.11666667,23.84241667
88583,40.61236111,22.95391667
88584,37.47266667,25.31561111
88585,40.29116667,23.54236111
88586,37.93775,23.65297222
88587,23.53952778,41.08755556
88588,39.17163889,22.83991667
88589,38.03233333,23.78941667
8859,40.13955556,21.45880556
88590,40.60558333,22.97861111
88591,37.15536111,24.50394444
88593,37.46,22.43594444
88594,39.85852778,20.66016667
88595,38.04044444,23.80522222
88596,38.039,23.70097222
88597,38.09411111,23.55108333
88598,37.94786111,23.69016667
88599,35.52005556,24.07005556
8860,36.89269444,27.23769444
88600,38.46791667,23.24016667
88601,38.04097222,23.55063889
88602,37.93888889,23.94736111
88603,38.09261111,23.818
88604,37.80597222,24.01386111
88605,38.04297222,23.74169444
88606,38.01269444,23.82683333
88609,35.32527778,25.3865
8861,37.93933333,23.69641667
88610,41.2805,23.98558333
88611,38.14958333,22.26663889
88612,36.36377778,28.20666667
88613,35.54625,24.12936111
88614,41.30708333,23.38594444
88615,41.31386111,23.38391667
88616,38.14094444,23.78327778
88617,40.59919444,22.96416667
88618,40.4915,21.33630556
88619,41.33497222,23.42394444
8862,37.97366667,22.73780556
88620,38.27663889,21.79294444
88621,38.45852778,22.07775
88622,37.31747222,26.54313889
88623,38.00805556,23.73027778
88624,37.99872222,23.78397222
88625,40.51495278,23.81589444
88626,35.50280556,24.00094444
88627,38.76466667,23.31788889
88628,40.51844444,23.83061111
88629,39.63158333,22.35355556
8863,38.00655556,23.68663889
88630,39.77947222,22.34463889
88631,41.08052778,23.52763889
88632,37.98169444,23.73269444
88633,38.04147222,23.87744444
88634,38.10033333,23.55372222
88635,38.25663889,22.07088889
88636,37.39364722,25.26576389
88637,40.85008333,25.86611111
88638,35.38125,24.58452778
88639,40.51897222,22.57113889
8864,40.53230556,23.04302778
88640,37.9945,23.77316667
88641,40.69347222,22.79347222
88642,40.66386111,22.86122222
88643,40.77550833,24.69996944
88644,37.98116667,23.73275
88645,38.03408333,23.82944444
88646,40.61513889,24.60319444
88647,37.65088889,24.02608333
88648,37.43894444,25.32988889
88649,37.43930556,25.32980556
8865,38.40938889,24.03994444
88650,39.36661111,22.94213889
88651,40.64511111,22.80641667
88652,40.64997222,22.80077778
88653,39.42433333,20.04991667
88654,37.70919444,26.66744444
88655,37.70833333,26.66769444
88656,36.84386111,27.24311111
88657,37.95744444,23.85919444
88658,39.51269444,19.92344444
88659,37.94980556,23.67822222
8866,38.07694444,23.82055556
88660,41.14736111,24.14855556
88661,37.43163889,25.30238889
88662,39.95455556,23.68327778
88663,40.76616667,20.12633333
88664,37.82630556,20.84533333
88665,36.4135,28.22977778
88666,37.15441667,24.53183333
88667,37.99966667,23.71172222
88668,37.52102778,22.07180556
88669,40.83105556,20.45013889
8867,38.03280556,23.80344444
88670,38.05991667,23.71408333
88671,38.08319444,23.81505556
88672,38.37244444,23.47013889
88673,37.98438889,23.72905556
88674,37.52102778,22.07180556
88675,38.00055556,23.6945
88676,40.73269444,22.99208333
88677,40.65766667,22.76430556
88678,38.07741667,23.81027778
88679,38.47222222,23.58469444
8868,38.01377778,23.83758333
88680,38.46908333,23.60386111
88681,40.75813889,22.97186111
88682,40.65677778,22.76494444
8869,40.40555556,23.02694444
8870,37.96188889,23.72161111
8871,40.85666667,25.90994444
8872,38.81758333,23.38563889
8873,38.306,23.63183333
8874,38.08916667,23.75777778
8875,40.77863889,24.61122222
8876,38.47966667,22.91847222
8877,37.11469444,25.24513889
8878,38.09916667,23.74888889
8879,38.03972222,23.80944444
8880,40.62972222,22.94638889
8881,37.96672222,23.72897222
8882,37.98825,23.73386111
8883,40.60602778,22.96297222
8884,38.00558333,23.94463889
8885,37.968,23.69527778
8886,38.10108333,23.80297222
8887,37.93041667,22.66033333
8888,40.48075,21.26944444
8889,39.66108333,20.85552778
8890,40.65830556,22.89958333
8891,40.72255556,22.84341667
8896,40.68366667,22.79391667
8897,38.08513889,23.78297222
8898,40.56388889,22.11644444
8899,38.01761111,23.76638889
8900,39.43972222,23.04688889
8901,57.95055556,23.64222222
8902,40.85894444,24.067
8903,37.98352778,23.70922222
8906,37.95444444,23.84813889
8911,38.12141667,23.78733333
8919,40.69211111,22.78777778
8920,37.98980556,23.73355556
8921,38.53805556,23.71
8922,37.96944444,23.73194444
8923,38.06611111,23.54430556
8924,38.02111111,23.81416667
8926,38.06966667,23.54772222
8927,38.07086111,23.549
8928,37.37058333,23.1175
8931,38.10083333,23.80277778
8932,37.98372222,23.73097222
8933,37.98363889,23.73119444
8934,37.68302778,24.06969444
8935,37.97427778,23.67302778
8937,39.62680556,22.43294444
8938,40.21575,23.32352778
8939,40.21586111,23.32297222
8940,40.85891667,24.06697222
8941,37.09944444,25.3775
8942,37.97419444,23.73152778
8943,35.48636111,24.00980556
8944,40.81416667,22.34497222
8945,39.65619444,20.85855556
8946,37.93483333,23.88477778
8947,37.97205556,23.73244444
8948,38.41894444,22.95319444
8949,35.52580556,23.79975
8950,40.12888889,23.36972222
8951,40.68336111,22.79838889
8952,38.90855556,22.50636111
8953,38.91063889,22.50577778
8957,40.45847222,22.57436111
8958,38.08705556,23.78686111
8959,36.25441667,28.16688889
8960,38.31616667,22.60141667
8961,38.08638889,23.76527778
8962,37.99805556,23.74458333
8963,39.15452778,20.85913889
8964,37.98633333,23.91294444
8966,40.69119444,22.78705556
8967,40.68702778,22.81163889
8968,40.86505556,21.631
8969,38.02613889,23.77483333
8970,37.78783333,20.68558333
8971,39.59525,22.06816667
8972,38.03388889,23.81152778
8973,38.31438889,23.64805556
8974,35.15341667,26.04869444
8976,37.93797222,22.92213889
8977,40.56727778,23.03858333
8979,40.85291667,25.81255556
8983,38.08416667,23.79
8984,37.826,23.79641667
8985,40.34730556,23.96722222
8987,38.09466667,23.73261111
8988,38.04683333,23.55183333
8992,38.09325,23.81008333
8993,37.76494444,24.01216667
8994,38.04861111,23.80416667
8996,23.88494444,37.90266667
8998,37.90519444,23.72025
8999,38.33841667,23.6085
9006,38.08638889,23.83083333
9007,37.96861111,23.71333333
9008,37.96805556,23.71305556
9009,38.05105556,23.78213889
9013,37.97916667,23.76277778
9014,38.04786111,23.76513889
9015,38.04777778,23.76625
9016,38.00666667,23.665
9017,38.0125,23.70722222
9018,37.95144444,23.73608333
9019,37.9705,23.75436111
9020,37.93019444,23.75611111
9021,37.98883119,23.72317031
9022,37.90802778,23.74894444
9023,37.92044444,23.72091667
9024,38.04302778,23.72452778
9025,38.04322222,23.68486111
9026,38.03966667,23.53886111
9027,38.94361111,21.805
9028,37.99916667,23.71236111
9031,39.33086111,21.95669444
9032,36.15219444,22.98561111
9033,37.42375,23.41819444
9034,40.64180556,22.91438889
9036,39.37805556,21.50909167
9037,37.92619444,23.70041667
9038,40.61444444,22.97138889
9040,40.63252778,22.94061111
9042,37.06927778,22.06127778
9043,32.44573889,28.22409722
9044,37.97555556,23.74544444
9045,36.35316667,25.40355556
9046,37.40230556,25.26966667
9047,35.32522222,24.67077778
9048,40.64325,22.80269444
9049,37.94472222,23.64711111
9050,38.48116667,22.50030556
9051,38.48205,22.50190833
9052,38.47999167,22.50875
9053,37.65136111,24.02563889
9055,37.97584167,23.72312778
9056,37.97286111,23.72065278
9057,37.97485,23.72049167
9058,37.97341667,23.72416667
9059,37.97140278,23.72780556
9060,37.97206944,23.7258
9061,37.97103333,23.72395278
9062,37.96900278,23.72886944
9063,37.97024167,23.72522222
9064,40.77480556,22.99547222
9065,37.9805,23.67433333
9067,37.96122222,23.69525
9069,37.17036111,22.30447222
9070,38.23813889,21.76130556
9071,36.95913889,22.45063889
9072,40.74961111,22.771
9073,40.50236111,23.44711111
9074,37.98435,23.78623333
9075,35.25733333,25.6025
9076,40.59375,23.01502778
9077,40.9835,23.41355556
9078,40.16402778,21.82019444
9079,39.14786111,20.99472222
9080,35.33416667,25.01577778
9081,35.24730556,25.03158333
9082,35.02838889,25.5105
9083,38.62783333,20.60925
9085,40.17272222,23.85211111
9087,40.49333333,22.30638889
9088,40.47725,22.32266667
9089,41.061,24.96180556
9091,40.61355556,22.6905
9092,35.32280556,25.38836111
9093,35.30583333,25.15502778
9094,37.98472222,23.72622222
9095,41.02505556,24.78772222
9096,40.59285556,22.99646111
9097,40.65391667,22.94411111
9098,40.48747222,22.31972222
9099,40.48594444,22.32188889
9100,39.67377778,19.70447222
9101,38.01861111,23.78811111
9102,38.01905556,23.78875
9103,40.48811111,22.32030556
9104,40.48291667,22.32177778
9105,41.35252778,26.50452778
9106,39.12258333,20.94527778
9107,41.47602778,26.53333333
9108,35.25833333,25.2375
9109,35.00238889,25.80333333
9110,35.19463889,25.7135
9111,37.88569444,23.747
9112,36.39305556,28.19908333
9113,40.6255,23.44041667
9114,36.40013889,28.20111111
9115,37.99461111,23.36552778
9116,39.61919444,19.89302778
9117,39.65056389,20.86688889
9118,37.08736111,22.25333333
9119,35.2785,25.082
9120,41.12497222,25.39466667
9121,40.51241111,21.32116111
9122,36.82411111,22.28188889
9123,37.70458333,22.09716667
9125,40.52219444,23.06847222
9126,40.71016667,22.95413889
9128,37.989,23.73283333
9129,38.20193056,23.79047222
9131,38.29538889,23.32038889
9132,37.959,23.72069444
9134,37.50416667,22.33472222
9137,35.316,25.14219444
9138,38.00433333,23.70691667
9139,38.01411111,23.72536111
9140,39.87661111,25.06658333
9141,35.21341667,25.11138889
9142,38.37931667,23.38864444
9143,38.32044444,23.59175
9144,36.37916667,28.13935556
9145,40.57973056,22.97130833
9146,37.85711111,23.75152778
9147,35.48527778,23.96358333
9148,38.13371944,23.53726389
9149,38.04413889,23.75216667
9150,38.00966667,23.82466667
9152,40.00438889,23.56855556
9153,37.831,24.92419444
9154,36.40988889,28.11886111
9155,37.989875,23.79403333
9156,37.83783333,24.93930556
9157,35.13855556,24.96225
9158,38.13422222,23.53747222
9159,38.12111111,23.7895
9160,38.04125,23.83269444
9161,37.99322222,23.73194444
9162,37.06605556,21.63555556
9163,37.28855556,21.85588889
9164,36.82233333,21.70702778
9165,38.33680556,23.59852778
9166,38.00966667,23.82466667
9167,36.88672222,22.23308333
9168,37.93463889,23.75609722
9169,38.00055556,23.73027778
9170,40.60775,22.99786111
9171,37.92919444,23.07530556
9172,37.946525,23.73294167
9173,40.60294444,22.96652778
9174,40.65111111,22.94436111
9175,37.90519444,22.87833333
9176,37.91092778,23.75022222
9177,38.93086111,20.77122222
9178,37.90666667,22.88
9179,37.5955,23.07963889
9180,37.59675,23.075
9181,37.59669444,23.07791667
9182,37.59763889,23.07455556
9184,38.03781944,23.6742
9185,37.97904722,23.73530278
9186,37.991025,23.73321389
9187,37.95118611,23.6405
9188,36.89163889,27.23719444
9189,38.09946111,23.53135278
9190,38.03805556,23.79361111
9191,37.91513889,22.75654167
9192,35.20886111,25.71377778
9193,35.33963889,25.16141667
9194,35.32094444,25.19127778
9195,41.03758333,22.95580556
9196,35.51775,23.91208333
9197,35.51775,23.91269444
9198,38.10602778,23.81513889
9199,38.0545,23.74352778
9200,35.39891944,24.62701389
9201,37.99825556,22.70703056
9202,38.21061111,21.7565
9203,36.36080556,28.21342222
9204,38.04408333,23.77175
9205,36.31966667,28.20075
9206,40.59355556,22.95152778
9207,37.64108333,21.62547222
9208,37.64108333,21.63191667
9209,37.63736111,21.63141667
9210,37.63991667,21.62919444
9212,40.62787778,22.42842778
9213,35.50728333,23.98876667
9214,38.11955556,20.50505556
9215,36.40666667,25.43577778
9216,40.59666667,22.95333333
9217,40.65725,22.90491667
9218,35.33963889,25.13722222
9219,35.33888889,25.13722222
9220,40.66705556,22.81005833
9221,40.39755,23.20859722
9222,37.97243611,23.72570556
9223,37.97111389,23.728775
9224,39.00477778,21.63852778
9225,40.62636111,22.94836111
9226,40.62391667,22.95505556
9227,39.68013889,20.02647222
9228,38.82930556,20.70638889
9229,38.03080556,22.11116667
9230,38.01444444,22.0895
9231,40.57372222,22.97030556
9232,38.10638889,23.815225
9233,37.9855,23.75738333
9234,38.06458333,23.72
9235,38.60365,23.33681667
9236,40.62514444,22.95356111
9237,38.00594444,23.71758333
9238,38.93091667,20.77266667
9239,35.16969444,26.20277778
9240,38.09472222,23.76772222
9241,40.48377778,23.702
9242,40.67958333,22.87997222
9243,40.68488889,22.88547222
9244,40.67836111,22.87444444
9245,37.97955556,23.76404444
9246,36.88972222,27.27580556
9247,36.04475,27.91791667
9248,38.24361111,23.82875
9249,37.88344444,23.93366667
9250,35.33561111,25.34877778
9251,40.71133333,23.02819444
9252,40.93844444,24.41113889
9253,38.27588889,21.79227778
9254,37.93133333,23.68547222
9255,37.93488889,23.62922222
9257,38.11002778,23.77902778
9258,38.10883333,23.77894444
9259,37.38611111,23.24738889
9260,37.98438333,23.73942222
9261,37.75673889,26.97455278
9263,35.36706389,24.47133056
9264,24.03691667,35.51688889
9266,40.99194444,22.87208333
9267,40.98519444,22.54066667
9268,38.11533333,23.56241667
9269,37.99366667,23.7305
9270,37.99366667,23.731
9271,38.54036111,23.20886111
9272,37.03291667,22.10505556
9273,36.73808333,24.51327778
9274,40.68238889,22.81011111
9275,39.75444444,20.64
9276,37.97138889,23.88025
9278,40.57248611,22.95733333
9279,40.59825,22.95563889
9280,40.64930556,22.84575
9281,35.28772222,24.63638889
9282,38.06819444,23.74019444
9283,37.97405556,23.72863889
9284,40.77294444,23.09813889
9285,38.02844444,23.75361111
9286,38.28616667,23.33313889
9287,38.08852778,22.14436111
9288,40.54636111,23.01972222
9289,40.61675,22.96002778
9290,38.11966667,24.24466667
9291,38.38286111,23.504
9292,39.95969444,23.97638889
9293,40.78655556,21.88111111
9294,40.90663889,22.04791667
9295,40.64227778,22.92783333
9296,38.51133333,23.63700556
9297,40.84593056,23.87522778
9299,38.02630556,23.70316667
9300,40.64036111,22.79652778
9301,38.62230556,21.40525
9302,38.08518611,23.76734444
9303,38.24713889,21.73633333
9304,40.68092778,22.81068056
9305,33.73916667,22.28838889
9306,38.80905556,22.64541667
9307,38.48430556,22.48694444
9308,35.53943889,24.14130278
9309,35.51125,24.02438889
9310,37.979625,23.715575
9312,40.10294444,22.50877778
9313,37.95152778,23.7095
9314,39.87797222,25.06122222
9315,36.94938889,26.98163889
9316,41.34080556,23.99119444
9317,38.35544444,22.71397222
9319,40.72608333,22.87772222
9320,38.62522222,21.41066667
9321,37.97280556,22.97786111
9322,38.65430556,22.99708333
9323,40.65372222,22.90775
9324,38.02630556,23.70316667
9325,38.24152778,21.72777778
9326,37.25258333,21.66291667
9327,37.92576944,23.69305
9329,41.08211111,23.54922222
9330,35.29625,25.73761111
9331,37.99788611,23.80099722
9332,37.831,23.77391667
9333,37.99209444,23.79887222
9334,37.98886667,23.786625
9335,38.00148333,23.80784722
9336,35.31102778,25.05533333
9337,37.97913889,23.73572222
9338,40.74191667,22.86044444
9339,37.93693056,23.65623889
9340,37.74736111,23.42713889
9341,38.02881944,23.71892778
9342,38.70316111,23.51709722
9344,35.39802778,24.62822222
9345,40.6655,23.60241667
9346,38.10500833,23.7439
9347,38.05358333,23.79605556
9348,38.02752778,23.6965
9349,37.62763889,25.16730556
9350,37.97071389,23.74052222
9351,35.30736111,23.60866667
9352,38.24122222,21.74238889
9353,38.07347222,23.81125
9355,36.42005556,28.18877778
9356,39.37905556,22.87327778
9357,38.07933333,24.45019444
9358,40.66923611,22.90826667
9359,40.58456944,22.95348333
9360,40.60915278,22.99068611
9361,40.63763889,22.93833333
9364,37.92644444,23.73155556
9365,40.64863889,22.84105556
9366,40.63019444,22.94347222
9367,23.04563889,40.69716667
9368,39.35588889,22.92455556
9370,35.4655,24.15438889
9371,40.170875,23.85331111
9372,41.11141667,23.46758333
9373,40.52658333,22.20652778
9374,40.63319444,22.94394444
9375,37.86,23.75527778
9376,37.99033333,23.86069444
9377,35.18913611,25.72043611
9378,40.42693889,22.92834722
9381,40.65755556,22.98436111
9382,37.97239722,23.7423
9383,36.46458333,25.37261111
9902,40.37675,21.49166667
60017,37.964376,23.725013
60723,37.99365,23.731034
