Fetched 10000 rows... Total so far: 5274
94 rows from ektaktoi bills
4632 rows from ektaktoi bills
Fetched 10000 rows... Total so far: 8028
28 rows from ektaktoi bills
7218 rows from ektaktoi bills
Fetched 10000 rows... Total so far: 9700
48 rows from ektaktoi bills
8280 rows from ektaktoi bills
Fetched 10000 rows... Total so far: 12809
180 rows from ektaktoi bills
6711 rows from ektaktoi bills
Fetched 10000 rows... Total so far: 15538
125 rows from ektaktoi bills
7146 rows from ektaktoi bills
Fetched 10000 rows... Total so far: 17544
91 rows from ektaktoi bills
7903 rows from ektaktoi bills
Fetched 10000 rows... Total so far: 19621
48 rows from ektaktoi bills
7875 rows from ektaktoi bills
Fetched 10000 rows... Total so far: 21373
245 rows from ektaktoi bills
8003 rows from ektaktoi bills
Fetched 10000 rows... Total so far: 22944
37 rows from ektaktoi bills
8392 rows from ektaktoi bills
Fetched 10000 rows... Total so far: 24853
106 rows from ektaktoi bills
7985 rows from ektaktoi bills
Fetched 10000 rows... Total so far: 27248
59 rows from ektaktoi bills
7546 rows from ektaktoi bills
Fetched 10000 rows... Total so far: 30112
37 rows from ektaktoi bills
7099 rows from ektaktoi bills
Fetched 10000 rows... Total so far: 32853
3 rows from ektaktoi bills
7256 rows from ektaktoi bills
Fetched 10000 rows... Total so far: 35481
5 rows from ektaktoi bills
7367 rows from ektaktoi bills
Fetched 10000 rows... Total so far: 38028
0 rows from ektaktoi bills
7453 rows from ektaktoi bills
Fetched 10000 rows... Total so far: 40537
1 rows from ektaktoi bills
7490 rows from ektaktoi bills
Fetched 10000 rows... Total so far: 43080
0 rows from ektaktoi bills
7457 rows from ektaktoi bills
Fetched 10000 rows... Total so far: 45433
3 rows from ektaktoi bills
7644 rows from ektaktoi bills
Fetched 10000 rows... Total so far: 47592
5 rows from ektaktoi bills
7836 rows from ektaktoi bills
Fetched 10000 rows... Total so far: 50236
200 rows from ektaktoi bills
7156 rows from ektaktoi bills
Fetched 10000 rows... Total so far: 53246
65 rows from ektaktoi bills
6925 rows from ektaktoi bills
Fetched 10000 rows... Total so far: 56167
19 rows from ektaktoi bills
7060 rows from ektaktoi bills
Fetched 10000 rows... Total so far: 59072
21 rows from ektaktoi bills
7074 rows from ektaktoi bills
Fetched 10000 rows... Total so far: 62226
76 rows from ektaktoi bills
6770 rows from ektaktoi bills
Fetched 10000 rows... Total so far: 64853
6 rows from ektaktoi bills
7367 rows from ektaktoi bills
Fetched 10000 rows... Total so far: 67614
21 rows from ektaktoi bills
7218 rows from ektaktoi bills
Fetched 10000 rows... Total so far: 70284
34 rows from ektaktoi bills
7296 rows from ektaktoi bills
Fetched 10000 rows... Total so far: 73479
38 rows from ektaktoi bills
6767 rows from ektaktoi bills
Fetched 10000 rows... Total so far: 76155
27 rows from ektaktoi bills
7297 rows from ektaktoi bills
Fetched 10000 rows... Total so far: 78650
39 rows from ektaktoi bills
7466 rows from ektaktoi bills
Fetched 10000 rows... Total so far: 81428
98 rows from ektaktoi bills
7124 rows from ektaktoi bills
Fetched 10000 rows... Total so far: 84529
47 rows from ektaktoi bills
6852 rows from ektaktoi bills
Fetched 10000 rows... Total so far: 86938
24 rows from ektaktoi bills
7567 rows from ektaktoi bills
Fetched 10000 rows... Total so far: 89515
109 rows from ektaktoi bills
7314 rows from ektaktoi bills
Fetched 10000 rows... Total so far: 92509
181 rows from ektaktoi bills
6825 rows from ektaktoi bills
Fetched 10000 rows... Total so far: 95966
171 rows from ektaktoi bills
6372 rows from ektaktoi bills
Fetched 10000 rows... Total so far: 100236
199 rows from ektaktoi bills
5531 rows from ektaktoi bills
Fetched 10000 rows... Total so far: 103664
27 rows from ektaktoi bills
6545 rows from ektaktoi bills
Fetched 10000 rows... Total so far: 104872
20 rows from ektaktoi bills
8772 rows from ektaktoi bills
Fetched 10000 rows... Total so far: 105686
0 rows from ektaktoi bills
9186 rows from ektaktoi bills
Fetched 10000 rows... Total so far: 106561
10 rows from ektaktoi bills
9115 rows from ektaktoi bills
Fetched 10000 rows... Total so far: 107399
6 rows from ektaktoi bills
9156 rows from ektaktoi bills
Fetched 10000 rows... Total so far: 108552
77 rows from ektaktoi bills
8770 rows from ektaktoi bills
Fetched 10000 rows... Total so far: 110789
76 rows from ektaktoi bills
7687 rows from ektaktoi bills
Fetched 10000 rows... Total so far: 112776
1 rows from ektaktoi bills
8012 rows from ektaktoi bills
Fetched 10000 rows... Total so far: 114592
1 rows from ektaktoi bills
8183 rows from ektaktoi bills
Fetched 10000 rows... Total so far: 116388
0 rows from ektaktoi bills
8204 rows from ektaktoi bills
Fetched 10000 rows... Total so far: 118032
3 rows from ektaktoi bills
8353 rows from ektaktoi bills
Fetched 10000 rows... Total so far: 119706
0 rows from ektaktoi bills
8326 rows from ektaktoi bills
Fetched 10000 rows... Total so far: 121383
1 rows from ektaktoi bills
8322 rows from ektaktoi bills
Fetched 10000 rows... Total so far: 123215
4 rows from ektaktoi bills
8164 rows from ektaktoi bills
Fetched 10000 rows... Total so far: 125289
28 rows from ektaktoi bills
7898 rows from ektaktoi bills
Fetched 10000 rows... Total so far: 127437
99 rows from ektaktoi bills
7753 rows from ektaktoi bills
Fetched 10000 rows... Total so far: 128562
4 rows from ektaktoi bills
8871 rows from ektaktoi bills
Fetched 10000 rows... Total so far: 129796
12 rows from ektaktoi bills
8754 rows from ektaktoi bills
Fetched 10000 rows... Total so far: 131096
17 rows from ektaktoi bills
8683 rows from ektaktoi bills
Fetched 10000 rows... Total so far: 132591
57 rows from ektaktoi bills
8448 rows from ektaktoi bills
Fetched 10000 rows... Total so far: 133959
58 rows from ektaktoi bills
8574 rows from ektaktoi bills
Fetched 10000 rows... Total so far: 135528
80 rows from ektaktoi bills
8351 rows from ektaktoi bills
Fetched 10000 rows... Total so far: 137104
103 rows from ektaktoi bills
8321 rows from ektaktoi bills
Fetched 10000 rows... Total so far: 138596
212 rows from ektaktoi bills
8296 rows from ektaktoi bills
Fetched 10000 rows... Total so far: 142286
382 rows from ektaktoi bills
5928 rows from ektaktoi bills
Fetched 10000 rows... Total so far: 144679
7 rows from ektaktoi bills
7600 rows from ektaktoi bills
Fetched 10000 rows... Total so far: 146964
22 rows from ektaktoi bills
7693 rows from ektaktoi bills
Fetched 10000 rows... Total so far: 149411
135 rows from ektaktoi bills
7418 rows from ektaktoi bills
Fetched 10000 rows... Total so far: 152115
308 rows from ektaktoi bills
6988 rows from ektaktoi bills
Fetched 10000 rows... Total so far: 154717
307 rows from ektaktoi bills
7091 rows from ektaktoi bills
Fetched 10000 rows... Total so far: 157647
122 rows from ektaktoi bills
6948 rows from ektaktoi bills
Fetched 10000 rows... Total so far: 159464
48 rows from ektaktoi bills
8135 rows from ektaktoi bills
Fetched 10000 rows... Total so far: 161524
55 rows from ektaktoi bills
7885 rows from ektaktoi bills
Fetched 10000 rows... Total so far: 163544
47 rows from ektaktoi bills
7933 rows from ektaktoi bills
Fetched 10000 rows... Total so far: 165586
47 rows from ektaktoi bills
7911 rows from ektaktoi bills
Fetched 10000 rows... Total so far: 168016
140 rows from ektaktoi bills
7430 rows from ektaktoi bills
Fetched 10000 rows... Total so far: 170012
163 rows from ektaktoi bills
7841 rows from ektaktoi bills
Fetched 10000 rows... Total so far: 171929
62 rows from ektaktoi bills
8021 rows from ektaktoi bills
Fetched 10000 rows... Total so far: 173756
95 rows from ektaktoi bills
8078 rows from ektaktoi bills
Fetched 10000 rows... Total so far: 176098
98 rows from ektaktoi bills
7560 rows from ektaktoi bills
Fetched 10000 rows... Total so far: 178262
163 rows from ektaktoi bills
7673 rows from ektaktoi bills
Fetched 10000 rows... Total so far: 180119
67 rows from ektaktoi bills
8076 rows from ektaktoi bills
Fetched 10000 rows... Total so far: 181746
7 rows from ektaktoi bills
8366 rows from ektaktoi bills
Fetched 10000 rows... Total so far: 184190
21 rows from ektaktoi bills
7535 rows from ektaktoi bills
Fetched 10000 rows... Total so far: 186874
0 rows from ektaktoi bills
7316 rows from ektaktoi bills
Fetched 10000 rows... Total so far: 189550
0 rows from ektaktoi bills
7324 rows from ektaktoi bills
Fetched 10000 rows... Total so far: 192815
75 rows from ektaktoi bills
6660 rows from ektaktoi bills
Fetched 10000 rows... Total so far: 196262
149 rows from ektaktoi bills
6404 rows from ektaktoi bills
Fetched 10000 rows... Total so far: 199046
207 rows from ektaktoi bills
7009 rows from ektaktoi bills
Fetched 10000 rows... Total so far: 202952
126 rows from ektaktoi bills
5968 rows from ektaktoi bills
Fetched 10000 rows... Total so far: 206142
60 rows from ektaktoi bills
6750 rows from ektaktoi bills
Fetched 10000 rows... Total so far: 208514
66 rows from ektaktoi bills
7562 rows from ektaktoi bills
Fetched 10000 rows... Total so far: 211096
144 rows from ektaktoi bills
7274 rows from ektaktoi bills
Fetched 10000 rows... Total so far: 214360
116 rows from ektaktoi bills
6620 rows from ektaktoi bills
Fetched 10000 rows... Total so far: 217817
87 rows from ektaktoi bills
6456 rows from ektaktoi bills
Fetched 10000 rows... Total so far: 220413
11 rows from ektaktoi bills
7393 rows from ektaktoi bills
Fetched 10000 rows... Total so far: 223596
107 rows from ektaktoi bills
6710 rows from ektaktoi bills
Fetched 10000 rows... Total so far: 227081
200 rows from ektaktoi bills
6315 rows from ektaktoi bills
Fetched 10000 rows... Total so far: 230127
142 rows from ektaktoi bills
6812 rows from ektaktoi bills
Fetched 10000 rows... Total so far: 232997
22 rows from ektaktoi bills
7108 rows from ektaktoi bills
Fetched 10000 rows... Total so far: 236104
228 rows from ektaktoi bills
6665 rows from ektaktoi bills
Fetched 10000 rows... Total so far: 239742
182 rows from ektaktoi bills
6180 rows from ektaktoi bills
Fetched 10000 rows... Total so far: 242941
10 rows from ektaktoi bills
6791 rows from ektaktoi bills
Fetched 10000 rows... Total so far: 245630
26 rows from ektaktoi bills
7285 rows from ektaktoi bills
Fetched 10000 rows... Total so far: 249646
58 rows from ektaktoi bills
5926 rows from ektaktoi bills
Fetched 10000 rows... Total so far: 253649
49 rows from ektaktoi bills
5948 rows from ektaktoi bills
Fetched 10000 rows... Total so far: 257811
67 rows from ektaktoi bills
5771 rows from ektaktoi bills
Fetched 10000 rows... Total so far: 261644
1 rows from ektaktoi bills
6166 rows from ektaktoi bills
Fetched 10000 rows... Total so far: 266024
85 rows from ektaktoi bills
5535 rows from ektaktoi bills
Fetched 10000 rows... Total so far: 269812
61 rows from ektaktoi bills
6151 rows from ektaktoi bills
Fetched 10000 rows... Total so far: 273554
21 rows from ektaktoi bills
6237 rows from ektaktoi bills
Fetched 10000 rows... Total so far: 277460
35 rows from ektaktoi bills
6059 rows from ektaktoi bills
Fetched 10000 rows... Total so far: 280375
92 rows from ektaktoi bills
6993 rows from ektaktoi bills
Fetched 10000 rows... Total so far: 283942
119 rows from ektaktoi bills
6314 rows from ektaktoi bills
Fetched 10000 rows... Total so far: 287610
61 rows from ektaktoi bills
6271 rows from ektaktoi bills
Fetched 10000 rows... Total so far: 290713
65 rows from ektaktoi bills
6832 rows from ektaktoi bills
Fetched 10000 rows... Total so far: 294790
80 rows from ektaktoi bills
5843 rows from ektaktoi bills
Fetched 10000 rows... Total so far: 297909
4 rows from ektaktoi bills
6877 rows from ektaktoi bills
Fetched 10000 rows... Total so far: 301363
110 rows from ektaktoi bills
6436 rows from ektaktoi bills
Fetched 10000 rows... Total so far: 305409
85 rows from ektaktoi bills
5869 rows from ektaktoi bills
Fetched 10000 rows... Total so far: 308556
128 rows from ektaktoi bills
6725 rows from ektaktoi bills
Fetched 10000 rows... Total so far: 313427
39 rows from ektaktoi bills
5090 rows from ektaktoi bills
Fetched 10000 rows... Total so far: 316882
12 rows from ektaktoi bills
6533 rows from ektaktoi bills
Fetched 10000 rows... Total so far: 320770
22 rows from ektaktoi bills
6090 rows from ektaktoi bills
Fetched 10000 rows... Total so far: 324890
89 rows from ektaktoi bills
5791 rows from ektaktoi bills
Fetched 10000 rows... Total so far: 329980
35 rows from ektaktoi bills
4875 rows from ektaktoi bills
Fetched 10000 rows... Total so far: 334346
133 rows from ektaktoi bills
5501 rows from ektaktoi bills
Fetched 10000 rows... Total so far: 338957
122 rows from ektaktoi bills
5267 rows from ektaktoi bills
Fetched 10000 rows... Total so far: 343257
122 rows from ektaktoi bills
5578 rows from ektaktoi bills
Fetched 10000 rows... Total so far: 347030
107 rows from ektaktoi bills
6120 rows from ektaktoi bills
Fetched 10000 rows... Total so far: 351300
34 rows from ektaktoi bills
5696 rows from ektaktoi bills
Fetched 10000 rows... Total so far: 355674
26 rows from ektaktoi bills
5600 rows from ektaktoi bills
Fetched 10000 rows... Total so far: 360205
98 rows from ektaktoi bills
5371 rows from ektaktoi bills
Fetched 10000 rows... Total so far: 363550
58 rows from ektaktoi bills
6597 rows from ektaktoi bills
Fetched 10000 rows... Total so far: 366012
57 rows from ektaktoi bills
7481 rows from ektaktoi bills
Fetched 10000 rows... Total so far: 368396
37 rows from ektaktoi bills
7579 rows from ektaktoi bills
Fetched 10000 rows... Total so far: 370542
83 rows from ektaktoi bills
7771 rows from ektaktoi bills
Fetched 10000 rows... Total so far: 374390
43 rows from ektaktoi bills
6109 rows from ektaktoi bills
Fetched 10000 rows... Total so far: 377512
108 rows from ektaktoi bills
6770 rows from ektaktoi bills
Fetched 10000 rows... Total so far: 381239
46 rows from ektaktoi bills
6227 rows from ektaktoi bills
Fetched 10000 rows... Total so far: 384456
54 rows from ektaktoi bills
6729 rows from ektaktoi bills
Fetched 10000 rows... Total so far: 387414
112 rows from ektaktoi bills
6930 rows from ektaktoi bills
Fetched 10000 rows... Total so far: 390978
36 rows from ektaktoi bills
6400 rows from ektaktoi bills
Fetched 10000 rows... Total so far: 394556
55 rows from ektaktoi bills
6367 rows from ektaktoi bills
Fetched 10000 rows... Total so far: 397943
83 rows from ektaktoi bills
6530 rows from ektaktoi bills
Fetched 10000 rows... Total so far: 401859
45 rows from ektaktoi bills
6039 rows from ektaktoi bills
Fetched 10000 rows... Total so far: 405009
34 rows from ektaktoi bills
6816 rows from ektaktoi bills
Fetched 10000 rows... Total so far: 408667
43 rows from ektaktoi bills
6299 rows from ektaktoi bills
Fetched 10000 rows... Total so far: 411425
113 rows from ektaktoi bills
7129 rows from ektaktoi bills
Fetched 10000 rows... Total so far: 414692
59 rows from ektaktoi bills
6674 rows from ektaktoi bills
Fetched 10000 rows... Total so far: 418656
17 rows from ektaktoi bills
6019 rows from ektaktoi bills
Fetched 10000 rows... Total so far: 422623
113 rows from ektaktoi bills
5920 rows from ektaktoi bills
Fetched 10000 rows... Total so far: 426265
58 rows from ektaktoi bills
6300 rows from ektaktoi bills
Fetched 10000 rows... Total so far: 430504
99 rows from ektaktoi bills
5662 rows from ektaktoi bills
Fetched 10000 rows... Total so far: 433905
15 rows from ektaktoi bills
6584 rows from ektaktoi bills
Fetched 10000 rows... Total so far: 437988
23 rows from ektaktoi bills
5894 rows from ektaktoi bills
Fetched 10000 rows... Total so far: 441360
80 rows from ektaktoi bills
6548 rows from ektaktoi bills
Fetched 10000 rows... Total so far: 445521
85 rows from ektaktoi bills
5754 rows from ektaktoi bills
Fetched 10000 rows... Total so far: 449506
95 rows from ektaktoi bills
5920 rows from ektaktoi bills
Fetched 10000 rows... Total so far: 453016
55 rows from ektaktoi bills
6435 rows from ektaktoi bills
Fetched 10000 rows... Total so far: 457139
31 rows from ektaktoi bills
5846 rows from ektaktoi bills
Fetched 10000 rows... Total so far: 461138
33 rows from ektaktoi bills
5968 rows from ektaktoi bills
Fetched 10000 rows... Total so far: 464031
97 rows from ektaktoi bills
7010 rows from ektaktoi bills
Fetched 10000 rows... Total so far: 467029
52 rows from ektaktoi bills
6950 rows from ektaktoi bills
Fetched 10000 rows... Total so far: 470315
37 rows from ektaktoi bills
6677 rows from ektaktoi bills
Fetched 10000 rows... Total so far: 473643
109 rows from ektaktoi bills
6563 rows from ektaktoi bills
Fetched 10000 rows... Total so far: 477351
69 rows from ektaktoi bills
6223 rows from ektaktoi bills
Fetched 10000 rows... Total so far: 481604
34 rows from ektaktoi bills
5713 rows from ektaktoi bills
Fetched 10000 rows... Total so far: 485688
78 rows from ektaktoi bills
5838 rows from ektaktoi bills
Fetched 10000 rows... Total so far: 489550
103 rows from ektaktoi bills
6035 rows from ektaktoi bills
Fetched 10000 rows... Total so far: 493230
91 rows from ektaktoi bills
6229 rows from ektaktoi bills
Fetched 10000 rows... Total so far: 497211
79 rows from ektaktoi bills
5940 rows from ektaktoi bills
Fetched 10000 rows... Total so far: 501298
62 rows from ektaktoi bills
5851 rows from ektaktoi bills
Fetched 10000 rows... Total so far: 504609
175 rows from ektaktoi bills
6514 rows from ektaktoi bills
Fetched 10000 rows... Total so far: 507825
51 rows from ektaktoi bills
6733 rows from ektaktoi bills
Fetched 10000 rows... Total so far: 511211
115 rows from ektaktoi bills
6499 rows from ektaktoi bills
Fetched 10000 rows... Total so far: 516222
100 rows from ektaktoi bills
4889 rows from ektaktoi bills
Fetched 10000 rows... Total so far: 520347
116 rows from ektaktoi bills
5759 rows from ektaktoi bills
Fetched 10000 rows... Total so far: 523199
153 rows from ektaktoi bills
6995 rows from ektaktoi bills
Fetched 10000 rows... Total so far: 527834
89 rows from ektaktoi bills
5276 rows from ektaktoi bills
Fetched 10000 rows... Total so far: 531415
190 rows from ektaktoi bills
6229 rows from ektaktoi bills
Fetched 10000 rows... Total so far: 536289
43 rows from ektaktoi bills
5083 rows from ektaktoi bills
Fetched 10000 rows... Total so far: 540353
65 rows from ektaktoi bills
5871 rows from ektaktoi bills
Fetched 10000 rows... Total so far: 544739
308 rows from ektaktoi bills
5306 rows from ektaktoi bills
Fetched 10000 rows... Total so far: 549368
125 rows from ektaktoi bills
5246 rows from ektaktoi bills
Fetched 10000 rows... Total so far: 552770
74 rows from ektaktoi bills
6524 rows from ektaktoi bills
Fetched 10000 rows... Total so far: 556917
174 rows from ektaktoi bills
5679 rows from ektaktoi bills
Fetched 10000 rows... Total so far: 560466
110 rows from ektaktoi bills
6341 rows from ektaktoi bills
Fetched 10000 rows... Total so far: 564592
84 rows from ektaktoi bills
5790 rows from ektaktoi bills
Fetched 10000 rows... Total so far: 568010
141 rows from ektaktoi bills
6441 rows from ektaktoi bills
Fetched 10000 rows... Total so far: 572375
225 rows from ektaktoi bills
5410 rows from ektaktoi bills
Fetched 10000 rows... Total so far: 576347
62 rows from ektaktoi bills
5966 rows from ektaktoi bills
Fetched 10000 rows... Total so far: 579935
173 rows from ektaktoi bills
6239 rows from ektaktoi bills
Fetched 10000 rows... Total so far: 584089
144 rows from ektaktoi bills
5702 rows from ektaktoi bills
Fetched 10000 rows... Total so far: 588282
86 rows from ektaktoi bills
5721 rows from ektaktoi bills
Fetched 10000 rows... Total so far: 592787
51 rows from ektaktoi bills
5444 rows from ektaktoi bills
Fetched 10000 rows... Total so far: 596412
42 rows from ektaktoi bills
6333 rows from ektaktoi bills
Fetched 10000 rows... Total so far: 600931
83 rows from ektaktoi bills
5398 rows from ektaktoi bills
Fetched 10000 rows... Total so far: 605767
43 rows from ektaktoi bills
5121 rows from ektaktoi bills
Fetched 10000 rows... Total so far: 609060
134 rows from ektaktoi bills
6573 rows from ektaktoi bills
Fetched 10000 rows... Total so far: 611361
97 rows from ektaktoi bills
7602 rows from ektaktoi bills
Fetched 10000 rows... Total so far: 614385
31 rows from ektaktoi bills
6945 rows from ektaktoi bills
Fetched 10000 rows... Total so far: 618992
92 rows from ektaktoi bills
5301 rows from ektaktoi bills
Fetched 10000 rows... Total so far: 623886
119 rows from ektaktoi bills
4987 rows from ektaktoi bills
Fetched 10000 rows... Total so far: 627460
106 rows from ektaktoi bills
6320 rows from ektaktoi bills
Fetched 10000 rows... Total so far: 632427
270 rows from ektaktoi bills
4763 rows from ektaktoi bills
Fetched 10000 rows... Total so far: 636829
335 rows from ektaktoi bills
5263 rows from ektaktoi bills
Fetched 10000 rows... Total so far: 640302
171 rows from ektaktoi bills
6356 rows from ektaktoi bills
Fetched 10000 rows... Total so far: 643970
245 rows from ektaktoi bills
6087 rows from ektaktoi bills
Fetched 10000 rows... Total so far: 648119
338 rows from ektaktoi bills
5513 rows from ektaktoi bills
Fetched 10000 rows... Total so far: 652342
246 rows from ektaktoi bills
5531 rows from ektaktoi bills
Fetched 10000 rows... Total so far: 656118
143 rows from ektaktoi bills
6081 rows from ektaktoi bills
Fetched 10000 rows... Total so far: 660121
245 rows from ektaktoi bills
5752 rows from ektaktoi bills
Fetched 10000 rows... Total so far: 664387
529 rows from ektaktoi bills
5205 rows from ektaktoi bills
Fetched 10000 rows... Total so far: 668593
1604 rows from ektaktoi bills
4190 rows from ektaktoi bills
Fetched 10000 rows... Total so far: 672680
2058 rows from ektaktoi bills
3855 rows from ektaktoi bills
Fetched 10000 rows... Total so far: 676817
2347 rows from ektaktoi bills
3516 rows from ektaktoi bills
Fetched 10000 rows... Total so far: 681983
1806 rows from ektaktoi bills
3028 rows from ektaktoi bills
Fetched 10000 rows... Total so far: 686737
2097 rows from ektaktoi bills
3149 rows from ektaktoi bills
Fetched 10000 rows... Total so far: 691471
1198 rows from ektaktoi bills
4068 rows from ektaktoi bills
Fetched 10000 rows... Total so far: 695299
1825 rows from ektaktoi bills
4347 rows from ektaktoi bills
Fetched 10000 rows... Total so far: 700348
1175 rows from ektaktoi bills
3776 rows from ektaktoi bills
Fetched 10000 rows... Total so far: 704614
1621 rows from ektaktoi bills
4113 rows from ektaktoi bills
Fetched 10000 rows... Total so far: 709411
1271 rows from ektaktoi bills
3932 rows from ektaktoi bills
Fetched 10000 rows... Total so far: 713377
1277 rows from ektaktoi bills
4757 rows from ektaktoi bills
Fetched 10000 rows... Total so far: 718478
1205 rows from ektaktoi bills
3694 rows from ektaktoi bills
Fetched 10000 rows... Total so far: 723291
1167 rows from ektaktoi bills
4020 rows from ektaktoi bills
Fetched 10000 rows... Total so far: 731629
597 rows from ektaktoi bills
1065 rows from ektaktoi bills
Fetched 10000 rows... Total so far: 741460
169 rows from ektaktoi bills
0 rows from ektaktoi bills
Fetched 10000 rows... Total so far: 750406
58 rows from ektaktoi bills
996 rows from ektaktoi bills
Fetched 10000 rows... Total so far: 758103
3 rows from ektaktoi bills
2300 rows from ektaktoi bills
Fetched 10000 rows... Total so far: 767033
780 rows from ektaktoi bills
290 rows from ektaktoi bills
Fetched 6185 rows... Total so far: 771725
19 rows from ektaktoi bills
1474 rows from ektaktoi bills
DataFrame bills created successfully. Total rows: 771725
DataFrame enanti created successfully. Total rows: 1483879
DataFrame ektaktoi created successfully. Total rows: 40581
<class 'pandas.core.frame.DataFrame'>
RangeIndex: 771725 entries, 0 to 771724
Data columns (total 82 columns):
 #   Column                                   Non-Null Count   Dtype  
---  ------                                   --------------   -----  
 0   arithmos_paroxis                         771725 non-null  object 
 1   a_a_ekdosis_logariasmou                  771708 non-null  object 
 2   kwdikos_eett                             537796 non-null  object 
 3   kodikos_pollaplou_logariasmou_xxxxxxx    667384 non-null  object 
 4   hmeromhnia_teleutaias_katametrhshs       771224 non-null  object 
 5   hmeromhnia_prohgoumenis_katametrhshs     771223 non-null  object 
 6   logistiko_date                           771725 non-null  object 
 7   actual_date                              771725 non-null  object 
 8   power_off_date                           23509 non-null   object 
 9   Date_Bill                                771725 non-null  object 
 10  ote_cosmote                              771725 non-null  object 
 11  paroxos                                  771725 non-null  object 
 12  paroxi                                   771725 non-null  int64  
 13  etos                                     771725 non-null  int64  
 14  logistikos_minas                         771725 non-null  int64  
 15  onoma_pollaplou_1                        675263 non-null  object 
 16  onoma_pollaplou_2                        632893 non-null  object 
 17  perifereia                               771639 non-null  float64
 18  grafeio                                  322707 non-null  float64
 19  neos_kodikos_timologiou                  771584 non-null  object 
 20  onoma_pelati                             771717 non-null  object 
 21  dieuthinsi                               766651 non-null  object 
 22  poli_dimos                               705838 non-null  object 
 23  imera_teleutaiou_logariasmou             771725 non-null  int64  
 24  minas_teleutaiou_logariasmou             771725 non-null  int64  
 25  etos_teleutaiou_logariasmou              771725 non-null  int64  
 26  arithmos_metriti                         682626 non-null  object 
 27  eidos_timologiou                         675647 non-null  object 
 28  parousa_endeiksi                         768130 non-null  object 
 29  prohgoumeni_endeiksi                     768585 non-null  float64
 30  synt_wxv                                 771092 non-null  float64
 31  imera_teleutaias_katametrisis            771399 non-null  float64
 32  minas_teleutaias_katametrisis            771399 non-null  float64
 33  etos_teleutaias_katametrisis             771399 non-null  float64
 34  imera_prohgoumenis_katametrisis          771399 non-null  float64
 35  minas_prohgoumenis_katametrisis          771399 non-null  float64
 36  etos_prohgoumenis_katametrisis           771399 non-null  float64
 37  katanalwsh_kwh                           771719 non-null  float64
 38  axia_energeias_ekdothentos_logariasmou   771725 non-null  float64
 39  fpa_energeias_ekdothentos_logariasmou    771648 non-null  float64
 40  ert_ekdothentos_logariasmou              771725 non-null  float64
 41  logariasmos_kat_ektimisi_enanti_meion    771725 non-null  float64
 42  axia_energeias_logariasmou_enanti_meion  771725 non-null  float64
 43  fpa_logariasmou_enanti_meion             771648 non-null  float64
 44  ert_logariasmou_enanti_meion             771725 non-null  float64
 45  den_xrhsimopoieitai                      771725 non-null  object 
 46  diafores_xrewseis_pistwseis              771725 non-null  float64
 47  xrewsh_telous_ape                        771725 non-null  float64
 48  fpa_telous_ape                           771648 non-null  float64
 49  eidikos_foros_katanalwshs                771725 non-null  float64
 50  poso_dik_ektel_telwn_ergasiwn            771725 non-null  float64
 51  synolo_xamhlou_fpa                       771648 non-null  float64
 52  synolo_ypshlou_fpa                       771725 non-null  float64
 53  axia_endiamesou                          771725 non-null  float64
 54  synolo_energeias                         771725 non-null  float64
 55  synolo_fpa_reumatos                      771648 non-null  float64
 56  synolo_fpa_yphresiwn                     771725 non-null  float64
 57  synoliko_fpa                             771725 non-null  float64
 58  synolo_ert                               771724 non-null  float64
 59  dhm_telh_dhm_foros                       771725 non-null  float64
 60  telos_akinhths_periousias                771725 non-null  float64
 61  dosh_eeta                                771688 non-null  float64
 62  plhrwteo_poso                            771691 non-null  float64
 63  synolo_trexontos_mhnos                   771725 non-null  float64
 64  typos_logariasmou                        770795 non-null  object 
 65  energy_cost                              771725 non-null  float64
 66  number_of_days                           771724 non-null  float64
 67  mv_lv                                    771725 non-null  object 
 68  energy_consumption_kwh                   771724 non-null  float64
 69  category                                 768420 non-null  object 
 70  onomasia                                 212023 non-null  object 
 71  site_code_cosmote                        771725 non-null  object 
 72  spc_rss                                  23509 non-null   object 
 73  bill_type                                771725 non-null  object 
 74  category_new                             771725 non-null  object 
 75  category_group                           771725 non-null  object 
 76  spc                                      771725 non-null  object 
 77  nomos                                    768415 non-null  object 
 78  perifereia_2                             652282 non-null  object 
 79  diamerisma                               767963 non-null  object 
 80  last_date                                771224 non-null  object 
 81  previous_date                            771223 non-null  object 
dtypes: float64(39), int64(6), object(37)
memory usage: 2.1 GB
Optimizing memory usage...
Index(['a_a_ekdosis_logariasmou', 'arithmos_metriti', 'arithmos_paroxis',
       'bill_type', 'category', 'category_group', 'category_new',
       'den_xrhsimopoieitai', 'diamerisma', 'dieuthinsi', 'eidos_timologiou',
       'kodikos_pollaplou_logariasmou_xxxxxxx', 'kwdikos_eett', 'mv_lv',
       'neos_kodikos_timologiou', 'nomos', 'onoma_pelati', 'onoma_pollaplou_1',
       'onoma_pollaplou_2', 'onomasia', 'ote_cosmote', 'parousa_endeiksi',
       'paroxos', 'perifereia_2', 'poli_dimos', 'site_code_cosmote', 'spc',
       'spc_rss', 'typos_logariasmou'],
      dtype='object')
arithmos_metriti: object → category (32225 unique values)
arithmos_paroxis: object → category (60891 unique values)
bill_type: object → category (2 unique values)
category: object → category (3 unique values)
category_group: object → category (9 unique values)
category_new: object → category (9 unique values)
den_xrhsimopoieitai: object → category (322 unique values)
diamerisma: object → category (32 unique values)
dieuthinsi: object → category (30944 unique values)
eidos_timologiou: object → category (35 unique values)
kodikos_pollaplou_logariasmou_xxxxxxx: object → category (3 unique values)
kwdikos_eett: object → category (18881 unique values)
mv_lv: object → category (2 unique values)
neos_kodikos_timologiou: object → category (31 unique values)
nomos: object → category (115 unique values)
onoma_pelati: object → category (4379 unique values)
onoma_pollaplou_1: object → category (22 unique values)
onoma_pollaplou_2: object → category (12 unique values)
onomasia: object → category (3031 unique values)
ote_cosmote: object → category (2 unique values)
parousa_endeiksi: object → category (134514 unique values)
paroxos: object → category (4 unique values)
perifereia_2: object → category (3 unique values)
poli_dimos: object → category (4833 unique values)
site_code_cosmote: object → category (2936 unique values)
spc: object → category (2 unique values)
spc_rss: object → category (1 unique values)
typos_logariasmou: object → category (10 unique values)
Converted 39 float64 columns → float32
Optimizing memory usage...
Index(['a_a_ekdosis_logariasmou', 'arithmos_metriti', 'arithmos_paroxis',
       'bill_type', 'category', 'category_group', 'category_new',
       'den_xrhsimopoieitai', 'diamerisma', 'dieuthinsi', 'eidos_timologiou',
       'kodikos_pollaplou_logariasmou_xxxxxxx', 'kwdikos_eett', 'mv_lv',
       'neos_kodikos_timologiou', 'nomos', 'onoma_pelati', 'onoma_pollaplou_1',
       'onoma_pollaplou_2', 'onomasia', 'ote_cosmote', 'parousa_endeiksi',
       'paroxos', 'perifereia_2', 'poli_dimos', 'site_code_cosmote', 'spc',
       'spc_rss', 'typos_logariasmou'],
      dtype='object')
arithmos_metriti: object → category (30639 unique values)
arithmos_paroxis: object → category (58916 unique values)
bill_type: object → category (1 unique values)
category: object → category (4 unique values)
category_group: object → category (7 unique values)
category_new: object → category (7 unique values)
den_xrhsimopoieitai: object → category (1 unique values)
diamerisma: object → category (34 unique values)
dieuthinsi: object → category (31748 unique values)
eidos_timologiou: object → category (19 unique values)
kodikos_pollaplou_logariasmou_xxxxxxx: object → category (3 unique values)
kwdikos_eett: object → category (18509 unique values)
mv_lv: object → category (1 unique values)
neos_kodikos_timologiou: object → category (21 unique values)
nomos: object → category (117 unique values)
onoma_pelati: object → category (3648 unique values)
onoma_pollaplou_1: object → category (20 unique values)
onoma_pollaplou_2: object → category (12 unique values)
onomasia: object → category (2826 unique values)
ote_cosmote: object → category (2 unique values)
parousa_endeiksi: object → category (9349 unique values)
paroxos: object → category (3 unique values)
perifereia_2: object → category (3 unique values)
poli_dimos: object → category (4739 unique values)
site_code_cosmote: object → category (2928 unique values)
spc: object → category (2 unique values)
spc_rss: object → category (1 unique values)
typos_logariasmou: object → category (5 unique values)
Converted 39 float64 columns → float32
Optimizing memory usage...
Index(['a_a_ekdosis_logariasmou', 'arithmos_metriti', 'arithmos_paroxis',
       'bill_type', 'category', 'category_group', 'category_new',
       'den_xrhsimopoieitai', 'diamerisma', 'dieuthinsi', 'eidos_timologiou',
       'kodikos_pollaplou_logariasmou_xxxxxxx', 'kwdikos_eett', 'mv_lv',
       'neos_kodikos_timologiou', 'nomos', 'onoma_pelati', 'onoma_pollaplou_1',
       'onoma_pollaplou_2', 'onomasia', 'ote_cosmote', 'parousa_endeiksi',
       'paroxos', 'perifereia_2', 'poli_dimos', 'site_code_cosmote', 'spc',
       'spc_rss', 'typos_logariasmou'],
      dtype='object')
arithmos_metriti: object → category (8971 unique values)
arithmos_paroxis: object → category (10627 unique values)
bill_type: object → category (1 unique values)
category: object → category (3 unique values)
category_group: object → category (8 unique values)
category_new: object → category (8 unique values)
den_xrhsimopoieitai: object → category (1 unique values)
diamerisma: object → category (29 unique values)
dieuthinsi: object → category (9148 unique values)
eidos_timologiou: object → category (7 unique values)
kodikos_pollaplou_logariasmou_xxxxxxx: object → category (3 unique values)
kwdikos_eett: object → category (7267 unique values)
mv_lv: object → category (2 unique values)
neos_kodikos_timologiou: object → category (14 unique values)
nomos: object → category (112 unique values)
onoma_pelati: object → category (242 unique values)
onoma_pollaplou_1: object → category (9 unique values)
onoma_pollaplou_2: object → category (7 unique values)
onomasia: object → category (924 unique values)
ote_cosmote: object → category (2 unique values)
parousa_endeiksi: object → category (4928 unique values)
paroxos: object → category (2 unique values)
perifereia_2: object → category (2 unique values)
poli_dimos: object → category (1979 unique values)
site_code_cosmote: object → category (1215 unique values)
spc: object → category (2 unique values)
spc_rss: object → category (1 unique values)
typos_logariasmou: object → category (1 unique values)
Converted 39 float64 columns → float32
<class 'pandas.core.frame.DataFrame'>
RangeIndex: 771725 entries, 0 to 771724
Data columns (total 82 columns):
 #   Column                                   Non-Null Count   Dtype   
---  ------                                   --------------   -----   
 0   arithmos_paroxis                         771725 non-null  category
 1   a_a_ekdosis_logariasmou                  771708 non-null  object  
 2   kwdikos_eett                             537796 non-null  category
 3   kodikos_pollaplou_logariasmou_xxxxxxx    667384 non-null  category
 4   hmeromhnia_teleutaias_katametrhshs       771224 non-null  object  
 5   hmeromhnia_prohgoumenis_katametrhshs     771223 non-null  object  
 6   logistiko_date                           771725 non-null  object  
 7   actual_date                              771725 non-null  object  
 8   power_off_date                           23509 non-null   object  
 9   Date_Bill                                771725 non-null  object  
 10  ote_cosmote                              771725 non-null  category
 11  paroxos                                  771725 non-null  category
 12  paroxi                                   771725 non-null  int64   
 13  etos                                     771725 non-null  int64   
 14  logistikos_minas                         771725 non-null  int64   
 15  onoma_pollaplou_1                        675263 non-null  category
 16  onoma_pollaplou_2                        632893 non-null  category
 17  perifereia                               771639 non-null  float32 
 18  grafeio                                  322707 non-null  float32 
 19  neos_kodikos_timologiou                  771584 non-null  category
 20  onoma_pelati                             771717 non-null  category
 21  dieuthinsi                               766651 non-null  category
 22  poli_dimos                               705838 non-null  category
 23  imera_teleutaiou_logariasmou             771725 non-null  int64   
 24  minas_teleutaiou_logariasmou             771725 non-null  int64   
 25  etos_teleutaiou_logariasmou              771725 non-null  int64   
 26  arithmos_metriti                         682626 non-null  category
 27  eidos_timologiou                         675647 non-null  category
 28  parousa_endeiksi                         768130 non-null  category
 29  prohgoumeni_endeiksi                     768585 non-null  float32 
 30  synt_wxv                                 771092 non-null  float32 
 31  imera_teleutaias_katametrisis            771399 non-null  float32 
 32  minas_teleutaias_katametrisis            771399 non-null  float32 
 33  etos_teleutaias_katametrisis             771399 non-null  float32 
 34  imera_prohgoumenis_katametrisis          771399 non-null  float32 
 35  minas_prohgoumenis_katametrisis          771399 non-null  float32 
 36  etos_prohgoumenis_katametrisis           771399 non-null  float32 
 37  katanalwsh_kwh                           771719 non-null  float32 
 38  axia_energeias_ekdothentos_logariasmou   771725 non-null  float32 
 39  fpa_energeias_ekdothentos_logariasmou    771648 non-null  float32 
 40  ert_ekdothentos_logariasmou              771725 non-null  float32 
 41  logariasmos_kat_ektimisi_enanti_meion    771725 non-null  float32 
 42  axia_energeias_logariasmou_enanti_meion  771725 non-null  float32 
 43  fpa_logariasmou_enanti_meion             771648 non-null  float32 
 44  ert_logariasmou_enanti_meion             771725 non-null  float32 
 45  den_xrhsimopoieitai                      771725 non-null  category
 46  diafores_xrewseis_pistwseis              771725 non-null  float32 
 47  xrewsh_telous_ape                        771725 non-null  float32 
 48  fpa_telous_ape                           771648 non-null  float32 
 49  eidikos_foros_katanalwshs                771725 non-null  float32 
 50  poso_dik_ektel_telwn_ergasiwn            771725 non-null  float32 
 51  synolo_xamhlou_fpa                       771648 non-null  float32 
 52  synolo_ypshlou_fpa                       771725 non-null  float32 
 53  axia_endiamesou                          771725 non-null  float32 
 54  synolo_energeias                         771725 non-null  float32 
 55  synolo_fpa_reumatos                      771648 non-null  float32 
 56  synolo_fpa_yphresiwn                     771725 non-null  float32 
 57  synoliko_fpa                             771725 non-null  float32 
 58  synolo_ert                               771724 non-null  float32 
 59  dhm_telh_dhm_foros                       771725 non-null  float32 
 60  telos_akinhths_periousias                771725 non-null  float32 
 61  dosh_eeta                                771688 non-null  float32 
 62  plhrwteo_poso                            771691 non-null  float32 
 63  synolo_trexontos_mhnos                   771725 non-null  float32 
 64  typos_logariasmou                        770795 non-null  category
 65  energy_cost                              771725 non-null  float32 
 66  number_of_days                           771724 non-null  float32 
 67  mv_lv                                    771725 non-null  category
 68  energy_consumption_kwh                   771724 non-null  float32 
 69  category                                 768420 non-null  category
 70  onomasia                                 212023 non-null  category
 71  site_code_cosmote                        771725 non-null  category
 72  spc_rss                                  23509 non-null   category
 73  bill_type                                771725 non-null  category
 74  category_new                             771725 non-null  category
 75  category_group                           771725 non-null  category
 76  spc                                      771725 non-null  category
 77  nomos                                    768415 non-null  category
 78  perifereia_2                             652282 non-null  category
 79  diamerisma                               767963 non-null  category
 80  last_date                                771224 non-null  object  
 81  previous_date                            771223 non-null  object  
dtypes: category(28), float32(39), int64(6), object(9)
memory usage: 483.6 MB
<class 'pandas.core.frame.DataFrame'>
RangeIndex: 2255604 entries, 0 to 2255603
Data columns (total 82 columns):
 #   Column                                   Dtype         
---  ------                                   -----         
 0   arithmos_paroxis                         object        
 1   a_a_ekdosis_logariasmou                  object        
 2   kwdikos_eett                             object        
 3   kodikos_pollaplou_logariasmou_xxxxxxx    category      
 4   hmeromhnia_teleutaias_katametrhshs       datetime64[ns]
 5   hmeromhnia_prohgoumenis_katametrhshs     datetime64[ns]
 6   logistiko_date                           datetime64[ns]
 7   actual_date                              datetime64[ns]
 8   power_off_date                           datetime64[ns]
 9   Date_Bill                                datetime64[ns]
 10  ote_cosmote                              category      
 11  paroxos                                  object        
 12  paroxi                                   int64         
 13  etos                                     int64         
 14  logistikos_minas                         int64         
 15  onoma_pollaplou_1                        object        
 16  onoma_pollaplou_2                        category      
 17  perifereia                               float32       
 18  grafeio                                  float32       
 19  neos_kodikos_timologiou                  object        
 20  onoma_pelati                             object        
 21  dieuthinsi                               object        
 22  poli_dimos                               object        
 23  imera_teleutaiou_logariasmou             int64         
 24  minas_teleutaiou_logariasmou             int64         
 25  etos_teleutaiou_logariasmou              int64         
 26  arithmos_metriti                         object        
 27  eidos_timologiou                         object        
 28  parousa_endeiksi                         object        
 29  prohgoumeni_endeiksi                     float32       
 30  synt_wxv                                 float32       
 31  imera_teleutaias_katametrisis            float32       
 32  minas_teleutaias_katametrisis            float32       
 33  etos_teleutaias_katametrisis             float32       
 34  imera_prohgoumenis_katametrisis          float32       
 35  minas_prohgoumenis_katametrisis          float32       
 36  etos_prohgoumenis_katametrisis           float32       
 37  katanalwsh_kwh                           float32       
 38  axia_energeias_ekdothentos_logariasmou   float32       
 39  fpa_energeias_ekdothentos_logariasmou    float32       
 40  ert_ekdothentos_logariasmou              float32       
 41  logariasmos_kat_ektimisi_enanti_meion    float32       
 42  axia_energeias_logariasmou_enanti_meion  float32       
 43  fpa_logariasmou_enanti_meion             float32       
 44  ert_logariasmou_enanti_meion             float32       
 45  den_xrhsimopoieitai                      object        
 46  diafores_xrewseis_pistwseis              float32       
 47  xrewsh_telous_ape                        float32       
 48  fpa_telous_ape                           float32       
 49  eidikos_foros_katanalwshs                float32       
 50  poso_dik_ektel_telwn_ergasiwn            float32       
 51  synolo_xamhlou_fpa                       float32       
 52  synolo_ypshlou_fpa                       float32       
 53  axia_endiamesou                          float32       
 54  synolo_energeias                         float32       
 55  synolo_fpa_reumatos                      float32       
 56  synolo_fpa_yphresiwn                     float32       
 57  synoliko_fpa                             float32       
 58  synolo_ert                               float32       
 59  dhm_telh_dhm_foros                       float32       
 60  telos_akinhths_periousias                float32       
 61  dosh_eeta                                float32       
 62  plhrwteo_poso                            float32       
 63  synolo_trexontos_mhnos                   float32       
 64  typos_logariasmou                        object        
 65  energy_cost                              float32       
 66  number_of_days                           float32       
 67  mv_lv                                    object        
 68  energy_consumption_kwh                   float32       
 69  category                                 object        
 70  onomasia                                 object        
 71  site_code_cosmote                        object        
 72  spc_rss                                  category      
 73  bill_type                                object        
 74  category_new                             object        
 75  category_group                           object        
 76  spc                                      category      
 77  nomos                                    object        
 78  perifereia_2                             category      
 79  diamerisma                               object        
 80  last_date                                datetime64[ns]
 81  previous_date                            datetime64[ns]
dtypes: category(6), datetime64[ns](8), float32(39), int64(6), object(23)
memory usage: 4.4 GB
(2255604, 82)
  arithmos_paroxis a_a_ekdosis_logariasmou kwdikos_eett  \
0         28026030                 1909872          NaN   
1         28026030                 5616672          NaN   
2         28026030                 9283920          NaN   
3         28026030                12572427          NaN   
4         28026030                15501157          NaN   

  kodikos_pollaplou_logariasmou_xxxxxxx hmeromhnia_teleutaias_katametrhshs  \
0                                   630                         2015-01-15   
1                                   630                         2015-02-12   
2                                   630                         2015-03-13   
3                                   630                         2015-04-16   
4                                   630                         2015-05-15   

  hmeromhnia_prohgoumenis_katametrhshs logistiko_date actual_date  \
0                           2014-12-12     2015-01-01  2015-01-01   
1                           2015-01-15     2015-02-01  2015-01-01   
2                           2015-02-12     2015-03-01  2015-01-01   
3                           2015-03-13     2015-04-01  2015-01-01   
4                           2015-04-16     2015-05-01  2015-01-01   

  power_off_date  Date_Bill ote_cosmote paroxos  paroxi  etos  \
0            NaT 2015-01-16     COSMOTE     ΔΕΗ   28026  2015   
1            NaT 2015-02-13     COSMOTE     ΔΕΗ   28026  2015   
2            NaT 2015-03-16     COSMOTE     ΔΕΗ   28026  2015   
3            NaT 2015-04-17     COSMOTE     ΔΕΗ   28026  2015   
4            NaT 2015-05-18     COSMOTE     ΔΕΗ   28026  2015   

   logistikos_minas   onoma_pollaplou_1 onoma_pollaplou_2  perifereia  \
0                 1  COSMOTE ΚΙΝ ΤΗΛ ΑΕ       Δ/ΝΣΗ ΟΙΚΟΝ         6.0   
1                 2  COSMOTE ΚΙΝ ΤΗΛ ΑΕ       Δ/ΝΣΗ ΟΙΚΟΝ         6.0   
2                 3  COSMOTE ΚΙΝ ΤΗΛ ΑΕ       Δ/ΝΣΗ ΟΙΚΟΝ         6.0   
3                 4  COSMOTE ΚΙΝ ΤΗΛ ΑΕ       Δ/ΝΣΗ ΟΙΚΟΝ         6.0   
4                 5  COSMOTE ΚΙΝ ΤΗΛ ΑΕ       Δ/ΝΣΗ ΟΙΚΟΝ         6.0   

   grafeio neos_kodikos_timologiou          onoma_pelati      dieuthinsi  \
0     30.0                      22  ΚΟΣΜΟΤΕ -ΚΙΝΗΤΕΣ ΤΗΛ  ΒΑΣ.ΣΟΦΙΑΣ 140   
1     30.0                      22  ΚΟΣΜΟΤΕ -ΚΙΝΗΤΕΣ ΤΗΛ  ΒΑΣ.ΣΟΦΙΑΣ 140   
2     30.0                      22  ΚΟΣΜΟΤΕ -ΚΙΝΗΤΕΣ ΤΗΛ  ΒΑΣ.ΣΟΦΙΑΣ 140   
3     30.0                      22  ΚΟΣΜΟΤΕ -ΚΙΝΗΤΕΣ ΤΗΛ  ΒΑΣ.ΣΟΦΙΑΣ 140   
4     30.0                      22  ΚΟΣΜΟΤΕ -ΚΙΝΗΤΕΣ ΤΗΛ  ΒΑΣ.ΣΟΦΙΑΣ 140   

  poli_dimos  imera_teleutaiou_logariasmou  minas_teleutaiou_logariasmou  \
0   ΠΕΙΡΑΙΑΣ                            16                             1   
1   ΠΕΙΡΑΙΑΣ                            13                             2   
2   ΠΕΙΡΑΙΑΣ                            16                             3   
3   ΠΕΙΡΑΙΑΣ                            17                             4   
4   ΠΕΙΡΑΙΑΣ                            18                             5   

   etos_teleutaiou_logariasmou arithmos_metriti eidos_timologiou  \
0                         2015         Δ0215933           ΒΑΣΙΚΟ   
1                         2015         Δ0215933           ΒΑΣΙΚΟ   
2                         2015         Δ0215933           ΒΑΣΙΚΟ   
3                         2015         Δ0215933           ΒΑΣΙΚΟ   
4                         2015         Δ0215933           ΒΑΣΙΚΟ   

  parousa_endeiksi  prohgoumeni_endeiksi  synt_wxv  \
0         47327.00               38904.0       1.0   
1         53259.00               47327.0       1.0   
2         60853.00               53259.0       1.0   
3         68442.00               60853.0       1.0   
4         76394.00               68442.0       1.0   

   imera_teleutaias_katametrisis  minas_teleutaias_katametrisis  \
0                           15.0                            1.0   
1                           12.0                            2.0   
2                           13.0                            3.0   
3                           16.0                            4.0   
4                           15.0                            5.0   

   etos_teleutaias_katametrisis  imera_prohgoumenis_katametrisis  \
0                        2015.0                             12.0   
1                        2015.0                             15.0   
2                        2015.0                             12.0   
3                        2015.0                             13.0   
4                        2015.0                             16.0   

   minas_prohgoumenis_katametrisis  etos_prohgoumenis_katametrisis  \
0                             12.0                          2014.0   
1                              1.0                          2015.0   
2                              2.0                          2015.0   
3                              3.0                          2015.0   
4                              4.0                          2015.0   

   katanalwsh_kwh  axia_energeias_ekdothentos_logariasmou  \
0          8423.0                             1124.939941   
1          5932.0                              799.200012   
2          7594.0                             1012.549988   
3          7589.0                             1012.460022   
4          7952.0                             1064.079956   

   fpa_energeias_ekdothentos_logariasmou  ert_ekdothentos_logariasmou  \
0                             146.240005                         3.36   
1                             103.889999                         2.76   
2                             131.630005                         2.86   
3                             131.619995                         3.36   
4                             138.330002                         2.86   

   logariasmos_kat_ektimisi_enanti_meion  \
0                                    0.0   
1                                    0.0   
2                                    0.0   
3                                    0.0   
4                                    0.0   

   axia_energeias_logariasmou_enanti_meion  fpa_logariasmou_enanti_meion  \
0                                      0.0                           0.0   
1                                      0.0                           0.0   
2                                      0.0                           0.0   
3                                      0.0                           0.0   
4                                      0.0                           0.0   

   ert_logariasmou_enanti_meion den_xrhsimopoieitai  \
0                           0.0                0.00   
1                           0.0                0.00   
2                           0.0                0.00   
3                           0.0                0.00   
4                           0.0                0.00   

   diafores_xrewseis_pistwseis  xrewsh_telous_ape  fpa_telous_ape  \
0                          0.0         260.190002       33.820000   
1                          0.0         183.240005       23.820000   
2                          0.0         237.690002       30.900000   
3                          0.0         237.539993       30.879999   
4                          0.0         245.639999       31.930000   

   eidikos_foros_katanalwshs  poso_dik_ektel_telwn_ergasiwn  \
0                  42.119999                           5.84   
1                  29.660000                           4.14   
2                  37.970001                           5.25   
3                  37.950001                           5.25   
4                  39.759998                           5.52   

   synolo_xamhlou_fpa  synolo_ypshlou_fpa  axia_endiamesou  synolo_energeias  \
0                5.48                 0.0              0.0       1124.939941   
1                3.86                 0.0              0.0        799.200012   
2                4.94                 0.0              0.0       1012.549988   
3                4.93                 0.0              0.0       1012.460022   
4                5.17                 0.0              0.0       1064.079956   

   synolo_fpa_reumatos  synolo_fpa_yphresiwn  synoliko_fpa  synolo_ert  \
0           185.539993                   0.0    185.539993        3.36   
1           131.570007                   0.0    131.570007        2.76   
2           167.470001                   0.0    167.470001        2.86   
3           167.429993                   0.0    167.429993        3.36   
4           175.429993                   0.0    175.429993        2.86   

   dhm_telh_dhm_foros  telos_akinhths_periousias  dosh_eeta  plhrwteo_poso  \
0           46.880001                       5.11        0.0    1673.979980   
1           38.580002                       4.21        0.0    1193.359985   
2           39.990002                       4.36        0.0    1508.140015   
3           46.880001                       5.11        0.0    1515.979980   
4           39.990002                       4.36        0.0    1577.640015   

   synolo_trexontos_mhnos typos_logariasmou  energy_cost  number_of_days  \
0             1673.979980             ΕΚΚΑΘ  1433.089966            35.0   
1             1193.359985             ΕΚΚΑΘ  1016.239990            29.0   
2             1508.140015             ΕΚΚΑΘ  1293.459961            30.0   
3             1515.979980             ΕΚΚΑΘ  1293.199951            35.0   
4             1577.640015             ΕΚΚΑΘ  1355.000000            30.0   

  mv_lv  energy_consumption_kwh  category         onomasia site_code_cosmote  \
0    LV                  8423.0  BUILDING  OTEshop ΠΕΙΡΑΙΑ                     
1    LV                  5932.0  BUILDING  OTEshop ΠΕΙΡΑΙΑ                     
2    LV                  7594.0  BUILDING  OTEshop ΠΕΙΡΑΙΑ                     
3    LV                  7589.0  BUILDING  OTEshop ΠΕΙΡΑΙΑ                     
4    LV                  7952.0  BUILDING  OTEshop ΠΕΙΡΑΙΑ                     

  spc_rss       bill_type          category_new        category_group spc  \
0     NaN  Εκκαθαριστικός  COSMOTE LV Buildings  COSMOTE LV Buildings  no   
1     NaN  Εκκαθαριστικός  COSMOTE LV Buildings  COSMOTE LV Buildings  no   
2     NaN  Εκκαθαριστικός  COSMOTE LV Buildings  COSMOTE LV Buildings  no   
3     NaN  Εκκαθαριστικός  COSMOTE LV Buildings  COSMOTE LV Buildings  no   
4     NaN  Εκκαθαριστικός  COSMOTE LV Buildings  COSMOTE LV Buildings  no   

     nomos    perifereia_2                  diamerisma  last_date  \
0  ΑΤΤΙΚΗΣ  ΝΟΤΙΟΥ ΕΛΛΑΔΟΣ  ΠΕΙΡΑΙΑ & ΔΥΤΙΚΗΣ ΑΤΤΙΚΗΣ  2015-01-15   
1  ΑΤΤΙΚΗΣ  ΝΟΤΙΟΥ ΕΛΛΑΔΟΣ  ΠΕΙΡΑΙΑ & ΔΥΤΙΚΗΣ ΑΤΤΙΚΗΣ  2015-02-12   
2  ΑΤΤΙΚΗΣ  ΝΟΤΙΟΥ ΕΛΛΑΔΟΣ  ΠΕΙΡΑΙΑ & ΔΥΤΙΚΗΣ ΑΤΤΙΚΗΣ  2015-03-13   
3  ΑΤΤΙΚΗΣ  ΝΟΤΙΟΥ ΕΛΛΑΔΟΣ  ΠΕΙΡΑΙΑ & ΔΥΤΙΚΗΣ ΑΤΤΙΚΗΣ  2015-04-16   
4  ΑΤΤΙΚΗΣ  ΝΟΤΙΟΥ ΕΛΛΑΔΟΣ  ΠΕΙΡΑΙΑ & ΔΥΤΙΚΗΣ ΑΤΤΙΚΗΣ  2015-05-15   

  previous_date  
0    2014-12-12  
1    2015-01-15  
2    2015-02-12  
3    2015-03-13  
4    2015-04-16  
/tmp/ipykernel_511940/498385696.py:2: RuntimeWarning: All-NaN slice encountered
  df['min_metrisi'] = np.nanmin(df[['parousa_endeiksi', 'prohgoumeni_endeiksi']].values, axis=1)
/tmp/ipykernel_511940/498385696.py:3: RuntimeWarning: All-NaN slice encountered
  df['max_metrisi'] = np.nanmax(df[['parousa_endeiksi', 'prohgoumeni_endeiksi']].values, axis=1)
Appending line to main text:
Loaded 3025 rows from pollaploi.
     paroxi site_code  site_name
0  12476926     41360  FILAKESKO
1  12760474      2756  VIGLA_C4I
2  13560664       262  N.IONIA-2
3  13592711      2685  HRISAL_MD
4  13593422      5605  ORFANIDOU
<class 'pandas.core.frame.DataFrame'>
RangeIndex: 3025 entries, 0 to 3024
Data columns (total 3 columns):
 #   Column     Non-Null Count  Dtype 
---  ------     --------------  ----- 
 0   paroxi     3025 non-null   object
 1   site_code  3025 non-null   object
 2   site_name  3025 non-null   object
dtypes: object(3)
memory usage: 71.0+ KB
Appending line to main text:
Loaded coordinates successfully.
<class 'pandas.core.frame.DataFrame'>
RangeIndex: 24096 entries, 0 to 24095
Data columns (total 3 columns):
 #   Column     Non-Null Count  Dtype  
---  ------     --------------  -----  
 0   eett       24096 non-null  int64  
 1   latitude   24096 non-null  float64
 2   longitude  24096 non-null  float64
dtypes: float64(2), int64(1)
memory usage: 564.9 KB
Appending line to main text:
Loaded coordinates missing successfully.
<class 'pandas.core.frame.DataFrame'>
RangeIndex: 7225 entries, 0 to 7224
Data columns (total 3 columns):
 #   Column     Non-Null Count  Dtype  
---  ------     --------------  -----  
 0   siteid     7225 non-null   int64  
 1   latitude   7225 non-null   float64
 2   longitude  7225 non-null   float64
dtypes: float64(2), int64(1)
memory usage: 169.5 KB
Appending line to main text:
Loaded coordinates missing successfully.
<class 'pandas.core.frame.DataFrame'>
RangeIndex: 4662 entries, 0 to 4661
Data columns (total 3 columns):
 #   Column     Non-Null Count  Dtype  
---  ------     --------------  -----  
 0   siteid     4662 non-null   int64  
 1   latitude   4662 non-null   float64
 2   longitude  4662 non-null   float64
dtypes: float64(2), int64(1)
memory usage: 109.4 KB
Number of matching siteids after conversion: 20556
CHECK 132
20415
CHECK 14
(2296185, 94)
<class 'pandas.core.frame.DataFrame'>
RangeIndex: 2296185 entries, 0 to 2296184
Data columns (total 94 columns):
 #   Column                                   Dtype         
---  ------                                   -----         
 0   arithmos_paroxis                         object        
 1   a_a_ekdosis_logariasmou                  object        
 2   kwdikos_eett                             object        
 3   kodikos_pollaplou_logariasmou_xxxxxxx    category      
 4   hmeromhnia_teleutaias_katametrhshs       datetime64[ns]
 5   hmeromhnia_prohgoumenis_katametrhshs     datetime64[ns]
 6   logistiko_date                           datetime64[ns]
 7   actual_date                              datetime64[ns]
 8   power_off_date                           datetime64[ns]
 9   Date_Bill                                datetime64[ns]
 10  ote_cosmote                              category      
 11  paroxos                                  object        
 12  paroxi                                   object        
 13  etos                                     int64         
 14  logistikos_minas                         int64         
 15  onoma_pollaplou_1                        object        
 16  onoma_pollaplou_2                        object        
 17  perifereia                               float32       
 18  grafeio                                  float32       
 19  neos_kodikos_timologiou                  object        
 20  onoma_pelati                             object        
 21  dieuthinsi                               object        
 22  poli_dimos                               object        
 23  imera_teleutaiou_logariasmou             int64         
 24  minas_teleutaiou_logariasmou             int64         
 25  etos_teleutaiou_logariasmou              int64         
 26  arithmos_metriti                         object        
 27  eidos_timologiou                         object        
 28  parousa_endeiksi                         float32       
 29  prohgoumeni_endeiksi                     float32       
 30  synt_wxv                                 float32       
 31  imera_teleutaias_katametrisis            float32       
 32  minas_teleutaias_katametrisis            float32       
 33  etos_teleutaias_katametrisis             float32       
 34  imera_prohgoumenis_katametrisis          float32       
 35  minas_prohgoumenis_katametrisis          float32       
 36  etos_prohgoumenis_katametrisis           float32       
 37  katanalwsh_kwh                           float32       
 38  axia_energeias_ekdothentos_logariasmou   float32       
 39  fpa_energeias_ekdothentos_logariasmou    float32       
 40  ert_ekdothentos_logariasmou              float32       
 41  logariasmos_kat_ektimisi_enanti_meion    float32       
 42  axia_energeias_logariasmou_enanti_meion  float32       
 43  fpa_logariasmou_enanti_meion             float32       
 44  ert_logariasmou_enanti_meion             float32       
 45  den_xrhsimopoieitai                      object        
 46  diafores_xrewseis_pistwseis              float32       
 47  xrewsh_telous_ape                        float32       
 48  fpa_telous_ape                           float32       
 49  eidikos_foros_katanalwshs                float32       
 50  poso_dik_ektel_telwn_ergasiwn            float32       
 51  synolo_xamhlou_fpa                       float32       
 52  synolo_ypshlou_fpa                       float32       
 53  axia_endiamesou                          float32       
 54  synolo_energeias                         float32       
 55  synolo_fpa_reumatos                      float32       
 56  synolo_fpa_yphresiwn                     float32       
 57  synoliko_fpa                             float32       
 58  synolo_ert                               float32       
 59  dhm_telh_dhm_foros                       float32       
 60  telos_akinhths_periousias                float32       
 61  dosh_eeta                                float32       
 62  plhrwteo_poso                            float32       
 63  synolo_trexontos_mhnos                   float32       
 64  typos_logariasmou                        object        
 65  energy_cost                              float32       
 66  number_of_days                           float32       
 67  mv_lv                                    object        
 68  energy_consumption_kwh                   float32       
 69  category                                 object        
 70  onomasia                                 object        
 71  site_code_cosmote                        object        
 72  spc_rss                                  category      
 73  bill_type                                object        
 74  category_new                             object        
 75  category_group                           object        
 76  spc                                      category      
 77  nomos                                    object        
 78  perifereia_2                             object        
 79  diamerisma                               object        
 80  last_date                                datetime64[ns]
 81  previous_date                            datetime64[ns]
 82  days                                     int64         
 83  min_metrisi                              float32       
 84  max_metrisi                              float32       
 85  correct_proigoumeni_metrisi              float32       
 86  correct_parousa_metrisi                  float32       
 87  delta_days                               int64         
 88  daily_consumption                        float64       
 89  new_bill_code                            object        
 90  siteid                                   object        
 91  latitude                                 float64       
 92  longitude                                float64       
 93  last_date_ek                             datetime64[ns]
dtypes: category(4), datetime64[ns](9), float32(44), float64(3), int64(7), object(27)
memory usage: 1.2+ GB
FINAL CHECK
<class 'pandas.core.frame.DataFrame'>
RangeIndex: 2296185 entries, 0 to 2296184
Columns: 112 entries, arithmos_paroxis to par_dt
dtypes: category(4), datetime64[ns](9), float32(44), float64(7), int64(7), object(41)
memory usage: 1.5+ GB
  arithmos_paroxis a_a_ekdosis_logariasmou kwdikos_eett  \
0         28026030                 1909872          NaN   
1         28026030                 5616672          NaN   
2         28026030                 9283920          NaN   
3         28026030                12572427          NaN   
4         28026030                15501157          NaN   

  kodikos_pollaplou_logariasmou_xxxxxxx hmeromhnia_teleutaias_katametrhshs  \
0                                   630                         2015-01-15   
1                                   630                         2015-02-12   
2                                   630                         2015-03-13   
3                                   630                         2015-04-16   
4                                   630                         2015-05-15   

  hmeromhnia_prohgoumenis_katametrhshs logistiko_date actual_date  \
0                           2014-12-12     2015-01-01  2015-01-01   
1                           2015-01-15     2015-02-01  2015-01-01   
2                           2015-02-12     2015-03-01  2015-01-01   
3                           2015-03-13     2015-04-01  2015-01-01   
4                           2015-04-16     2015-05-01  2015-01-01   

  power_off_date  date_bill ote_cosmote paroxos paroxi  etos  \
0            NaT 2015-01-16     COSMOTE     ΔΕΗ  28026  2015   
1            NaT 2015-02-13     COSMOTE     ΔΕΗ  28026  2015   
2            NaT 2015-03-16     COSMOTE     ΔΕΗ  28026  2015   
3            NaT 2015-04-17     COSMOTE     ΔΕΗ  28026  2015   
4            NaT 2015-05-18     COSMOTE     ΔΕΗ  28026  2015   

   logistikos_minas   onoma_pollaplou_1 onoma_pollaplou_2  perifereia  \
0                 1  COSMOTE ΚΙΝ ΤΗΛ ΑΕ       Δ/ΝΣΗ ΟΙΚΟΝ         6.0   
1                 2  COSMOTE ΚΙΝ ΤΗΛ ΑΕ       Δ/ΝΣΗ ΟΙΚΟΝ         6.0   
2                 3  COSMOTE ΚΙΝ ΤΗΛ ΑΕ       Δ/ΝΣΗ ΟΙΚΟΝ         6.0   
3                 4  COSMOTE ΚΙΝ ΤΗΛ ΑΕ       Δ/ΝΣΗ ΟΙΚΟΝ         6.0   
4                 5  COSMOTE ΚΙΝ ΤΗΛ ΑΕ       Δ/ΝΣΗ ΟΙΚΟΝ         6.0   

   grafeio neos_kodikos_timologiou          onoma_pelati      dieuthinsi  \
0     30.0                      22  ΚΟΣΜΟΤΕ -ΚΙΝΗΤΕΣ ΤΗΛ  ΒΑΣ.ΣΟΦΙΑΣ 140   
1     30.0                      22  ΚΟΣΜΟΤΕ -ΚΙΝΗΤΕΣ ΤΗΛ  ΒΑΣ.ΣΟΦΙΑΣ 140   
2     30.0                      22  ΚΟΣΜΟΤΕ -ΚΙΝΗΤΕΣ ΤΗΛ  ΒΑΣ.ΣΟΦΙΑΣ 140   
3     30.0                      22  ΚΟΣΜΟΤΕ -ΚΙΝΗΤΕΣ ΤΗΛ  ΒΑΣ.ΣΟΦΙΑΣ 140   
4     30.0                      22  ΚΟΣΜΟΤΕ -ΚΙΝΗΤΕΣ ΤΗΛ  ΒΑΣ.ΣΟΦΙΑΣ 140   

  poli_dimos  imera_teleutaiou_logariasmou  minas_teleutaiou_logariasmou  \
0   ΠΕΙΡΑΙΑΣ                            16                             1   
1   ΠΕΙΡΑΙΑΣ                            13                             2   
2   ΠΕΙΡΑΙΑΣ                            16                             3   
3   ΠΕΙΡΑΙΑΣ                            17                             4   
4   ΠΕΙΡΑΙΑΣ                            18                             5   

   etos_teleutaiou_logariasmou arithmos_metriti eidos_timologiou  \
0                         2015         Δ0215933           ΒΑΣΙΚΟ   
1                         2015         Δ0215933           ΒΑΣΙΚΟ   
2                         2015         Δ0215933           ΒΑΣΙΚΟ   
3                         2015         Δ0215933           ΒΑΣΙΚΟ   
4                         2015         Δ0215933           ΒΑΣΙΚΟ   

   parousa_endeiksi  prohgoumeni_endeiksi  synt_wxv  \
0           47327.0               38904.0       1.0   
1           53259.0               47327.0       1.0   
2           60853.0               53259.0       1.0   
3           68442.0               60853.0       1.0   
4           76394.0               68442.0       1.0   

   imera_teleutaias_katametrisis  minas_teleutaias_katametrisi  \
0                           15.0                           1.0   
1                           12.0                           2.0   
2                           13.0                           3.0   
3                           16.0                           4.0   
4                           15.0                           5.0   

   etos_teleutaias_katametrisis  imera_prohgoumenis_katametrisis  \
0                        2015.0                             12.0   
1                        2015.0                             15.0   
2                        2015.0                             12.0   
3                        2015.0                             13.0   
4                        2015.0                             16.0   

   minas_prohgoumenis_katametrisis  etos_prohgoumenis_katametrisis  \
0                             12.0                          2014.0   
1                              1.0                          2015.0   
2                              2.0                          2015.0   
3                              3.0                          2015.0   
4                              4.0                          2015.0   

   katanalwsh_kwh  axia_energeias_ekdothentos_logariasmou  \
0          8423.0                             1124.939941   
1          5932.0                              799.200012   
2          7594.0                             1012.549988   
3          7589.0                             1012.460022   
4          7952.0                             1064.079956   

   fpa_energeias_ekdothentos_logariasmou  ert_ekdothentos_logariasmou  \
0                             146.240005                         3.36   
1                             103.889999                         2.76   
2                             131.630005                         2.86   
3                             131.619995                         3.36   
4                             138.330002                         2.86   

   logariasmos_kat_ektimisi_enanti_meion  \
0                                    0.0   
1                                    0.0   
2                                    0.0   
3                                    0.0   
4                                    0.0   

   axia_energeias_logariasmou_enanti_meion  fpa_logariasmou_enanti_meion  \
0                                      0.0                           0.0   
1                                      0.0                           0.0   
2                                      0.0                           0.0   
3                                      0.0                           0.0   
4                                      0.0                           0.0   

   ert_logariasmou_enanti_meion den_xrhsimopoieitai  \
0                           0.0                0.00   
1                           0.0                0.00   
2                           0.0                0.00   
3                           0.0                0.00   
4                           0.0                0.00   

   diafores_xrewseis_pistwseis  xrewsh_telous_ape  fpa_telous_ape  \
0                          0.0         260.190002       33.820000   
1                          0.0         183.240005       23.820000   
2                          0.0         237.690002       30.900000   
3                          0.0         237.539993       30.879999   
4                          0.0         245.639999       31.930000   

   eidikos_foros_katanalwshs  poso_dik_ektel_telwn_ergasiwn  \
0                  42.119999                           5.84   
1                  29.660000                           4.14   
2                  37.970001                           5.25   
3                  37.950001                           5.25   
4                  39.759998                           5.52   

   synolo_xamhlou_fpa  synolo_ypshlou_fpa  axia_endiamesou  synolo_energeias  \
0                5.48                 0.0              0.0       1124.939941   
1                3.86                 0.0              0.0        799.200012   
2                4.94                 0.0              0.0       1012.549988   
3                4.93                 0.0              0.0       1012.460022   
4                5.17                 0.0              0.0       1064.079956   

   synolo_fpa_reumatos  synolo_fpa_yphresiwn  synoliko_fpa  synolo_ert  \
0           185.539993                   0.0    185.539993        3.36   
1           131.570007                   0.0    131.570007        2.76   
2           167.470001                   0.0    167.470001        2.86   
3           167.429993                   0.0    167.429993        3.36   
4           175.429993                   0.0    175.429993        2.86   

   dhm_telh_dhm_foros  telos_akinhths_periousias  dosh_eeta  plhrwteo_poso  \
0           46.880001                       5.11        0.0    1673.979980   
1           38.580002                       4.21        0.0    1193.359985   
2           39.990002                       4.36        0.0    1508.140015   
3           46.880001                       5.11        0.0    1515.979980   
4           39.990002                       4.36        0.0    1577.640015   

   synolo_trexontos_mhnos typos_logariasmou  energy_cost  number_of_days  \
0             1673.979980             ΕΚΚΑΘ  1433.089966            35.0   
1             1193.359985             ΕΚΚΑΘ  1016.239990            29.0   
2             1508.140015             ΕΚΚΑΘ  1293.459961            30.0   
3             1515.979980             ΕΚΚΑΘ  1293.199951            35.0   
4             1577.640015             ΕΚΚΑΘ  1355.000000            30.0   

  mv_lv  energy_consumption_kwh  category         onomasia site_code_cosmote  \
0    LV                  8423.0  BUILDING  OTEshop ΠΕΙΡΑΙΑ                     
1    LV                  5932.0  BUILDING  OTEshop ΠΕΙΡΑΙΑ                     
2    LV                  7594.0  BUILDING  OTEshop ΠΕΙΡΑΙΑ                     
3    LV                  7589.0  BUILDING  OTEshop ΠΕΙΡΑΙΑ                     
4    LV                  7952.0  BUILDING  OTEshop ΠΕΙΡΑΙΑ                     

  spc_rss       bill_type          category_new        category_group spc  \
0     NaN  Εκκαθαριστικός  COSMOTE LV Buildings  COSMOTE LV Buildings  no   
1     NaN  Εκκαθαριστικός  COSMOTE LV Buildings  COSMOTE LV Buildings  no   
2     NaN  Εκκαθαριστικός  COSMOTE LV Buildings  COSMOTE LV Buildings  no   
3     NaN  Εκκαθαριστικός  COSMOTE LV Buildings  COSMOTE LV Buildings  no   
4     NaN  Εκκαθαριστικός  COSMOTE LV Buildings  COSMOTE LV Buildings  no   

     nomos    perifereia_2                  diamerisma  last_date  \
0  ΑΤΤΙΚΗΣ  ΝΟΤΙΟΥ ΕΛΛΑΔΟΣ  ΠΕΙΡΑΙΑ & ΔΥΤΙΚΗΣ ΑΤΤΙΚΗΣ  2015-01-15   
1  ΑΤΤΙΚΗΣ  ΝΟΤΙΟΥ ΕΛΛΑΔΟΣ  ΠΕΙΡΑΙΑ & ΔΥΤΙΚΗΣ ΑΤΤΙΚΗΣ  2015-02-12   
2  ΑΤΤΙΚΗΣ  ΝΟΤΙΟΥ ΕΛΛΑΔΟΣ  ΠΕΙΡΑΙΑ & ΔΥΤΙΚΗΣ ΑΤΤΙΚΗΣ  2015-03-13   
3  ΑΤΤΙΚΗΣ  ΝΟΤΙΟΥ ΕΛΛΑΔΟΣ  ΠΕΙΡΑΙΑ & ΔΥΤΙΚΗΣ ΑΤΤΙΚΗΣ  2015-04-16   
4  ΑΤΤΙΚΗΣ  ΝΟΤΙΟΥ ΕΛΛΑΔΟΣ  ΠΕΙΡΑΙΑ & ΔΥΤΙΚΗΣ ΑΤΤΙΚΗΣ  2015-05-15   

  previous_date  number_of_days2  min_metrisi  max_metrisi  \
0    2014-12-12               34      38904.0      47327.0   
1    2015-01-15               28      47327.0      53259.0   
2    2015-02-12               29      53259.0      60853.0   
3    2015-03-13               34      60853.0      68442.0   
4    2015-04-16               29      68442.0      76394.0   

   correct_proigoumeni_metrisi  correct_parousa_metrisi  delta_days  \
0                      38904.0                  47327.0          34   
1                      47327.0                  53259.0          28   
2                      53259.0                  60853.0          29   
3                      60853.0                  68442.0          34   
4                      68442.0                  76394.0          29   

   daily_consumption new_bill_code siteid  latitude  longitude last_date_ek  \
0         247.735294           Γ22              NaN        NaN   2020-02-28   
1         211.857143           Γ22              NaN        NaN   2020-02-28   
2         261.862069           Γ22              NaN        NaN   2020-02-28   
3         223.205882           Γ22              NaN        NaN   2020-02-28   
4         274.206897           Γ22              NaN        NaN   2020-02-28   

  last_enanti  days_from_last_ek alert_kathisterisis  \
0         NaN                NaN                 NaN   
1         NaN                NaN                 NaN   
2         NaN                NaN                 NaN   
3         NaN                NaN                 NaN   
4         NaN                NaN                 NaN   

   median_daily_consumption  perc_consumption alert_high_ekkatharistikos  \
0                223.205882          1.109896                        NaN   
1                223.205882          0.949156                        NaN   
2                223.205882          1.173186                        NaN   
3                223.205882          1.000000                        NaN   
4                223.205882          1.228493                        NaN   

  alert_high_enanti alert_round_numbers alert_zero_figures  \
0               NaN                 NaN                NaN   
1               NaN                 NaN                NaN   
2               NaN                 NaN                NaN   
3               NaN                 NaN                NaN   
4               NaN                 NaN                NaN   

  alert_girisma_metriti alert_allagi_metriti alert_check_consumption  \
0                   NaN                  NaN                     NaN   
1                   NaN                  NaN                     NaN   
2                   NaN                  NaN                     NaN   
3                   NaN                  NaN                     NaN   
4                   NaN                  NaN                     NaN   

  alert_old_consumption alert_zero_consumption alert_low_consumption  \
0                     1                    NaN                   NaN   
1                     1                    NaN                   NaN   
2                     1                    NaN                   NaN   
3                     1                    NaN                   NaN   
4                     1                    NaN                   NaN   

  alert_change_provider  alarm_priority    par_dt  
0                   NaN             NaN  20150101  
1                   NaN             NaN  20150201  
2                   NaN             NaN  20150301  
3                   NaN             NaN  20150401  
4                   NaN             NaN  20150501  

--- DATA QUALITY CHECKS ---
Null values: {'kodikos_pollaplou_logariasmou_xxxxxxx': 542798, 'onoma_pollaplou_1': 512768, 'onoma_pollaplou_2': 619418, 'perifereia': 86, 'grafeio': 1333906, 'a_a_ekdosis_logariasmou': 37, 'neos_kodikos_timologiou': 238, 'onoma_pelati': 14, 'dieuthinsi': 16500, 'poli_dimos': 217025, 'arithmos_metriti': 239672, 'eidos_timologiou': 511308, 'parousa_endeiksi': 140009, 'prohgoumeni_endeiksi': 4664, 'synt_wxv': 633, 'imera_teleutaias_katametrisis': 90373, 'minas_teleutaias_katametrisi': 90373, 'etos_teleutaias_katametrisis': 90373, 'imera_prohgoumenis_katametrisis': 143879, 'minas_prohgoumenis_katametrisis': 143879, 'etos_prohgoumenis_katametrisis': 143879, 'katanalwsh_kwh': 7, 'fpa_energeias_ekdothentos_logariasmou': 943, 'ert_ekdothentos_logariasmou': 1, 'logariasmos_kat_ektimisi_enanti_meion': 2, 'axia_energeias_logariasmou_enanti_meion': 1, 'fpa_logariasmou_enanti_meion': 943, 'ert_logariasmou_enanti_meion': 2, 'den_xrhsimopoieitai': 2, 'diafores_xrewseis_pistwseis': 1, 'xrewsh_telous_ape': 1, 'fpa_telous_ape': 943, 'eidikos_foros_katanalwshs': 1, 'poso_dik_ektel_telwn_ergasiwn': 1, 'synolo_xamhlou_fpa': 943, 'synolo_ypshlou_fpa': 1, 'axia_endiamesou': 1, 'synolo_fpa_reumatos': 943, 'synolo_fpa_yphresiwn': 1, 'synoliko_fpa': 1, 'synolo_ert': 2, 'dhm_telh_dhm_foros': 1, 'telos_akinhths_periousias': 1, 'dosh_eeta': 87, 'plhrwteo_poso': 43, 'synolo_trexontos_mhnos': 1, 'typos_logariasmou': 930, 'hmeromhnia_teleutaias_katametrhshs': 106732, 'hmeromhnia_prohgoumenis_katametrhshs': 160239, 'energy_cost': 1, 'number_of_days': 53507, 'energy_consumption_kwh': 26, 'category': 7378, 'onomasia': 1636349, 'site_code_cosmote': 17, 'kwdikos_eett': 689040, 'power_off_date': 2271257, 'spc_rss': 2271257, 'nomos': 7397, 'perifereia_2': 273285, 'diamerisma': 10044, 'min_metrisi': 3116, 'max_metrisi': 3116, 'correct_proigoumeni_metrisi': 141557, 'correct_parousa_metrisi': 3116, 'daily_consumption': 40590, 'latitude': 527073, 'longitude': 527073, 'last_date_ek': 558, 'last_enanti': 2286380, 'days_from_last_ek': 2286419, 'alert_kathisterisis': 2292224, 'median_daily_consumption': 558, 'perc_consumption': 65165, 'alert_high_ekkatharistikos': 2268283, 'alert_high_enanti': 2234705, 'alert_round_numbers': 2282287, 'alert_zero_figures': 2225683, 'alert_girisma_metriti': 2282108, 'alert_allagi_metriti': 2288708, 'alert_check_consumption': 2261272, 'alert_old_consumption': 1961350, 'alert_zero_consumption': 2256405, 'alert_low_consumption': 2266885, 'alert_change_provider': 2259144, 'alarm_priority': 2255308}

Rows prepared for insertion: 2296185
Starting insertion of 2,296,185 rows into energy_efficiency.plpl2_new...
Batch 1: inserted 5,000 rows (total: 5,000)
Batch 2: inserted 5,000 rows (total: 10,000)
Batch 3: inserted 5,000 rows (total: 15,000)
Batch 4: inserted 5,000 rows (total: 20,000)
Batch 5: inserted 5,000 rows (total: 25,000)
Batch 6: inserted 5,000 rows (total: 30,000)
Batch 7: inserted 5,000 rows (total: 35,000)
Batch 8: inserted 5,000 rows (total: 40,000)
Batch 9: inserted 5,000 rows (total: 45,000)
Batch 10: inserted 5,000 rows (total: 50,000)
Batch 11: inserted 5,000 rows (total: 55,000)
Batch 12: inserted 5,000 rows (total: 60,000)
Batch 13: inserted 5,000 rows (total: 65,000)
Batch 14: inserted 5,000 rows (total: 70,000)
Batch 15: inserted 5,000 rows (total: 75,000)
Batch 16: inserted 5,000 rows (total: 80,000)
Batch 17: inserted 5,000 rows (total: 85,000)
Batch 18: inserted 5,000 rows (total: 90,000)
Batch 19: inserted 5,000 rows (total: 95,000)
Batch 20: inserted 5,000 rows (total: 100,000)
Batch 21: inserted 5,000 rows (total: 105,000)
Batch 22: inserted 5,000 rows (total: 110,000)
Batch 23: inserted 5,000 rows (total: 115,000)
Batch 24: inserted 5,000 rows (total: 120,000)
Batch 25: inserted 5,000 rows (total: 125,000)
Batch 26: inserted 5,000 rows (total: 130,000)
Batch 27: inserted 5,000 rows (total: 135,000)
Batch 28: inserted 5,000 rows (total: 140,000)
Batch 29: inserted 5,000 rows (total: 145,000)
Batch 30: inserted 5,000 rows (total: 150,000)
Batch 31: inserted 5,000 rows (total: 155,000)
Batch 32: inserted 5,000 rows (total: 160,000)
Batch 33: inserted 5,000 rows (total: 165,000)
Batch 34: inserted 5,000 rows (total: 170,000)
Batch 35: inserted 5,000 rows (total: 175,000)
Batch 36: inserted 5,000 rows (total: 180,000)
Batch 37: inserted 5,000 rows (total: 185,000)
Batch 38: inserted 5,000 rows (total: 190,000)
Batch 39: inserted 5,000 rows (total: 195,000)
Batch 40: inserted 5,000 rows (total: 200,000)
Batch 41: inserted 5,000 rows (total: 205,000)
Batch 42: inserted 5,000 rows (total: 210,000)
Batch 43: inserted 5,000 rows (total: 215,000)
Batch 44: inserted 5,000 rows (total: 220,000)
Batch 45: inserted 5,000 rows (total: 225,000)
Batch 46: inserted 5,000 rows (total: 230,000)
Batch 47: inserted 5,000 rows (total: 235,000)
Batch 48: inserted 5,000 rows (total: 240,000)
Batch 49: inserted 5,000 rows (total: 245,000)
Batch 50: inserted 5,000 rows (total: 250,000)
Batch 51: inserted 5,000 rows (total: 255,000)
Batch 52: inserted 5,000 rows (total: 260,000)
Batch 53: inserted 5,000 rows (total: 265,000)
Batch 54: inserted 5,000 rows (total: 270,000)
Batch 55: inserted 5,000 rows (total: 275,000)
Batch 56: inserted 5,000 rows (total: 280,000)
Batch 57: inserted 5,000 rows (total: 285,000)
Batch 58: inserted 5,000 rows (total: 290,000)
Batch 59: inserted 5,000 rows (total: 295,000)
Batch 60: inserted 5,000 rows (total: 300,000)
Batch 61: inserted 5,000 rows (total: 305,000)
Batch 62: inserted 5,000 rows (total: 310,000)
Batch 63: inserted 5,000 rows (total: 315,000)
Batch 64: inserted 5,000 rows (total: 320,000)
Batch 65: inserted 5,000 rows (total: 325,000)
Batch 66: inserted 5,000 rows (total: 330,000)
Batch 67: inserted 5,000 rows (total: 335,000)
Batch 68: inserted 5,000 rows (total: 340,000)
Batch 69: inserted 5,000 rows (total: 345,000)
Batch 70: inserted 5,000 rows (total: 350,000)
Batch 71: inserted 5,000 rows (total: 355,000)
Batch 72: inserted 5,000 rows (total: 360,000)
Batch 73: inserted 5,000 rows (total: 365,000)
Batch 74: inserted 5,000 rows (total: 370,000)
Batch 75: inserted 5,000 rows (total: 375,000)
Batch 76: inserted 5,000 rows (total: 380,000)
Batch 77: inserted 5,000 rows (total: 385,000)
Batch 78: inserted 5,000 rows (total: 390,000)
Batch 79: inserted 5,000 rows (total: 395,000)
Batch 80: inserted 5,000 rows (total: 400,000)
Batch 81: inserted 5,000 rows (total: 405,000)
Batch 82: inserted 5,000 rows (total: 410,000)
Batch 83: inserted 5,000 rows (total: 415,000)
Batch 84: inserted 5,000 rows (total: 420,000)
Batch 85: inserted 5,000 rows (total: 425,000)
Batch 86: inserted 5,000 rows (total: 430,000)
Batch 87: inserted 5,000 rows (total: 435,000)
Batch 88: inserted 5,000 rows (total: 440,000)
Batch 89: inserted 5,000 rows (total: 445,000)
Batch 90: inserted 5,000 rows (total: 450,000)
Batch 91: inserted 5,000 rows (total: 455,000)
Batch 92: inserted 5,000 rows (total: 460,000)
Batch 93: inserted 5,000 rows (total: 465,000)
Batch 94: inserted 5,000 rows (total: 470,000)
Batch 95: inserted 5,000 rows (total: 475,000)
Batch 96: inserted 5,000 rows (total: 480,000)
Batch 97: inserted 5,000 rows (total: 485,000)
Batch 98: inserted 5,000 rows (total: 490,000)
Batch 99: inserted 5,000 rows (total: 495,000)
Batch 100: inserted 5,000 rows (total: 500,000)
Batch 101: inserted 5,000 rows (total: 505,000)
Batch 102: inserted 5,000 rows (total: 510,000)
Batch 103: inserted 5,000 rows (total: 515,000)
Batch 104: inserted 5,000 rows (total: 520,000)
Batch 105: inserted 5,000 rows (total: 525,000)
Batch 106: inserted 5,000 rows (total: 530,000)
Batch 107: inserted 5,000 rows (total: 535,000)
Batch 108: inserted 5,000 rows (total: 540,000)
Batch 109: inserted 5,000 rows (total: 545,000)
Batch 110: inserted 5,000 rows (total: 550,000)
Batch 111: inserted 5,000 rows (total: 555,000)
Batch 112: inserted 5,000 rows (total: 560,000)
Batch 113: inserted 5,000 rows (total: 565,000)
Batch 114: inserted 5,000 rows (total: 570,000)
Batch 115: inserted 5,000 rows (total: 575,000)
Batch 116: inserted 5,000 rows (total: 580,000)
Batch 117: inserted 5,000 rows (total: 585,000)
Batch 118: inserted 5,000 rows (total: 590,000)
Batch 119: inserted 5,000 rows (total: 595,000)
Batch 120: inserted 5,000 rows (total: 600,000)
Batch 121: inserted 5,000 rows (total: 605,000)
Batch 122: inserted 5,000 rows (total: 610,000)
Batch 123: inserted 5,000 rows (total: 615,000)
Batch 124: inserted 5,000 rows (total: 620,000)
Batch 125: inserted 5,000 rows (total: 625,000)
Batch 126: inserted 5,000 rows (total: 630,000)
Batch 127: inserted 5,000 rows (total: 635,000)
Batch 128: inserted 5,000 rows (total: 640,000)
Batch 129: inserted 5,000 rows (total: 645,000)
Batch 130: inserted 5,000 rows (total: 650,000)
Batch 131: inserted 5,000 rows (total: 655,000)
Batch 132: inserted 5,000 rows (total: 660,000)
Batch 133: inserted 5,000 rows (total: 665,000)
Batch 134: inserted 5,000 rows (total: 670,000)
Batch 135: inserted 5,000 rows (total: 675,000)
Batch 136: inserted 5,000 rows (total: 680,000)
Batch 137: inserted 5,000 rows (total: 685,000)
Batch 138: inserted 5,000 rows (total: 690,000)
Batch 139: inserted 5,000 rows (total: 695,000)
Batch 140: inserted 5,000 rows (total: 700,000)
Batch 141: inserted 5,000 rows (total: 705,000)
Batch 142: inserted 5,000 rows (total: 710,000)
Batch 143: inserted 5,000 rows (total: 715,000)
Batch 144: inserted 5,000 rows (total: 720,000)
Batch 145: inserted 5,000 rows (total: 725,000)
Batch 146: inserted 5,000 rows (total: 730,000)
Batch 147: inserted 5,000 rows (total: 735,000)
Batch 148: inserted 5,000 rows (total: 740,000)
Batch 149: inserted 5,000 rows (total: 745,000)
Batch 150: inserted 5,000 rows (total: 750,000)
Batch 151: inserted 5,000 rows (total: 755,000)
Batch 152: inserted 5,000 rows (total: 760,000)
Batch 153: inserted 5,000 rows (total: 765,000)
Batch 154: inserted 5,000 rows (total: 770,000)
Batch 155: inserted 5,000 rows (total: 775,000)
Batch 156: inserted 5,000 rows (total: 780,000)
Batch 157: inserted 5,000 rows (total: 785,000)
Batch 158: inserted 5,000 rows (total: 790,000)
Batch 159: inserted 5,000 rows (total: 795,000)
Batch 160: inserted 5,000 rows (total: 800,000)
Batch 161: inserted 5,000 rows (total: 805,000)
Batch 162: inserted 5,000 rows (total: 810,000)
Batch 163: inserted 5,000 rows (total: 815,000)
Batch 164: inserted 5,000 rows (total: 820,000)
Batch 165: inserted 5,000 rows (total: 825,000)
Batch 166: inserted 5,000 rows (total: 830,000)
Batch 167: inserted 5,000 rows (total: 835,000)
Batch 168: inserted 5,000 rows (total: 840,000)
Batch 169: inserted 5,000 rows (total: 845,000)
Batch 170: inserted 5,000 rows (total: 850,000)
Batch 171: inserted 5,000 rows (total: 855,000)
Batch 172: inserted 5,000 rows (total: 860,000)
Batch 173: inserted 5,000 rows (total: 865,000)
Batch 174: inserted 5,000 rows (total: 870,000)
Batch 175: inserted 5,000 rows (total: 875,000)
Batch 176: inserted 5,000 rows (total: 880,000)
Batch 177: inserted 5,000 rows (total: 885,000)
Batch 178: inserted 5,000 rows (total: 890,000)
Batch 179: inserted 5,000 rows (total: 895,000)
Batch 180: inserted 5,000 rows (total: 900,000)
Batch 181: inserted 5,000 rows (total: 905,000)
Batch 182: inserted 5,000 rows (total: 910,000)
Batch 183: inserted 5,000 rows (total: 915,000)
Batch 184: inserted 5,000 rows (total: 920,000)
Batch 185: inserted 5,000 rows (total: 925,000)
Batch 186: inserted 5,000 rows (total: 930,000)
Batch 187: inserted 5,000 rows (total: 935,000)
Batch 188: inserted 5,000 rows (total: 940,000)
Batch 189: inserted 5,000 rows (total: 945,000)
Batch 190: inserted 5,000 rows (total: 950,000)
Batch 191: inserted 5,000 rows (total: 955,000)
Batch 192: inserted 5,000 rows (total: 960,000)
Batch 193: inserted 5,000 rows (total: 965,000)
Batch 194: inserted 5,000 rows (total: 970,000)
Batch 195: inserted 5,000 rows (total: 975,000)
Batch 196: inserted 5,000 rows (total: 980,000)
Batch 197: inserted 5,000 rows (total: 985,000)
Batch 198: inserted 5,000 rows (total: 990,000)
Batch 199: inserted 5,000 rows (total: 995,000)
Batch 200: inserted 5,000 rows (total: 1,000,000)
Batch 201: inserted 5,000 rows (total: 1,005,000)
Batch 202: inserted 5,000 rows (total: 1,010,000)
Batch 203: inserted 5,000 rows (total: 1,015,000)
Batch 204: inserted 5,000 rows (total: 1,020,000)
Batch 205: inserted 5,000 rows (total: 1,025,000)
Batch 206: inserted 5,000 rows (total: 1,030,000)
Batch 207: inserted 5,000 rows (total: 1,035,000)
Batch 208: inserted 5,000 rows (total: 1,040,000)
Batch 209: inserted 5,000 rows (total: 1,045,000)
Batch 210: inserted 5,000 rows (total: 1,050,000)
Batch 211: inserted 5,000 rows (total: 1,055,000)
Batch 212: inserted 5,000 rows (total: 1,060,000)
Batch 213: inserted 5,000 rows (total: 1,065,000)
Batch 214: inserted 5,000 rows (total: 1,070,000)
Batch 215: inserted 5,000 rows (total: 1,075,000)
Batch 216: inserted 5,000 rows (total: 1,080,000)
Batch 217: inserted 5,000 rows (total: 1,085,000)
Batch 218: inserted 5,000 rows (total: 1,090,000)
Batch 219: inserted 5,000 rows (total: 1,095,000)
Batch 220: inserted 5,000 rows (total: 1,100,000)
Batch 221: inserted 5,000 rows (total: 1,105,000)
Batch 222: inserted 5,000 rows (total: 1,110,000)
Batch 223: inserted 5,000 rows (total: 1,115,000)
Batch 224: inserted 5,000 rows (total: 1,120,000)
Batch 225: inserted 5,000 rows (total: 1,125,000)
Batch 226: inserted 5,000 rows (total: 1,130,000)
Batch 227: inserted 5,000 rows (total: 1,135,000)
Batch 228: inserted 5,000 rows (total: 1,140,000)
Batch 229: inserted 5,000 rows (total: 1,145,000)
Batch 230: inserted 5,000 rows (total: 1,150,000)
Batch 231: inserted 5,000 rows (total: 1,155,000)
Batch 232: inserted 5,000 rows (total: 1,160,000)
Batch 233: inserted 5,000 rows (total: 1,165,000)
Batch 234: inserted 5,000 rows (total: 1,170,000)
Batch 235: inserted 5,000 rows (total: 1,175,000)
Batch 236: inserted 5,000 rows (total: 1,180,000)
Batch 237: inserted 5,000 rows (total: 1,185,000)
Batch 238: inserted 5,000 rows (total: 1,190,000)
Batch 239: inserted 5,000 rows (total: 1,195,000)
Batch 240: inserted 5,000 rows (total: 1,200,000)
Batch 241: inserted 5,000 rows (total: 1,205,000)
Batch 242: inserted 5,000 rows (total: 1,210,000)
Batch 243: inserted 5,000 rows (total: 1,215,000)
Batch 244: inserted 5,000 rows (total: 1,220,000)
Batch 245: inserted 5,000 rows (total: 1,225,000)
Batch 246: inserted 5,000 rows (total: 1,230,000)
Batch 247: inserted 5,000 rows (total: 1,235,000)
Batch 248: inserted 5,000 rows (total: 1,240,000)
Batch 249: inserted 5,000 rows (total: 1,245,000)
Batch 250: inserted 5,000 rows (total: 1,250,000)
Batch 251: inserted 5,000 rows (total: 1,255,000)
Batch 252: inserted 5,000 rows (total: 1,260,000)
Batch 253: inserted 5,000 rows (total: 1,265,000)
Batch 254: inserted 5,000 rows (total: 1,270,000)
Batch 255: inserted 5,000 rows (total: 1,275,000)
Batch 256: inserted 5,000 rows (total: 1,280,000)
Batch 257: inserted 5,000 rows (total: 1,285,000)
Batch 258: inserted 5,000 rows (total: 1,290,000)
Batch 259: inserted 5,000 rows (total: 1,295,000)
Batch 260: inserted 5,000 rows (total: 1,300,000)
Batch 261: inserted 5,000 rows (total: 1,305,000)
Batch 262: inserted 5,000 rows (total: 1,310,000)
Batch 263: inserted 5,000 rows (total: 1,315,000)
Batch 264: inserted 5,000 rows (total: 1,320,000)
Batch 265: inserted 5,000 rows (total: 1,325,000)
Batch 266: inserted 5,000 rows (total: 1,330,000)
Batch 267: inserted 5,000 rows (total: 1,335,000)
Batch 268: inserted 5,000 rows (total: 1,340,000)
Batch 269: inserted 5,000 rows (total: 1,345,000)
Batch 270: inserted 5,000 rows (total: 1,350,000)
Batch 271: inserted 5,000 rows (total: 1,355,000)
Batch 272: inserted 5,000 rows (total: 1,360,000)
Batch 273: inserted 5,000 rows (total: 1,365,000)
Batch 274: inserted 5,000 rows (total: 1,370,000)
Batch 275: inserted 5,000 rows (total: 1,375,000)
Batch 276: inserted 5,000 rows (total: 1,380,000)
Batch 277: inserted 5,000 rows (total: 1,385,000)
Batch 278: inserted 5,000 rows (total: 1,390,000)
Batch 279: inserted 5,000 rows (total: 1,395,000)
Batch 280: inserted 5,000 rows (total: 1,400,000)
Batch 281: inserted 5,000 rows (total: 1,405,000)
Batch 282: inserted 5,000 rows (total: 1,410,000)
Batch 283: inserted 5,000 rows (total: 1,415,000)
Batch 284: inserted 5,000 rows (total: 1,420,000)
Batch 285: inserted 5,000 rows (total: 1,425,000)
Batch 286: inserted 5,000 rows (total: 1,430,000)
Batch 287: inserted 5,000 rows (total: 1,435,000)
Batch 288: inserted 5,000 rows (total: 1,440,000)
Batch 289: inserted 5,000 rows (total: 1,445,000)
Batch 290: inserted 5,000 rows (total: 1,450,000)
Batch 291: inserted 5,000 rows (total: 1,455,000)
Batch 292: inserted 5,000 rows (total: 1,460,000)
Batch 293: inserted 5,000 rows (total: 1,465,000)
Batch 294: inserted 5,000 rows (total: 1,470,000)
Batch 295: inserted 5,000 rows (total: 1,475,000)
Batch 296: inserted 5,000 rows (total: 1,480,000)
Batch 297: inserted 5,000 rows (total: 1,485,000)
Batch 298: inserted 5,000 rows (total: 1,490,000)
Batch 299: inserted 5,000 rows (total: 1,495,000)
Batch 300: inserted 5,000 rows (total: 1,500,000)
Batch 301: inserted 5,000 rows (total: 1,505,000)
Batch 302: inserted 5,000 rows (total: 1,510,000)
Batch 303: inserted 5,000 rows (total: 1,515,000)
Batch 304: inserted 5,000 rows (total: 1,520,000)
Batch 305: inserted 5,000 rows (total: 1,525,000)
Batch 306: inserted 5,000 rows (total: 1,530,000)
Batch 307: inserted 5,000 rows (total: 1,535,000)
Batch 308: inserted 5,000 rows (total: 1,540,000)
Batch 309: inserted 5,000 rows (total: 1,545,000)
Batch 310: inserted 5,000 rows (total: 1,550,000)
Batch 311: inserted 5,000 rows (total: 1,555,000)
Batch 312: inserted 5,000 rows (total: 1,560,000)
Batch 313: inserted 5,000 rows (total: 1,565,000)
Batch 314: inserted 5,000 rows (total: 1,570,000)
Batch 315: inserted 5,000 rows (total: 1,575,000)
Batch 316: inserted 5,000 rows (total: 1,580,000)
Batch 317: inserted 5,000 rows (total: 1,585,000)
Batch 318: inserted 5,000 rows (total: 1,590,000)
Batch 319: inserted 5,000 rows (total: 1,595,000)
Batch 320: inserted 5,000 rows (total: 1,600,000)
Batch 321: inserted 5,000 rows (total: 1,605,000)
Batch 322: inserted 5,000 rows (total: 1,610,000)
Batch 323: inserted 5,000 rows (total: 1,615,000)
Batch 324: inserted 5,000 rows (total: 1,620,000)
Batch 325: inserted 5,000 rows (total: 1,625,000)
Batch 326: inserted 5,000 rows (total: 1,630,000)
Batch 327: inserted 5,000 rows (total: 1,635,000)
Batch 328: inserted 5,000 rows (total: 1,640,000)
Batch 329: inserted 5,000 rows (total: 1,645,000)
Batch 330: inserted 5,000 rows (total: 1,650,000)
Batch 331: inserted 5,000 rows (total: 1,655,000)
Batch 332: inserted 5,000 rows (total: 1,660,000)
Batch 333: inserted 5,000 rows (total: 1,665,000)
Batch 334: inserted 5,000 rows (total: 1,670,000)
Batch 335: inserted 5,000 rows (total: 1,675,000)
