eett,latitude,longitude
90956,40.608845,22.958832
63584,38.057456,23.761723
510159,41.131955,24.886955
63580,38.051365,23.75317
450042,38.955495,20.753068
63586,38.055561,23.759048
66818,37.741847,23.905289
110213,36.415401,28.138047
200279,35.509482,24.017529
200280,35.507744,24.016783
90073,40.61237,22.96756
90073,40.61237,22.96756
90073,40.61237,22.96756
90073,40.61237,22.96756
60051,38.010149,23.848731
65002,38.020543,23.67491
60195,37.97626,23.710291
60195,37.97626,23.710291
60195,37.97626,23.710291
64999,38.017502,23.673397
64902,38.012719,23.680803
64903,38.013511,23.681187
330237,40.508313,21.677402
60669,37.982624,23.767048
200121,35.487032,23.69038
60533,37.973496,23.769143
60666,37.983128,23.768108
60538,37.974075,23.769041
510093,41.140631,24.887788
510117,41.139534,24.891644
410161,37.064757,21.639284
60276,38.016111,23.736109
200120,35.523167,23.847362
370108,35.302971,25.525196
60276,38.016111,23.736109
60276,38.016111,23.736109
40350,37.510345,22.373967
490350,41.232777,23.388984
60251,37.947083,23.715529
430047,40.70416,22.262092
190272,40.261957,23.219889
100090,41.151116,24.146735
120011,41.348682,26.493696
230026,40.632509,22.068259
470032,41.11727,25.403166
160014,40.779445,21.409362
330239,40.510511,21.673277
60668,37.981974,23.765477
350054,36.804056,22.851209
320164,37.938625,22.930735
40014,37.40522,22.722298
60672,37.982193,23.767505
60829,37.850314,23.754215
500166,39.559442,21.843549
80012,39.503707,20.263673
63493,38.062414,23.778231
270179,39.355563,22.210256
420312,37.942878,23.649703
420317,37.942876,23.652059
380175,39.097566,26.550205
380066,39.246067,26.269038
480094,37.750886,27.007399
240031,35.29304,24.927075
410020,37.100209,22.234582
80049,39.577253,20.244003
65322,38.022146,23.743411
64927,38.007814,23.674313
180024,40.084763,21.425523
280008,40.520598,21.266574
330042,40.299228,21.792746
330083,40.513196,21.680117
230038,40.523205,22.203688
310023,40.993214,22.875728
430008,40.800194,22.048137
440006,40.270983,22.511121
490058,41.085239,23.544024
490027,41.091556,23.548944
270017,39.365219,21.920051
360100,39.602675,22.436883
400082,39.366872,22.954572
400078,39.361904,22.946673
400132,39.374487,22.934747
500130,39.560453,21.769054
10257,38.258667,21.744399
10238,38.245369,21.735276
10196,38.295248,21.789841
10258,38.234396,21.73088
61613,38.022397,23.677319
130022,38.270357,24.191208
61608,38.02199,23.673151
460022,35.127593,24.651465
60815,37.829025,23.77898
10380,38.203822,21.70975
60251,37.947083,23.715529
40347,37.510204,22.377342
250264,39.675534,20.817876
250265,39.677785,20.814462
64608,38.045524,23.676928
64466,38.038379,23.820805
63735,38.021834,23.855527
65960,37.953378,23.746935
66157,37.954922,23.75301
65964,37.955656,23.749818
90130,40.739833,22.872751
60254,37.94642,23.738443
60260,38.043077,23.753526
340083,37.155724,25.472726
65966,37.953672,23.749776
66154,37.953992,23.751845
200156,35.484215,24.036394
490124,41.253934,23.334537
240111,35.326836,25.066795
240104,35.334337,25.118779
370079,35.20824,26.105293
340132,37.085997,25.149012
380030,39.104354,26.553049
480024,37.75345,26.978699
200017,35.513357,24.021674
120003,40.84542,25.873993
120008,40.847582,25.83469
120033,41.501716,26.531983
260091,40.937601,24.408921
260090,40.935751,24.394378
510038,41.139207,24.886779
280010,40.516673,21.253761
430013,40.79592,22.415238
360101,39.636192,22.421966
360043,39.639308,22.41592
360088,39.630483,22.409969
140006,38.987839,21.819779
150049,38.777666,22.784298
150077,38.809499,22.643476
90415,40.886788,23.182223
64023,37.936072,23.709675
70128,38.48023,22.584847
420032,37.691379,23.458204
65323,38.023097,23.741097
64885,38.011461,23.684871
65324,38.022809,23.741912
66828,37.744836,23.91023
60251,37.947083,23.715529
90073,40.61237,22.96756
90073,40.61237,22.96756
60091,38.064693,23.512836
60302,38.023857,23.457313
310023,40.993214,22.875728
490027,41.091556,23.548944
66024,37.944535,23.750592
66027,37.947142,23.751974
490027,41.091556,23.548944
30099,37.4174,23.345564
66042,37.945103,23.759787
65099,38.048129,23.841705
330242,40.507718,21.67436
330243,40.506926,21.675497
330244,40.507764,21.671543
150343,38.884949,22.450122
150344,38.880909,22.452034
250056,39.652178,20.842256
510131,41.13903,24.887972
63571,38.052577,23.758172
64926,38.007494,23.67548
64875,38.002308,23.685782
270094,39.503682,22.05377
60251,37.947083,23.715529
30090,37.520562,22.856579
100061,41.177993,23.971577
65024,38.024965,23.695379
63273,38.02551,23.693612
360133,39.678335,22.701824
64945,38.016055,23.682506
64953,38.015365,23.675732
190273,40.263429,23.218103
190274,40.262112,23.223848
420070,37.963323,23.61963
20022,38.623911,21.41029
20138,38.368997,21.431419
20148,38.393606,21.833529
520004,37.801616,20.830979
330230,40.513196,21.680117
330240,40.511568,21.672573
230038,40.523205,22.203688
230038,40.523205,22.203688
230038,40.523205,22.203688
470218,41.123566,25.392556
90953,40.610572,22.959848
510141,41.13639,24.890327
480046,37.711131,26.700796
290013,38.177861,20.487443
400146,39.24659,22.745803
250266,39.678511,20.835146
250267,39.679291,20.836533
60199,37.989594,23.665008
60199,37.989594,23.665008
60199,37.989594,23.665008
60199,37.989594,23.665008
66739,37.810031,23.973979
40348,37.507309,22.381179
490349,41.239776,23.394028
110226,36.180538,28.071941
120092,41.622417,26.422321
290013,38.177861,20.487443
300014,39.619755,19.919074
390009,38.833253,20.704361
520015,37.787826,20.899928
250058,39.66616,20.852682
250201,39.604886,20.860829
250056,39.652178,20.842256
10257,38.258667,21.744399
450042,38.955495,20.753068
80012,39.503707,20.263673
10016,38.251325,22.085218
10063,38.228231,21.762903
10130,38.206877,21.727355
10231,38.163666,21.667608
30014,37.633725,22.73001
30048,37.565198,22.801926
40119,37.507227,22.376137
510186,41.135862,24.881342
60817,37.834734,23.785874
360048,39.80043,22.495286
240192,35.338258,25.133549
320091,38.077926,22.63089
90108,40.540394,23.028096
90100,40.639976,22.934314
10381,38.206831,21.711192
250268,39.681313,20.836519
200113,35.496044,23.961569
250269,39.683256,20.832631
250270,39.684117,20.833634
250271,39.680441,20.829514
250272,39.679877,20.8375
420070,37.963323,23.61963
60251,37.947083,23.715529
60251,37.947083,23.715529
360009,39.74575,22.360131
61605,38.023291,23.679672
61607,38.024471,23.678189
510233,41.122364,24.868956
150185,38.589293,22.944945
130114,38.543405,23.990245
280008,40.520598,21.266574
65967,37.952615,23.749022
65968,37.952684,23.747109
280010,40.516673,21.253761
250058,39.66616,20.852682
64603,38.044212,23.676685
64606,38.044274,23.679529
250262,39.679945,20.823092
370079,35.20824,26.105293
66052,37.943672,23.744289
230015,40.517507,22.086914
320043,37.938625,22.930735
64468,38.04319,23.807262
64469,38.042868,23.807886
340316,36.390219,25.485716
150345,38.886849,22.437764
66156,37.956874,23.752976
60272,37.985864,23.72381
90109,40.615029,22.956364
60254,37.94642,23.738443
61606,38.023154,23.672074
290013,38.177861,20.487443
10258,38.234396,21.73088
410042,37.034498,22.111926
61758,38.027469,23.682493
450042,38.955495,20.753068
64464,38.040409,23.822112
300059,39.566305,19.866574
90061,40.670854,22.806344
64465,38.038819,23.819367
60671,37.981436,23.765738
64017,37.94619,23.7117
64020,37.94553,23.70858
150346,38.885957,22.438901
60665,37.984179,23.770259
60539,37.976762,23.76957
64085,37.952401,23.713341
60444,37.974518,23.77092
520043,37.729572,20.84465
63573,38.049832,23.756901
60170,37.889579,23.755293
60276,38.016111,23.736109
63599,38.063301,23.758911
110213,36.415401,28.138047
420070,37.963323,23.61963
380025,39.368847,26.171571
490061,41.236163,23.391612
520139,37.793464,20.851359
520141,37.786634,20.829831
64940,38.014566,23.686375
360004,39.719308,22.757545
50013,39.162147,20.985769
220081,37.673441,21.4379
320039,38.011051,22.751111
100081,41.166337,24.072553
60670,37.981744,23.766372
410162,36.965255,22.144223
220096,37.48473,21.648779
60202,37.961355,23.752121
80005,39.600138,20.307707
330051,40.032906,21.939391
63574,38.051598,23.757119
90955,40.608678,22.957623
63578,38.053777,23.755408
350089,37.074908,22.430664
510155,41.134793,24.891297
250273,39.680884,20.832062
420070,37.963323,23.61963
420070,37.963323,23.61963
64955,38.017423,23.676707
64959,38.018764,23.673785
64980,38.017909,23.681626
360036,39.842964,22.764873
90034,40.613632,22.685367
190275,40.25989,23.220999
320043,37.938625,22.930735
60524,37.970593,23.767941
30163,37.651302,22.728355
330236,40.509134,21.676437
30159,37.633725,22.73001
30162,37.649285,22.730362
380088,39.330651,26.308987
62922,37.997205,23.796123
70001,38.448474,22.996253
64239,37.946906,23.671203
10117,37.898823,22.124914
110143,37.321855,26.542697
90559,40.58903,23.023889
90560,40.586454,23.022079
66817,37.743412,23.90652
280114,40.464363,21.310773
280115,40.468907,21.310039
66418,37.964376,23.725013
250082,39.548674,21.011355
61602,38.022996,23.677259
61604,38.026037,23.673192
110213,36.415401,28.138047
110070,36.953039,26.980266
110097,36.892389,27.290065
240105,35.341156,25.136336
110219,36.413493,28.210201
370035,35.009385,25.739336
240103,35.328471,25.136269
340166,36.419793,25.432418
340122,37.449801,25.33006
340127,37.103607,25.375428
340161,37.444931,24.943758
210006,38.371315,26.136303
200016,35.51137,24.013618
460051,35.364052,24.477255
100019,41.151761,24.138448
310030,40.997812,22.570212
61756,38.024686,23.675498
65969,37.958228,23.751363
65972,37.958039,23.750741
66153,37.955727,23.751646
65971,37.958052,23.749542
66152,37.957177,23.751799
62397,38.105912,23.833079
420039,37.268018,23.154927
60202,37.961355,23.752121
250263,39.678713,20.819274
60202,37.961355,23.752121
60202,37.961355,23.752121
120072,41.270002,26.388736
400033,39.495758,22.886323
60240,38.080073,23.736107
340317,36.380171,25.480707
64932,38.012602,23.675173
64931,38.012233,23.676555
60287,37.980569,23.736412
60287,37.980569,23.736412
64930,38.012835,23.677233
64928,38.010305,23.676211
200001,35.455361,23.913692
65965,37.954209,23.748449
200155,35.475948,24.03866
66155,37.95346,23.753265
66444,37.97672,23.742093
63027,37.997543,23.772222
320118,37.976901,22.977173
50032,39.112636,21.208783
50147,39.075771,21.128086
50021,39.162147,20.985769
240112,35.299279,25.148102
110179,36.450091,28.222448
370006,35.189506,25.718565
470144,41.119997,25.418855
350028,36.527252,23.087685
90785,40.681447,22.944651
64863,38.009202,23.678213
64869,38.010489,23.688072
64872,38.006457,23.687776
64874,38.006343,23.686001
64022,37.943792,23.707002
330241,40.509969,21.671769
300014,39.619755,19.919074
60664,37.983751,23.769422
250261,39.681463,20.822776
60298,37.766157,24.074709
60200,37.993717,23.766011
60797,37.835792,23.774715
420070,37.963323,23.61963
60487,37.973707,23.775291
60491,37.97392,23.774328
64238,37.946873,23.669042
380029,39.876848,25.060232
240112,35.299279,25.148102
60081,37.985357,23.73388
340262,37.43814,25.33376
60262,37.997519,23.716955
340166,36.419793,25.432418
60310,38.136718,23.832355
90094,40.654458,22.926833
10830,38.158472,22.342887
61618,38.026584,23.679627
420051,37.964821,23.497938
130265,38.359907,23.637167
60240,38.080073,23.736107
420046,37.945997,23.646649
61599,38.025079,23.680436
61621,38.028108,23.675986
410134,36.958775,22.243874
64951,38.019201,23.681846
380042,39.081404,26.183963
230038,40.523205,22.203688
65258,38.017159,23.755317
65222,38.018148,23.755883
320122,37.925027,23.019123
60579,37.97813,23.765883
65951,37.95663,23.750489
66160,37.951914,23.751861
65954,37.955024,23.746737
66159,37.952904,23.7525
120003,40.84542,25.873993
65958,37.952848,23.750105
240103,35.328471,25.136269
240103,35.328471,25.136269
66158,37.954676,23.754085
61622,38.028048,23.674172
350145,36.623829,22.389143
63603,38.056954,23.748881
360088,39.630483,22.409969
320123,37.92806,23.142784
61619,38.026823,23.67733
61612,38.0258,23.675412
200113,35.496044,23.961569
65213,38.019922,23.756765
65249,38.017457,23.756881
65250,38.014372,23.749152
200110,35.533339,24.076951
20629,38.352587,21.625589
90513,40.575347,22.967142
150046,38.998708,22.354486
60288,37.942475,24.009749
90073,40.61237,22.96756
360043,39.639308,22.41592
500062,39.585391,21.794906
270063,39.173254,22.006554
66165,37.95108,23.751586
320124,38.048057,22.685518
63332,38.097461,23.822696
360088,39.630483,22.409969
10316,38.195964,21.701301
60034,38.045126,23.804014
500130,39.560453,21.769054
63004,38.004558,23.786662
65218,38.019143,23.758393
65251,38.016112,23.756707
65219,38.021219,23.755132
64363,38.136185,23.756881
66631,38.018461,23.727459
66630,38.017069,23.726594
100019,41.151761,24.138448
250120,39.695325,20.848322
62255,37.92613,23.714733
60304,37.883295,23.935476
130250,38.514071,23.639048
60499,37.977466,23.772025
60500,37.97839,23.77009
60017,37.964376,23.725013
50013,39.162147,20.985769
60331,38.23965,23.79669
350202,36.831999,22.696999
66164,37.953644,23.754099
250476,39.520786,21.117505
340435,37.593867,25.070168
10054,38.099117,22.317808
63012,38.00515,23.767901
66162,37.952183,23.753069
10172,37.939219,21.570936
65950,37.953355,23.748303
66161,37.954876,23.750946
60286,37.979561,23.726586
63177,38.021231,23.831182
66579,38.005253,23.724762
66580,38.004263,23.725442
64365,38.14006,23.756386
63211,38.141378,23.750536
400128,39.327245,22.923281
130631,38.959943,24.500872
330288,40.134057,21.738012
160077,40.781714,21.482617
60017,37.964376,23.725013
380024,39.133887,25.997244
330097,40.060394,21.866085
91431,40.710681,23.040348
64141,37.945099,23.723148
61419,37.858106,23.753177
20643,38.607673,21.49751
20138,38.368997,21.431419
60307,37.724808,23.944946
190105,40.038988,23.944217
40049,37.417069,22.367657
60076,37.807444,23.977684
60300,37.831632,23.864347
90092,40.465349,22.860726
61216,37.886998,23.753919
420071,37.952937,23.630392
420071,37.952937,23.630392
240104,35.334337,25.118779
200017,35.513357,24.021674
90097,40.647624,22.946779
10294,38.295248,21.789841
200016,35.51137,24.013618
130632,38.916348,24.469385
440065,40.226028,22.469284
250307,39.681903,20.823401
62070,38.102146,23.845296
90049,40.503906,22.926587
90049,40.503906,22.926587
64662,38.064406,23.718139
90120,40.624129,22.736696
90121,40.663739,22.712645
40523,37.441037,22.612027
63080,38.021137,23.833863
60145,38.020437,24.006723
40213,37.345627,22.761482
64680,38.058562,23.738063
65111,37.865622,23.851278
270170,39.254835,22.05538
60211,37.989242,23.751498
480103,37.68881,26.942239
60544,37.973118,23.766531
10238,38.245369,21.735276
10391,38.193158,21.712661
260046,40.779688,24.709862
64671,38.053311,23.734778
66445,37.978236,23.741907
65256,38.014199,23.74987
65220,38.020717,23.756158
65257,38.017043,23.757896
60565,37.977478,23.766039
90110,40.730702,22.917343
60007,38.193737,23.854037
130256,38.471441,23.64872
60498,37.977841,23.77033
60261,38.073584,23.813245
62402,38.101434,23.883781
60261,38.073584,23.813245
40062,37.288852,22.354471
60211,37.989242,23.751498
60211,37.989242,23.751498
10382,38.201557,21.703566
10450,38.208638,21.725897
490201,41.08364,23.554667
490203,41.083919,23.55416
10385,38.199662,21.701554
10323,38.193758,21.697661
10386,38.197111,21.69689
10390,38.193984,21.712425
10387,38.194917,21.700946
330042,40.299228,21.792746
330042,40.299228,21.792746
330042,40.299228,21.792746
60566,37.978211,23.769156
60571,37.976641,23.768437
66585,38.005103,23.723207
66614,38.019148,23.722892
150195,39.070962,22.545009
150145,38.905935,22.509392
63208,38.130264,23.762531
330134,40.256301,21.913362
60262,37.997519,23.716955
500142,39.70816,21.693805
380069,39.223582,26.047733
64972,38.014892,23.682785
63275,38.026447,23.691304
310023,40.993214,22.875728
63254,38.02405,23.69017
10268,38.137937,21.589314
63041,37.996363,23.774118
63033,37.997269,23.777956
63088,38.02553,23.833973
130269,38.397246,23.620968
60023,38.247618,23.697564
210006,38.371315,26.136303
330042,40.299228,21.792746
61032,37.916803,23.731667
110233,36.024452,27.921141
10140,38.205988,22.0624
410042,37.034498,22.111926
110179,36.450091,28.222448
460083,35.366751,24.525349
63210,38.112085,23.759242
20345,38.868739,20.802229
240105,35.341156,25.136336
240105,35.341156,25.136336
200120,35.523167,23.847362
360071,39.759193,22.579192
190078,39.987516,23.616935
70110,38.341513,23.673103
330083,40.513196,21.680117
65223,38.022752,23.754427
130249,38.633333,24.103557
10238,38.245369,21.735276
10238,38.245369,21.735276
91471,40.625971,23.493354
90116,40.495495,22.986868
90073,40.61237,22.96756
60263,37.972506,23.647313
60200,37.993717,23.766011
340031,37.836826,24.936311
62406,38.096187,23.880528
64682,38.060109,23.736811
60170,37.889579,23.755293
61184,37.891601,23.774293
510073,41.10623,24.865984
250275,39.68319,20.834757
250276,39.681991,20.833936
420035,37.500276,23.452339
80075,39.528636,20.330592
10126,38.239045,21.983991
210034,38.404552,26.132212
40070,37.63459,21.874756
250308,39.687609,20.812152
10346,38.214617,21.732832
90093,40.42387,22.925093
66446,37.976676,23.742668
190020,40.240536,23.284456
91464,40.627248,23.055295
20387,38.472137,21.668592
400093,39.149254,23.192864
150066,38.862133,22.198894
210006,38.371315,26.136303
61552,37.991192,23.876419
520051,37.816716,20.864502
520060,37.763342,20.926071
380186,39.106017,26.558664
10383,38.202966,21.704819
10434,38.211942,21.7188
350358,37.074908,22.430664
250277,39.685437,20.83231
250278,39.681488,20.829769
500116,39.847529,21.691941
120276,41.645567,26.475641
10388,38.197005,21.698269
130266,38.575784,24.061356
380091,39.212465,26.461758
64673,38.05613,23.733299
66448,37.979127,23.744713
260090,40.935751,24.394378
150152,38.759488,22.859147
60572,37.979454,23.763451
60573,37.979003,23.765287
60574,37.978,23.764307
65221,38.018905,23.756628
60252,38.154856,23.964179
60262,37.997519,23.716955
360101,39.636192,22.421966
360101,39.636192,22.421966
360101,39.636192,22.421966
360101,39.636192,22.421966
10384,38.198607,21.708914
460028,35.358543,24.571014
280091,40.435057,21.327678
450042,38.955495,20.753068
10201,37.987783,21.573125
210006,38.371315,26.136303
320020,37.808225,22.869352
250120,39.695325,20.848322
240103,35.328471,25.136269
220035,37.657706,21.319241
10317,38.189084,21.690563
64354,38.119184,23.745348
64356,38.116518,23.756323
90037,40.748454,23.069701
90098,40.585098,22.9597
400078,39.361904,22.946673
400078,39.361904,22.946673
64349,38.123668,23.754666
430101,40.804019,22.045246
60268,38.283837,23.86524
60263,37.972506,23.647313
62404,38.098184,23.888064
90102,40.766373,22.709441
380063,39.907737,25.200781
63261,38.02282,23.692824
120211,40.848246,25.849978
470112,41.117564,25.414709
63260,38.027611,23.691169
440004,40.189198,22.482211
65948,37.956899,23.749598
360004,39.719308,22.757545
10342,38.21395,21.729012
62988,37.996853,23.77831
62998,37.995878,23.778733
63122,38.011949,23.843079
200151,35.520056,23.879344
64357,38.114524,23.751018
66633,38.008984,23.729492
64359,38.112642,23.749989
61219,37.886089,23.75234
300014,39.619755,19.919074
60263,37.972506,23.647313
380180,39.112239,26.549429
66599,38.014028,23.721437
66610,38.018195,23.72523
66607,38.018879,23.72055
60014,37.994463,23.674592
60014,37.994463,23.674592
60014,37.994463,23.674592
65926,38.083416,23.806637
520142,37.79917,20.798116
430013,40.79592,22.415238
65259,38.017121,23.758943
60580,37.978391,23.765867
60262,37.997519,23.716955
280008,40.520598,21.266574
120008,40.847582,25.83469
90094,40.654458,22.926833
60272,37.985864,23.72381
62075,37.962081,23.913579
400082,39.366872,22.954572
400082,39.366872,22.954572
63523,38.071921,23.78668
100131,41.142186,24.144579
250294,39.677876,20.83486
250295,39.67943,20.833397
65927,38.084822,23.805684
65934,38.08939,23.802123
60485,37.972188,23.776243
63866,38.0056,23.868569
63898,37.833736,23.812085
64678,38.058607,23.733959
380184,39.107277,26.557952
64679,38.057271,23.737922
60262,37.997519,23.716955
280001,40.455143,21.257794
60218,38.112772,23.981113
60250,37.790985,23.880972
520052,37.811773,20.872401
520143,37.793998,20.780167
220081,37.673441,21.4379
410078,37.052502,22.008352
60301,38.00499,23.424833
10392,38.198835,21.714775
250305,39.674858,20.815418
120278,41.645245,26.473817
60256,38.031404,23.709343
60195,37.97626,23.710291
380185,39.108119,26.558976
60251,37.947083,23.715529
63957,37.815721,23.79939
320039,38.011051,22.751111
410138,36.824975,22.280632
60578,37.978788,23.766705
320118,37.976901,22.977173
520144,37.795905,20.817254
520146,37.823139,20.771441
520147,37.836516,20.781102
520148,37.818159,20.762689
240103,35.328471,25.136269
360081,39.623152,22.5332
490064,41.184383,23.281635
400136,39.004097,22.96624
50134,39.142507,20.966867
400064,39.163847,23.487525
360088,39.630483,22.409969
240103,35.328471,25.136269
66163,37.955675,23.753643
60156,37.962081,23.913579
60195,37.97626,23.710291
64362,38.133523,23.753907
260071,40.963524,24.512518
370074,35.097472,25.688694
30092,37.597701,22.841004
60262,37.997519,23.716955
60262,37.997519,23.716955
110081,35.505851,27.210922
90077,40.480945,23.138748
60439,37.978567,23.765978
66604,38.015415,23.722135
420120,37.957766,23.630119
150182,38.955348,22.9676
420186,37.95692,23.633828
10238,38.245369,21.735276
420071,37.952937,23.630392
420071,37.952937,23.630392
90131,40.690955,22.999752
66166,37.959108,23.751093
62338,37.929342,23.710394
410160,36.860642,21.921675
90438,40.545867,23.020418
65949,37.95526,23.748222
30014,37.633725,22.73001
280040,40.414183,21.380343
60262,37.997519,23.716955
60262,37.997519,23.716955
240393,35.021622,25.512889
30039,37.378821,23.159472
400109,39.2666,23.287736
80012,39.503707,20.263673
400132,39.374487,22.934747
10238,38.245369,21.735276
62291,37.929776,23.68991
62332,37.927145,23.701533
66151,37.958572,23.752359
60663,37.983364,23.768636
63865,38.005786,23.870332
63858,38.003013,23.886041
60486,37.972026,23.777229
110070,36.953039,26.980266
130508,38.380801,23.629703
250240,39.509473,21.14587
290013,38.177861,20.487443
60200,37.993717,23.766011
250031,39.548674,21.011355
210058,38.5725,25.943861
80005,39.600138,20.307707
200123,35.519556,23.928857
61414,37.861492,23.751072
330071,40.197672,21.141525
70307,38.494695,22.987938
90572,40.680471,22.794793
63885,37.830999,23.801337
10200,37.939075,21.677232
61445,37.861402,23.755158
330102,40.262266,21.325431
61423,37.854374,23.752989
90774,40.712813,23.031705
470155,41.104278,25.426965
470157,41.096477,25.455349
470162,41.089748,25.408161
60269,38.214113,23.875824
63485,38.065003,23.770181
64192,37.949081,23.673412
460172,35.362985,24.487331
66134,37.966518,23.90886
90073,40.61237,22.96756
90763,40.839506,22.65265
260199,40.941891,24.408844
150287,38.894965,22.427932
150288,38.894158,22.429906
150294,38.896725,22.427365
64049,37.934367,23.710928
50013,39.162147,20.985769
120011,41.348682,26.493696
90072,40.633778,22.944027
320118,37.976901,22.977173
130518,38.406545,23.607171
320091,38.077926,22.63089
380164,39.098584,26.55328
380179,39.1157,26.552746
380165,39.09709,26.551078
90119,40.754821,23.131
380166,39.096955,26.553027
380167,39.097062,26.556081
380178,39.113153,26.551662
60079,37.972769,23.221518
67126,38.043077,23.753526
64272,37.955243,23.660945
190157,40.36673,23.66493
420066,37.538723,23.291253
220081,37.673441,21.4379
420336,37.94211,23.643967
270004,39.119668,22.097442
60281,37.866011,23.746916
420339,37.941872,23.643081
61147,37.897175,23.762048
70306,38.49348,22.985329
320039,38.011051,22.751111
30014,37.633725,22.73001
62427,38.118149,23.875612
62428,38.114994,23.88289
170003,38.365301,22.293602
240189,35.342124,25.134319
63835,38.006723,23.882897
66511,37.966037,23.770315
150149,38.606496,22.714329
410322,36.957203,21.789099
200063,35.398937,24.103608
64494,38.041636,23.688734
64654,38.037029,23.667463
220031,37.634677,21.670633
150038,38.710324,22.934973
410346,36.994842,22.155702
90049,40.503906,22.926587
90109,40.615029,22.956364
220010,37.484398,21.905548
250056,39.652178,20.842256
64528,38.042903,23.68368
60034,38.045126,23.804014
64072,37.952719,23.714769
50125,39.37182,21.18361
360132,39.523636,22.366705
64078,37.950576,23.719
64538,38.048298,23.680267
490146,41.081089,23.534998
64645,38.032293,23.673232
190026,40.324998,23.983043
61393,37.871613,23.737489
64823,38.002656,23.693633
180024,40.084763,21.425523
220002,37.860524,21.649318
60192,37.997205,23.796123
420342,37.941308,23.644405
340303,37.012746,25.235307
130149,38.596476,23.549114
380159,39.135667,26.503667
20313,38.471239,21.26001
230087,40.629465,22.062136
230112,40.625104,22.068711
200080,35.292633,23.644195
90959,40.609105,22.96153
40060,37.45529,22.409489
470124,41.121748,25.401064
490139,41.079936,23.547112
470119,41.111206,25.405781
490147,41.081909,23.529671
510094,41.139304,24.888621
64541,38.043909,23.683871
64644,38.031496,23.672196
10515,38.22656,21.743957
130256,38.471441,23.64872
350198,36.860564,22.706113
130059,38.462286,23.594232
130059,38.462286,23.594232
340359,37.483623,25.321474
60459,37.974801,23.777666
60467,37.975432,23.774712
130059,38.462286,23.594232
61514,38.074232,23.786578
130019,38.410493,24.037125
40245,37.681935,22.025803
160021,40.834785,21.139161
63926,37.832474,23.823304
470120,41.109953,25.403377
470172,41.126982,25.397859
470173,41.125649,25.396148
280110,40.504416,21.252038
60316,38.335955,23.723965
220132,37.853898,21.256621
150295,38.894587,22.434877
150289,38.901441,22.431399
420328,37.942986,23.645697
420331,37.94244,23.645318
90073,40.61237,22.96756
90106,40.584704,23.031382
90100,40.639976,22.934314
120033,41.501716,26.531983
310023,40.993214,22.875728
68035,37.972506,23.647313
30048,37.565198,22.801926
30048,37.565198,22.801926
300042,39.777217,19.74763
190296,40.307962,23.085105
380168,39.095525,26.549813
63556,38.048605,23.765569
62938,38.008146,23.796082
66481,37.968601,23.756439
150406,38.891964,22.724352
170125,38.346011,22.210829
60233,37.952261,23.705442
500391,39.496612,21.784151
260016,40.858927,24.706217
67127,38.043077,23.753526
67128,38.043077,23.753526
67129,38.043077,23.753526
64305,37.960151,23.688948
90109,40.615029,22.956364
90098,40.585098,22.9597
90022,40.558248,22.987884
90103,40.597768,22.965018
60277,38.130942,23.858555
91417,40.630467,23.207292
250247,39.549216,20.871055
330149,40.328037,21.711423
40119,37.507227,22.376137
130510,38.380978,23.627501
67241,38.069396,23.698765
190028,40.37895,23.440378
63836,38.00551,23.883972
63839,38.003941,23.896451
360088,39.630483,22.409969
50200,39.15513,20.985448
230052,40.557482,22.472179
64498,38.042003,23.685979
64502,38.043077,23.688294
64651,38.0378,23.669522
220007,37.795263,21.349432
64504,38.044106,23.689361
60369,38.057105,23.259484
220122,37.519651,21.845379
420077,37.936331,23.637656
230113,40.625484,22.06661
120011,41.348682,26.493696
60212,38.053502,23.767037
70055,38.308805,23.63758
410042,37.034498,22.111926
130511,38.375945,23.628607
300014,39.619755,19.919074
240103,35.328471,25.136269
190049,40.42469,23.324282
60831,37.840744,23.765322
60199,37.989594,23.665008
400082,39.366872,22.954572
400082,39.366872,22.954572
61185,37.896888,23.772793
61222,37.88627,23.759966
60251,37.947083,23.715529
330083,40.513196,21.680117
330083,40.513196,21.680117
340271,37.114468,25.207352
200287,35.505911,24.017821
200288,35.506901,24.014619
340273,37.11564,25.246056
340301,37.093237,25.244442
60277,38.130942,23.858555
310023,40.993214,22.875728
90094,40.654458,22.926833
90880,40.6396,22.94806
200051,35.470284,23.601116
90881,40.640498,22.950108
30048,37.565198,22.801926
65404,38.013854,23.671974
260221,40.937224,24.42425
60805,37.841479,23.782065
60297,37.844169,23.927833
60256,38.031404,23.709343
470232,41.090768,25.14952
10330,38.220314,21.745792
410042,37.034498,22.111926
90022,40.558248,22.987884
250280,39.647489,20.843489
380176,39.0973,26.547554
360043,39.639308,22.41592
90775,40.699974,23.049525
90863,40.705961,23.040339
510084,40.933267,24.947513
91418,40.628671,23.218657
91415,40.635046,23.246331
63930,37.822789,23.803817
60257,37.98226,23.763051
60212,38.053502,23.767037
110192,36.614986,27.83478
420008,37.747941,23.429644
470134,41.129942,25.39324
67130,38.043077,23.753526
220092,37.671912,21.501509
420332,37.942405,23.645242
420333,37.943071,23.643556
410185,37.130429,21.874585
430013,40.79592,22.415238
64012,37.933605,23.711366
130571,38.393524,23.801162
64021,37.9466,23.70568
240139,34.999689,25.382183
320033,37.951321,22.563259
430017,40.787125,22.235057
290030,38.22899,20.47573
360139,39.91579,22.147005
50225,39.165798,21.032562
50226,39.167327,21.032282
50227,39.166815,21.033949
450042,38.955495,20.753068
60257,37.98226,23.763051
60257,37.98226,23.763051
60212,38.053502,23.767037
490359,41.143758,23.442633
60145,38.020437,24.006723
66141,38.125476,23.795107
67120,38.03935,23.765339
64306,37.957026,23.68309
64308,37.959482,23.688387
67131,38.043077,23.753526
64310,37.96018,23.684516
64313,37.960546,23.691815
60261,38.073584,23.813245
500396,39.519673,21.712402
90072,40.633778,22.944027
90957,40.609023,22.95815
50054,39.190724,21.135069
400021,39.376266,23.047621
20325,38.861738,21.165653
130134,38.899016,23.42504
60200,37.993717,23.766011
410042,37.034498,22.111926
290085,38.114948,20.522703
490033,41.285936,23.034137
63840,38.005615,23.902791
50201,39.156627,20.985661
240013,35.23137,25.43263
360112,39.838819,22.100863
330007,40.281602,22.114789
50203,39.152163,20.985474
64650,38.040997,23.66921
64511,38.042921,23.684174
60264,37.957945,23.731942
60233,37.952261,23.705442
60293,38.005789,23.876095
60136,37.963987,23.571556
60194,37.956481,23.650933
150243,38.92987,22.419854
200282,35.511182,24.019396
60257,37.98226,23.763051
200283,35.510815,24.020245
200284,35.509792,24.019914
320118,37.976901,22.977173
200295,35.504302,24.019907
90962,40.607779,22.957689
250058,39.66616,20.852682
410042,37.034498,22.111926
250058,39.66616,20.852682
130512,38.37393,23.627619
250056,39.652178,20.842256
62425,38.114351,23.87224
120375,40.858894,25.943624
65862,38.025649,23.809857
60263,37.972506,23.647313
110041,36.222235,27.61205
420345,37.940953,23.643575
420347,37.941607,23.642418
340302,37.123099,25.262977
200289,35.506177,24.014
410148,36.818293,21.706503
410189,37.24508,21.831291
200290,35.510435,24.021618
270062,39.338094,22.096729
270140,39.470393,22.083521
200291,35.50809,24.022037
90882,40.638592,22.9499
90883,40.635649,22.949876
40262,37.36833,22.380208
400064,39.163847,23.487525
340031,37.836826,24.936311
60450,37.971485,23.780651
60456,37.973284,23.779125
110213,36.415401,28.138047
90100,40.639976,22.934314
90100,40.639976,22.934314
90100,40.639976,22.934314
60803,37.844066,23.781252
60802,37.833182,23.772771
430013,40.79592,22.415238
240100,35.234087,25.158503
360043,39.639308,22.41592
60469,37.976424,23.775143
60473,37.97757,23.774912
410181,36.878242,21.788156
60482,37.97124,23.776144
70167,38.299739,23.30971
63953,37.820989,23.793582
90051,40.516747,23.284268
91419,40.626627,23.215529
100235,41.098112,24.114826
470156,41.098592,25.445097
250315,39.577356,20.614614
110026,36.547647,26.352359
60233,37.952261,23.705442
440006,40.270983,22.511121
360026,39.293092,22.382997
60261,38.073584,23.813245
20101,38.456958,21.607553
50233,39.165995,20.931164
63996,37.933662,23.713705
250058,39.66616,20.852682
250056,39.652178,20.842256
250058,39.66616,20.852682
250058,39.66616,20.852682
300014,39.619755,19.919074
90037,40.748454,23.069701
50013,39.162147,20.985769
90117,40.470384,22.968759
340171,37.539835,25.162117
340073,36.719901,25.280434
110619,35.917027,27.778744
65095,38.04788,23.844062
380163,39.100434,26.55329
270176,39.376464,22.142144
130257,38.471138,23.582985
66754,37.796541,23.876069
90094,40.654458,22.926833
90094,40.654458,22.926833
67122,38.043077,23.753526
66142,38.123242,23.792631
67125,38.043077,23.753526
10231,38.163666,21.667608
420051,37.964821,23.497938
67133,38.043077,23.753526
50234,39.164523,20.928716
240099,35.258271,25.235554
60200,37.993717,23.766011
60156,37.962081,23.913579
350089,37.074908,22.430664
410078,37.052502,22.008352
130059,38.462286,23.594232
170004,38.527876,22.378299
150058,38.901441,22.431399
70049,38.438987,22.880481
70055,38.308805,23.63758
300014,39.619755,19.919074
66526,37.966067,23.767076
60801,37.839717,23.778115
60800,37.840455,23.776093
10129,38.095807,21.418289
210051,38.565217,25.860306
430061,41.028564,22.079852
90099,40.635633,22.954865
280161,40.404764,21.177592
410331,37.100209,22.234582
250201,39.604886,20.860829
150181,39.138899,22.379516
10335,38.096239,22.161901
420352,37.946398,23.641009
64649,38.040288,23.669838
90099,40.635633,22.954865
90079,40.591439,22.957607
410136,37.250576,21.668968
20410,38.393606,21.833529
170004,38.527876,22.378299
320373,38.077926,22.63089
240107,35.329411,25.258962
160056,40.69151,21.680592
70074,38.321362,23.317261
500038,39.706242,21.621678
90073,40.61237,22.96756
90106,40.584704,23.031382
370079,35.20824,26.105293
200285,35.507994,24.018796
200286,35.506734,24.017785
60194,37.956481,23.650933
90131,40.690955,22.999752
500038,39.706242,21.621678
62426,38.118076,23.87217
140193,38.794923,21.850397
64822,38.00119,23.693904
420340,37.941553,23.643927
420341,37.941679,23.644482
370083,35.077222,25.943153
20143,38.824072,21.325867
64820,38.00417,23.694593
170077,38.708687,22.257614
90073,40.61237,22.96756
90073,40.61237,22.96756
90878,40.63866,22.949765
260072,40.964368,24.354874
200292,35.50478,24.017766
64375,37.719263,24.037868
90879,40.639147,22.9488
300014,39.619755,19.919074
320039,38.011051,22.751111
270036,39.429774,21.663682
90097,40.647624,22.946779
440006,40.270983,22.511121
60155,37.671583,24.046819
61499,38.051168,23.74941
60287,37.980569,23.736412
20641,38.576988,21.668767
60253,38.010207,23.723574
63502,38.067748,23.773151
63529,38.048114,23.771421
90049,40.503906,22.926587
90049,40.503906,22.926587
360109,39.618744,22.349217
120150,40.856861,25.879331
10516,38.222705,21.738459
10517,38.224822,21.733938
240040,35.209203,25.337265
340337,36.433873,25.427569
130243,38.799471,23.476539
340338,36.457192,25.419686
61734,37.92047,23.732779
130074,38.43877,23.884998
450003,39.311011,20.355717
63890,37.830553,23.82256
30176,37.448391,23.130499
62113,38.050099,23.799984
60027,38.023176,23.802156
62114,38.04922,23.804898
61688,37.924911,23.735871
60027,38.023176,23.802156
410185,37.130429,21.874585
170034,38.413425,21.976036
20681,38.657361,21.837642
330204,40.232857,21.749234
63558,38.047225,23.766791
60199,37.989594,23.665008
65262,38.015884,23.759541
63560,38.049123,23.76414
60403,38.09723,23.770047
90241,40.570872,22.97015
64533,38.04686,23.68289
120167,40.858419,25.869243
410042,37.034498,22.111926
61305,37.87491,23.75854
120225,40.850294,25.879413
120185,40.852624,25.88261
460252,35.157896,24.7358
63929,37.835728,23.8283
30025,37.722982,22.726647
63933,37.820399,23.80235
63934,37.820269,23.802147
62061,38.102731,23.843035
380187,39.105285,26.559497
500039,39.627461,21.292736
520138,37.835503,20.819259
430053,40.83531,22.391412
490071,40.907864,23.501769
250201,39.604886,20.860829
420369,37.763279,23.427014
420370,37.75916,23.436429
470129,41.12032,25.394545
240106,35.332044,25.18688
490143,41.083127,23.537615
90072,40.633778,22.944027
190071,40.095787,23.784827
90107,40.658852,22.992553
40082,37.613736,22.464719
67863,38.102015,23.665983
60286,37.979561,23.726586
63568,38.052145,23.759189
240105,35.341156,25.136336
340198,37.60174,25.147127
64686,38.063211,23.73897
380188,39.106071,26.559992
350239,37.087444,22.425143
64689,38.04445,23.727822
64690,38.049772,23.731904
64052,37.93822,23.709451
64074,37.950455,23.71023
470130,41.121686,25.396707
420412,37.500276,23.452339
420415,37.537871,23.207434
90097,40.647624,22.946779
90097,40.647624,22.946779
65672,37.944521,23.688728
65674,37.942848,23.689429
90340,40.609427,22.986078
220007,37.795263,21.349432
410179,37.199007,21.892945
65077,37.975627,23.743067
65079,37.968999,23.748815
60275,38.108261,23.880253
220099,37.568917,21.7865
450070,39.312039,20.793541
130139,38.588839,23.767229
420196,37.946411,23.626224
420197,37.946374,23.629933
60196,38.006701,23.776359
60196,38.006701,23.776359
430066,40.783977,22.084559
90049,40.503906,22.926587
200017,35.513357,24.021674
200017,35.513357,24.021674
200017,35.513357,24.021674
380152,39.094173,26.553676
64452,38.048959,23.800899
66043,37.948098,23.759442
65675,37.943606,23.688165
65677,37.945668,23.686161
65678,37.946251,23.684858
65679,37.944181,23.68648
65680,37.944663,23.685697
240290,35.145665,25.26526
65681,37.941667,23.689235
30112,37.518418,22.963942
61753,37.924965,23.731377
66139,38.126867,23.790085
60449,37.972224,23.780218
60494,37.975776,23.771326
60455,37.975133,23.778839
64245,37.945924,23.671336
64263,37.956205,23.661551
66140,38.130075,23.793357
90117,40.470384,22.968759
180014,39.923404,21.81157
60483,37.971404,23.777658
120205,40.85319,25.866862
10518,38.225021,21.737766
10519,38.22194,21.738234
10520,38.221433,21.734747
360249,39.621937,22.426061
450102,38.949831,20.732955
200330,35.506712,23.99406
520058,37.772984,20.904237
62110,38.051457,23.802083
60138,38.011598,23.826201
200334,35.502892,24.000996
170008,38.701275,22.175536
64379,37.889579,23.755293
62117,38.047167,23.805599
340322,36.354422,25.470648
340323,36.35831,25.396058
190001,40.249877,23.698837
60587,37.979328,23.76904
63648,37.947893,23.856716
64646,38.038162,23.671714
30098,37.387293,23.246065
10231,38.163666,21.667608
490134,41.077973,23.555952
490135,41.085093,23.543517
260091,40.937601,24.408921
90073,40.61237,22.96756
120208,40.857282,25.872036
330132,40.164782,21.817263
470104,41.122002,25.405763
64478,38.036126,23.81045
61385,37.869714,23.7492
61340,37.864266,23.76303
460112,35.354601,24.436198
60314,37.665177,23.986962
240178,35.323565,25.174101
90001,40.672834,22.602957
63939,37.819502,23.802036
400101,39.224835,23.218996
460138,35.219487,24.534535
63645,37.956849,23.860477
60590,37.980757,23.768094
60596,37.97978,23.765106
60597,37.980073,23.766157
63649,37.949291,23.855221
63654,37.948361,23.870015
90097,40.647624,22.946779
420327,37.945565,23.642803
90022,40.558248,22.987884
10513,38.222846,21.744457
230016,40.535631,22.132683
220133,37.863939,21.207637
230014,40.51885,22.16411
440282,40.025095,22.581491
64475,38.037668,23.807168
64476,38.039754,23.801993
61372,37.878607,23.754428
60442,37.972347,23.779267
470122,41.119478,25.39768
440024,40.399598,22.393443
240287,35.145855,25.135976
470131,41.113628,25.388579
520168,37.759436,20.890955
30313,37.613349,23.035716
390009,38.833253,20.704361
90205,40.803588,22.776778
360343,39.717628,22.751417
360183,39.613732,22.413947
64547,38.044716,23.679114
64558,38.039661,23.698104
120033,41.501716,26.531983
90372,40.598137,22.984679
360158,39.639308,22.41592
64530,38.045239,23.683909
420195,37.94788,23.626368
64789,38.015385,23.699209
440263,40.103356,22.555888
260085,40.950713,24.639478
120186,40.8533,25.887568
280022,40.515731,21.083514
340513,37.085997,25.149012
60332,38.239459,23.883967
470118,41.11655,25.395967
120098,41.480493,26.394965
66881,38.010426,23.737076
100083,41.189193,24.107068
60463,37.974354,23.778145
60465,37.976556,23.775816
60488,37.973269,23.77492
63028,37.995019,23.776219
64556,38.040675,23.69703
64746,38.014162,23.700251
64747,38.013973,23.701828
64765,38.016338,23.699775
200273,35.506782,24.02668
10713,38.055211,21.859535
360161,40.023586,22.241561
320147,37.981564,22.511531
300093,39.681032,19.73559
90591,40.551717,22.999507
300087,39.624876,19.889453
62160,38.056357,23.80182
62206,38.061002,23.803786
150058,38.901441,22.431399
150058,38.901441,22.431399
150058,38.901441,22.431399
63561,38.048479,23.762244
63562,38.049213,23.762236
90374,40.597455,22.993221
460054,35.32479,24.336992
10521,38.228698,21.74878
60081,37.985357,23.73388
280019,40.503179,21.156713
50199,39.154218,20.977102
50202,39.153883,20.983749
66745,37.797886,23.871178
120262,41.693302,26.133428
90129,40.706222,22.540265
340311,36.354874,25.472126
310143,41.008974,22.795459
250142,39.582772,20.696076
20159,38.499892,21.841911
350377,36.603697,22.909706
63984,37.934918,23.716266
62178,38.052307,23.793563
130108,38.763994,23.322735
340325,36.3566,25.474545
64453,38.048261,23.800563
63672,37.95245,23.848894
63651,37.950145,23.858699
63674,37.955502,23.8493
90387,40.594698,22.987352
490127,41.08312,23.54459
90394,40.595621,22.989113
64537,38.047828,23.681372
310071,41.258342,22.83149
10257,38.258667,21.744399
60253,38.010207,23.723574
60435,37.974977,23.776859
91331,40.61261,23.099287
91332,40.616334,23.095323
64480,38.035662,23.814279
50128,39.283064,21.412695
150010,38.771142,22.127093
350025,36.622261,22.924636
350205,36.54835,23.025824
260282,40.92882,24.240986
130059,38.462286,23.594232
130059,38.462286,23.594232
130059,38.462286,23.594232
130059,38.462286,23.594232
350176,36.237,22.970187
90061,40.670854,22.806344
64648,38.037284,23.671266
510085,41.144258,24.891537
350197,36.959996,22.452459
220053,37.709996,21.719893
10514,38.2242,21.731041
60253,38.010207,23.723574
150169,38.587104,22.667598
360318,39.296243,22.382112
360088,39.630483,22.409969
360088,39.630483,22.409969
360088,39.630483,22.409969
200281,35.504548,24.016337
90963,40.607936,22.958455
370112,35.199871,25.655885
90964,40.607889,22.958944
150069,38.620571,23.232959
67848,37.751921,24.069005
310122,40.921957,22.744032
90103,40.597768,22.965018
90103,40.597768,22.965018
90103,40.597768,22.965018
90103,40.597768,22.965018
90564,40.676163,22.802941
100026,41.342672,23.865755
240044,35.316539,25.390904
240044,35.316539,25.390904
490027,41.091556,23.548944
300088,39.619559,19.900604
420067,37.769446,23.495284
470093,41.119198,25.126567
470121,41.120344,25.398558
470137,41.122804,25.404065
110179,36.450091,28.222448
67859,38.103159,23.670188
63565,38.051743,23.76034
300050,39.694466,19.837412
100090,41.151116,24.146735
64240,37.946918,23.66811
60490,37.974216,23.773599
60211,37.989242,23.751498
10238,38.245369,21.735276
340089,37.108868,25.515508
68141,38.021101,23.749798
120070,40.894498,26.171823
61751,37.928737,23.731099
64790,38.01545,23.70136
65393,38.007221,23.695495
66170,37.98894,23.742337
66172,37.988692,23.742042
66174,37.989708,23.741141
64454,38.048495,23.797638
61256,37.886325,23.767609
470166,41.117071,25.397279
90104,40.688518,22.851129
10252,38.111961,21.64039
340171,37.539835,25.162117
260086,40.950713,24.639478
70049,38.438987,22.880481
240108,35.282888,25.467532
240108,35.282888,25.467532
10257,38.258667,21.744399
10257,38.258667,21.744399
10257,38.258667,21.744399
10257,38.258667,21.744399
10257,38.258667,21.744399
10264,38.269656,22.044219
330201,39.980209,21.825008
340310,36.358519,25.398779
68141,38.021101,23.749798
300016,39.42434,20.064801
380010,39.233476,26.208732
60027,38.023176,23.802156
61378,37.875821,23.753673
40124,37.707842,22.099168
64470,38.041902,23.807122
300224,39.645023,19.859418
64471,38.041407,23.80905
440029,40.198709,22.432167
140101,39.066097,21.800301
63501,38.067704,23.774545
90094,40.654458,22.926833
250020,39.933362,20.673289
480078,37.68881,26.942239
20352,38.608619,21.484838
420077,37.936331,23.637656
330047,40.265653,21.815667
470138,41.120935,25.40423
64477,38.039374,23.802895
67861,38.099615,23.66901
90104,40.688518,22.851129
130309,38.907654,23.053436
430069,41.053931,22.177465
90223,40.561761,23.003579
60502,37.977222,23.772093
90965,40.607903,22.959851
60027,38.023176,23.802156
60027,38.023176,23.802156
60027,38.023176,23.802156
60027,38.023176,23.802156
470170,41.116852,25.391609
420056,37.497348,23.444954
470128,41.117772,25.391917
65224,38.023015,23.756083
350185,36.323989,22.94052
170080,38.597029,22.355295
390019,38.628179,20.610819
470164,41.110278,25.396637
64647,38.039426,23.670479
470032,41.11727,25.403166
60282,37.920762,23.700859
67860,38.102583,23.669072
67862,38.099049,23.668366
120179,40.854257,25.876999
460040,35.219487,24.534535
70136,38.32715,23.33173
10238,38.245369,21.735276
90966,40.605774,22.959804
62058,38.106102,23.860846
250086,40.048305,20.752019
70113,38.367567,23.451447
70084,38.346986,23.582268
190013,40.050309,23.413119
190072,40.016597,23.522959
360328,39.29741,22.395095
420356,37.733875,23.434659
420357,37.743669,23.432662
65664,37.947333,23.690291
490072,41.064632,23.956485
65665,37.947702,23.689794
65666,37.94838,23.689556
65669,37.947501,23.687948
490027,41.091556,23.548944
64531,38.044488,23.682612
470082,41.124506,25.389323
300081,39.616019,19.895363
70176,38.321362,23.317261
90073,40.61237,22.96756
90175,40.689731,22.814055
120127,40.929755,26.017213
60232,38.03776,23.691172
90096,40.6605,22.934906
340223,37.122599,25.234098
64542,38.043204,23.682442
64543,38.045652,23.682951
60091,38.064693,23.512836
420046,37.945997,23.646649
330136,40.274787,21.755081
200016,35.51137,24.013618
200016,35.51137,24.013618
460216,35.33852,24.685843
340336,36.433008,25.423712
64099,37.949668,23.71084
190051,40.186933,23.811011
62111,38.051728,23.800849
90073,40.61237,22.96756
420323,37.941753,23.647166
420321,37.942198,23.648052
64472,38.040776,23.811782
64473,38.041184,23.804624
10130,38.206877,21.727355
240044,35.316539,25.390904
64858,38.00652,23.693102
130301,38.931028,23.362306
460106,35.363615,24.441444
190108,40.347507,23.015727
64264,37.956966,23.663026
67118,38.038775,23.762363
67119,38.040814,23.764166
67121,38.043077,23.753526
67123,38.043077,23.753526
67124,38.043077,23.753526
62576,38.031208,23.808709
90095,40.66709,22.896365
360023,39.577147,22.779831
380191,39.109338,26.558404
64694,38.042129,23.730301
220146,37.854367,21.517352
460228,35.354149,24.558823
20312,38.375768,21.628207
60697,38.107393,23.766137
60700,38.110803,23.769204
60698,38.103927,23.765636
20323,38.631432,21.153057
10118,37.898823,22.124914
64578,38.02972,23.681918
64638,38.032998,23.67489
66750,37.807157,23.850387
64637,38.032829,23.677301
64636,38.030734,23.677962
62620,38.015398,23.803522
90093,40.42387,22.925093
90092,40.465349,22.860726
62676,38.032306,23.803761
62527,38.026286,23.785879
150411,38.814925,22.604151
350416,37.074908,22.430664
140061,38.842806,21.732424
440056,40.30865,22.494649
20369,38.414134,21.873455
30093,37.637751,23.153996
40006,37.401647,22.134388
500062,39.585391,21.794906
40027,37.544625,22.279647
350087,37.142657,22.34028
350180,36.156325,23.024832
250224,39.817463,20.554315
60202,37.961355,23.752121
60295,37.989507,23.848313
340315,36.398267,25.448156
60323,38.026548,23.998977
60017,37.964376,23.725013
60156,37.962081,23.913579
63720,37.994404,23.844506
65064,37.978691,23.744723
90346,40.608324,22.983141
90283,40.57542,22.949849
470117,41.111858,25.396005
90091,40.49926,22.877925
500130,39.560453,21.769054
110315,36.453464,28.220454
110316,36.453789,28.220479
430068,40.75152,22.016268
120067,41.421942,26.226623
300039,39.43768,19.971926
40050,37.401647,22.134388
400051,39.388786,22.996919
90251,40.576933,22.958319
90488,40.581366,22.947005
90339,40.609966,22.984892
60299,37.826391,24.043808
10016,38.251325,22.085218
64540,38.045756,23.676934
64548,38.046492,23.681106
60211,37.989242,23.751498
61124,37.901065,23.755946
510003,41.139207,24.886779
320114,37.912797,22.988041
340331,36.379358,25.477078
340332,36.377674,25.479623
64551,38.04775,23.678354
63777,38.016678,23.845173
240104,35.334337,25.118779
270023,39.13455,22.119747
240104,35.334337,25.118779
64552,38.037549,23.696641
430008,40.800194,22.048137
430008,40.800194,22.048137
90345,40.607587,22.984503
65090,37.977895,23.749072
40127,37.670379,22.183309
65074,37.977161,23.750377
65075,37.969602,23.748779
210034,38.404552,26.132212
120275,41.647548,26.478706
63848,38.002923,23.881985
64549,38.046152,23.67889
200460,35.510449,23.945479
340436,37.060375,25.409198
63852,38.001586,23.882354
340438,37.058316,25.408232
60699,38.108831,23.768991
260353,40.730445,24.72969
150194,38.909008,21.91599
63014,37.998257,23.774452
63039,37.998813,23.774031
65818,38.004121,23.780674
90741,40.698927,22.939837
130537,38.401453,23.85559
420069,37.955333,23.528371
61601,38.021475,23.672923
61617,38.008248,23.698936
61615,38.026898,23.684
60696,38.11049,23.766502
91340,40.500393,22.871625
64862,38.004848,23.692815
64864,38.005499,23.693108
64455,38.048102,23.798912
64457,38.045026,23.799036
64458,38.046381,23.798048
300043,39.782545,19.921217
200300,35.502256,24.019029
360191,40.028942,22.07518
230026,40.632509,22.068259
400129,39.373834,22.880528
400132,39.374487,22.934747
480065,37.650807,26.785004
340209,37.885082,24.737692
64642,38.030799,23.67429
340312,36.382329,25.44902
340313,36.383969,25.44636
90100,40.639976,22.934314
60277,38.130942,23.858555
60286,37.979561,23.726586
60276,38.016111,23.736109
60329,37.97002,24.005386
68141,38.021101,23.749798
60007,38.193737,23.854037
60253,38.010207,23.723574
60051,38.010149,23.848731
60295,37.989507,23.848313
60034,38.045126,23.804014
60272,37.985864,23.72381
64865,38.004641,23.691159
64868,38.008169,23.688374
90228,40.540394,23.028096
350193,36.708371,22.945596
350198,36.860564,22.706113
400064,39.163847,23.487525
410199,36.869988,21.846396
450090,38.978383,20.744778
450089,38.985361,20.743085
160042,40.772128,21.268351
450091,38.972002,20.747366
370163,35.284875,25.726803
90496,40.577839,22.945848
340403,37.01505,25.132755
66746,37.801949,23.869054
510104,41.138696,24.885276
60200,37.993717,23.766011
130212,38.741944,23.666083
60136,37.963987,23.571556
64804,38.022021,23.70319
90104,40.688518,22.851129
60496,37.97521,23.77088
60497,37.974735,23.772209
510195,41.133725,24.871051
370110,35.013952,25.671759
320035,37.889062,22.49639
110317,36.450928,28.216812
90090,40.414009,23.009652
110318,36.449372,28.215825
110319,36.447199,28.215374
62914,38.002924,23.795351
64554,38.039479,23.696097
40085,37.489904,22.140792
510079,41.221567,24.633685
460065,35.287864,24.336833
220135,37.67634,21.590945
20129,38.889335,21.34528
90342,40.608633,22.985199
64484,38.039825,23.801382
110097,36.892389,27.290065
60081,37.985357,23.73388
70056,38.491917,22.977196
270028,39.180866,22.13291
340601,37.062861,25.394491
60108,38.088237,23.808159
200110,35.533339,24.076951
62560,38.021545,23.81042
64859,38.007681,23.691829
64860,38.00698,23.691304
240008,34.959059,24.879377
160002,40.724259,21.74405
60192,37.997205,23.796123
260097,40.848097,24.254198
270167,39.533529,21.995488
65089,37.977884,23.750861
65060,37.977897,23.755137
65085,37.968845,23.747863
410056,37.287186,21.817236
380192,39.110339,26.557421
380193,39.110101,26.555559
340603,37.071349,25.401582
340604,37.072236,25.401074
340437,37.058759,25.40575
340602,37.061867,25.390639
60198,37.927925,23.749884
400132,39.374487,22.934747
450066,39.164739,20.752384
400009,39.1681,22.884653
65052,37.978927,23.748734
60258,37.934122,23.641061
330143,40.546067,21.75024
65059,37.971779,23.743441
66751,37.803913,23.858821
130556,38.967336,23.16488
91341,40.500424,22.867192
20125,38.504591,21.587001
480021,37.600336,26.082641
90110,40.730702,22.917343
90110,40.730702,22.917343
380194,39.109981,26.554094
64460,38.042517,23.815248
64461,38.042418,23.815152
64462,38.040423,23.819339
64463,38.042387,23.819597
450092,39.002645,20.739453
90114,40.73797,22.984443
64856,38.00675,23.694486
180038,39.973742,21.73191
400082,39.366872,22.954572
64853,38.009331,23.692025
64857,38.008504,23.69218
64544,38.046417,23.683988
64545,38.047965,23.683763
60275,38.108261,23.880253
60278,38.110884,23.842257
60195,37.97626,23.710291
60261,38.073584,23.813245
60330,37.901271,23.873896
60262,37.997519,23.716955
60310,38.136718,23.832355
60104,38.031765,23.735668
60252,38.154856,23.964179
60113,37.99365,23.731034
60274,38.053916,23.806541
60288,37.942475,24.009749
60212,38.053502,23.767037
60203,38.002826,23.731733
60260,38.043077,23.753526
60108,38.088237,23.808159
60106,38.08545,23.977012
60118,37.953297,23.854004
60293,38.005789,23.876095
60210,38.011598,23.826201
60266,38.048383,23.836618
60294,38.001451,23.940206
160024,40.831677,21.583913
450088,38.98936,20.74124
20332,38.675245,21.360459
480008,37.631016,26.177106
62920,37.99899,23.78891
240242,35.315693,25.098914
240224,35.324241,25.103236
240249,35.323967,25.087762
80103,39.524581,20.25708
220045,37.790218,21.751867
90514,40.578701,22.958626
90095,40.66709,22.896365
90095,40.66709,22.896365
90095,40.66709,22.896365
64641,38.037631,23.674339
66747,37.80607,23.871671
66748,37.807043,23.868359
200175,35.517531,24.086982
64803,38.021705,23.705444
64799,38.016174,23.710158
64242,37.949172,23.671387
64243,37.948588,23.67134
510194,41.133069,24.865922
64786,38.025826,23.698441
66138,38.133211,23.790944
340097,37.656677,24.31181
40007,37.401647,22.134388
240278,35.326097,25.28522
190020,40.240536,23.284456
40121,37.401647,22.134388
460051,35.364052,24.477255
370164,35.298333,25.727739
400031,39.307432,23.120996
460085,35.204922,24.381357
130008,38.856324,23.043402
60724,37.979561,23.726586
340025,36.832212,25.902069
65084,37.976094,23.756563
170115,38.446517,22.303396
10109,38.143334,21.553352
60027,38.023176,23.802156
340369,37.375539,24.901859
340368,37.381184,24.903175
430004,40.972584,22.058679
340605,37.074262,25.410012
250120,39.695325,20.848322
240048,35.049799,24.873469
240054,35.306684,25.084931
190117,40.390256,23.054379
90110,40.730702,22.917343
460100,35.361621,24.514141
62546,38.032435,23.829754
60257,37.98226,23.763051
90116,40.495495,22.986868
70074,38.321362,23.317261
370087,35.197841,25.488071
40257,37.431197,22.680626
500130,39.560453,21.769054
66447,37.978739,23.743059
350307,37.083687,22.431892
410166,37.300953,21.965642
90382,40.602026,22.993272
61589,37.702283,23.940185
460051,35.364052,24.477255
360089,39.79825,22.641506
360079,39.689137,22.318015
63666,37.942368,23.860819
63745,38.030842,23.862983
64550,38.046673,23.677768
63747,38.034263,23.86211
60081,37.985357,23.73388
520017,37.759205,20.808793
66752,37.807655,23.85713
66753,37.808584,23.848332
420081,37.952937,23.630392
480014,37.793157,26.705798
480014,37.793157,26.705798
450175,39.132477,20.588889
90189,40.651061,22.913676
90190,40.651732,22.914056
200467,35.436559,23.940898
20310,38.333532,21.764267
200099,35.201296,24.137003
380189,39.10795,26.56042
460227,35.356843,24.559713
91343,40.501386,22.886177
360070,39.868854,22.72896
90105,40.687845,22.950508
380195,39.111777,26.555616
350253,37.048901,22.408935
200297,35.503852,24.016569
200298,35.502044,24.016827
200299,35.503531,24.013444
180019,39.991401,21.654441
20218,38.856219,20.978872
310079,40.944044,22.804746
520049,37.723451,20.98053
60257,37.98226,23.763051
240157,35.335258,25.139173
66749,37.803044,23.864706
64640,38.036601,23.675941
90179,40.680577,22.794166
430036,40.762126,22.491358
62575,38.031189,23.810138
340073,36.719901,25.280434
90848,40.597724,22.95206
20100,38.784741,21.115974
190109,40.234309,23.603726
220162,37.908548,21.203382
50142,39.041641,21.121318
250256,39.789063,20.740163
360095,39.463433,22.446551
10336,38.087956,21.734878
240229,35.334337,25.118779
240250,35.334337,25.118779
250260,40.045586,20.646586
430004,40.972584,22.058679
180065,40.035308,21.484144
63329,38.094763,23.822296
64546,38.04869,23.681951
350196,36.882347,22.5455
350057,36.513867,23.058365
64639,38.033765,23.676095
110143,37.321855,26.542697
340367,37.387575,24.892124
91225,40.635499,22.948042
91226,40.633397,22.948744
91227,40.632912,22.949252
10522,38.229312,21.734368
350415,36.919722,22.437174
90072,40.633778,22.944027
220147,37.857373,21.456738
63128,38.00541,23.827125
350204,36.687834,22.495803
460058,35.286823,24.374883
70097,38.299363,23.503833
210071,38.241038,26.092843
240296,35.126294,25.142197
61537,37.930151,23.696541
60265,37.964965,23.650302
64482,38.03378,23.818155
60017,37.964376,23.725013
60280,38.078062,23.703829
200457,35.51629,23.938422
90095,40.66709,22.896365
90095,40.66709,22.896365
340305,37.379961,24.913221
340320,36.387585,25.437854
60290,37.961524,23.74683
60231,37.965074,23.745092
64241,37.946059,23.667912
220203,37.571954,21.581928
65078,37.974265,23.74158
460074,35.32783,24.510161
260012,40.960996,24.147503
490121,41.061596,23.747011
64265,37.957528,23.66199
130267,38.502798,24.122553
90719,40.67085,22.961915
65062,37.972205,23.744631
65073,37.977226,23.752596
350004,36.830768,22.438331
350189,36.794756,22.512681
380190,39.107465,26.56092
64692,38.047826,23.731309
200458,35.512957,23.945756
200459,35.517777,23.93374
60274,38.053916,23.806541
60274,38.053916,23.806541
60258,37.934122,23.641061
60495,37.975599,23.77211
480017,37.662432,26.303227
170092,38.421323,21.929636
270135,39.484839,21.844304
320057,37.821168,22.66262
60280,38.078062,23.703829
65260,38.016258,23.758761
65225,38.023561,23.757252
60894,38.026548,23.998977
180047,40.107738,21.020608
470139,41.123485,25.409564
330083,40.513196,21.680117
470106,41.124935,25.416643
60020,38.050258,23.586787
60020,38.050258,23.586787
420070,37.963323,23.61963
300045,39.755996,19.675635
410150,37.158106,21.585751
350443,36.792548,22.851297
64273,37.953534,23.659733
240341,35.28406,25.46252
64599,38.043712,23.677777
64300,37.95709,23.680504
64600,38.042331,23.678228
220363,38.05176,21.379886
90096,40.6605,22.934906
60202,37.961355,23.752121
60196,38.006701,23.776359
60200,37.993717,23.766011
60255,37.974386,23.749163
60081,37.985357,23.73388
60287,37.980569,23.736412
60300,37.831632,23.864347
60192,37.997205,23.796123
60251,37.947083,23.715529
60307,37.724808,23.944946
60271,37.824473,23.809039
60282,37.920762,23.700859
60282,37.920762,23.700859
65201,38.020603,23.753874
340230,36.387725,25.463563
380095,39.181679,26.417802
65203,38.020967,23.754098
65205,38.022458,23.754935
90106,40.584704,23.031382
90106,40.584704,23.031382
280163,40.455143,21.257794
100246,41.156917,24.137307
100247,41.153806,24.133587
100248,41.155172,24.133904
280164,40.448498,21.259636
100249,41.15554,24.134798
60113,37.99365,23.731034
60113,37.99365,23.731034
60113,37.99365,23.731034
63900,37.83053,23.80331
470149,41.113305,25.409955
220014,37.498215,21.699128
60203,38.002826,23.731733
220042,37.478255,21.743394
220221,37.453163,21.684787
63901,37.836399,23.812262
63927,37.833873,23.825665
64319,37.95735,23.675253
60452,37.971744,23.779666
61590,37.7004,23.943101
120171,40.857367,25.873068
120209,40.860601,25.870853
420046,37.945997,23.646649
60240,38.080073,23.736107
60240,38.080073,23.736107
60240,38.080073,23.736107
60240,38.080073,23.736107
390041,38.756326,20.719656
60034,38.045126,23.804014
60272,37.985864,23.72381
120136,40.848263,25.886366
65211,38.02001,23.756041
65248,38.015311,23.750151
60203,38.002826,23.731733
60203,38.002826,23.731733
420071,37.952937,23.630392
60194,37.956481,23.650933
420051,37.964821,23.497938
60295,37.989507,23.848313
60211,37.989242,23.751498
60233,37.952261,23.705442
60203,38.002826,23.731733
300014,39.619755,19.919074
61114,37.901339,23.75039
61120,37.901674,23.753924
90105,40.687845,22.950508
430008,40.800194,22.048137
10502,38.226722,21.732573
62266,37.931605,23.705693
63113,38.009222,23.828331
190042,40.427211,23.522219
61316,37.871224,23.753179
61301,37.878689,23.759639
61280,37.87628,23.768967
61201,37.90037,23.766462
61217,37.887451,23.751899
90109,40.615029,22.956364
90109,40.615029,22.956364
90109,40.615029,22.956364
90109,40.615029,22.956364
90109,40.615029,22.956364
62825,38.004336,23.796404
62829,38.001556,23.802186
62830,38.002328,23.804199
60233,37.952261,23.705442
60233,37.952261,23.705442
510245,41.253648,24.934241
330206,40.515759,21.683124
20594,38.623349,21.40534
20596,38.616399,21.410277
62340,37.931356,23.708724
62350,37.931161,23.707082
420046,37.945997,23.646649
420046,37.945997,23.646649
420046,37.945997,23.646649
60283,37.841691,23.765129
60235,37.81589,23.779044
60281,37.866011,23.746916
40335,37.514415,22.380382
60254,37.94642,23.738443
60264,37.957945,23.731942
60198,37.927925,23.749884
60812,37.831218,23.779923
60828,37.839325,23.76523
60830,37.853611,23.75285
60826,37.851953,23.757102
60823,37.847,23.759984
60822,37.847655,23.757076
440278,40.306458,22.615353
90465,40.546051,23.016801
420039,37.268018,23.154927
90468,40.545028,23.028734
440279,40.315983,22.580825
90473,40.551773,23.021889
40075,37.401647,22.134388
90460,40.518904,23.06292
90096,40.6605,22.934906
90096,40.6605,22.934906
90096,40.6605,22.934906
60231,37.965074,23.745092
60231,37.965074,23.745092
60231,37.965074,23.745092
410242,37.256119,21.784056
60062,37.945932,23.693435
60282,37.920762,23.700859
60233,37.952261,23.705442
60087,37.713661,24.053943
60297,37.844169,23.927833
60201,38.012936,23.659206
60076,37.807444,23.977684
60319,37.886702,24.003869
60250,37.790985,23.880972
60304,37.883295,23.935476
60251,37.947083,23.715529
60170,37.889579,23.755293
60014,37.994463,23.674592
40343,37.523837,22.418398
440073,39.992326,22.623917
440074,39.992326,22.623917
10509,38.223149,21.742646
110116,36.377262,28.115947
10510,38.227575,21.742139
130185,38.904767,24.566051
10511,38.225121,21.74475
320083,37.792584,23.051818
60113,37.99365,23.731034
60113,37.99365,23.731034
470161,41.11359,25.39372
140022,38.7576,21.846244
64510,38.045045,23.693426
60256,38.031404,23.709343
64512,38.045547,23.695172
60264,37.957945,23.731942
62068,38.104374,23.850346
60264,37.957945,23.731942
64333,37.957258,23.684321
64366,37.96507,23.690698
440092,40.009251,22.591951
440093,40.013371,22.586366
120139,40.850265,25.877127
120159,40.85264,25.869782
10503,38.231633,21.743909
10504,38.232884,21.743978
90756,40.702172,22.923691
60265,37.964965,23.650302
60265,37.964965,23.650302
160028,40.644449,21.494167
230001,40.629075,22.439927
60317,38.221783,23.924814
230125,40.620364,22.130339
60258,37.934122,23.641061
60232,38.03776,23.691172
60280,38.078062,23.703829
90105,40.687845,22.950508
90096,40.6605,22.934906
90096,40.6605,22.934906
350231,37.074908,22.430664
90079,40.591439,22.957607
350235,37.070964,22.400027
90249,40.576008,22.959078
240048,35.049799,24.873469
130257,38.471138,23.582985
63209,38.121193,23.757943
230008,40.688582,22.134945
10505,38.233735,21.744851
61123,37.902686,23.7534
60342,38.150372,23.226814
62838,38.004375,23.808088
64611,38.043636,23.675312
420046,37.945997,23.646649
480169,37.625355,26.292086
480170,37.633509,26.284205
65261,38.016709,23.760149
90099,40.635633,22.954865
90099,40.635633,22.954865
90099,40.635633,22.954865
90099,40.635633,22.954865
62833,38.003886,23.803696
62840,38.006775,23.80672
62852,38.001326,23.803181
62871,38.003477,23.801958
63439,38.102281,23.804071
420051,37.964821,23.497938
64529,38.044098,23.6816
64532,38.044233,23.680242
410170,36.957203,21.789099
64346,38.123421,23.762697
64347,38.114868,23.760492
64345,38.133501,23.780135
64348,38.124088,23.78496
64350,38.126084,23.74997
420067,37.769446,23.495284
64612,38.034862,23.686671
64506,38.04356,23.693085
66806,37.749713,23.911972
60020,38.050258,23.586787
60091,38.064693,23.512836
60296,38.04198,23.541069
500144,39.608426,21.982536
60113,37.99365,23.731034
120204,40.854661,25.86706
90029,40.65147,22.872071
65241,38.016107,23.750976
100126,41.131721,24.121458
100127,41.129809,24.12006
90455,40.52636,23.047379
10368,38.212361,21.725026
90463,40.530685,23.012502
90420,40.712435,22.929396
64234,37.947899,23.669015
64235,37.947953,23.668135
64266,37.957864,23.661169
480024,37.75345,26.978699
230018,40.429247,22.17925
190251,40.187779,23.799352
210006,38.371315,26.136303
420071,37.952937,23.630392
470116,41.113283,25.403645
60251,37.947083,23.715529
60240,38.080073,23.736107
60256,38.031404,23.709343
60279,38.053611,23.720276
60097,37.994297,23.346995
60301,38.00499,23.424833
60302,38.023857,23.457313
60193,38.008248,23.698936
420071,37.952937,23.630392
420069,37.955333,23.528371
420070,37.963323,23.61963
60263,37.972506,23.647313
60213,37.954053,23.669571
60265,37.964965,23.650302
420046,37.945997,23.646649
100129,41.142742,24.133159
130165,38.574421,23.642977
240039,34.960747,25.033606
410220,37.020053,21.969359
10512,38.221775,21.73218
390040,38.760643,20.719165
360129,39.318736,22.240433
280088,40.450066,21.428619
60256,38.031404,23.709343
140075,39.185791,21.488415
360196,39.285488,22.276457
360195,39.310946,22.297808
500144,39.608426,21.982536
63914,37.838036,23.815443
63888,37.833319,23.803156
420027,37.580476,23.390315
470132,41.12386,25.394098
320125,37.976467,22.760823
60195,37.97626,23.710291
470133,41.128328,25.384114
500038,39.706242,21.621678
470227,41.144879,25.43606
61591,37.697655,23.948381
61592,37.696248,23.953177
340151,36.973785,24.722886
430009,40.879448,22.374779
100123,41.14086,24.126208
240105,35.341156,25.136336
230126,40.618759,22.131584
90464,40.518456,22.993553
90471,40.552104,23.028964
230128,40.636231,22.128571
470097,41.077388,25.333643
130536,38.400142,23.861162
150003,38.945279,21.956523
90108,40.540394,23.028096
90098,40.585098,22.9597
90131,40.690955,22.999752
90107,40.658852,22.992553
90097,40.647624,22.946779
90114,40.73797,22.984443
90037,40.748454,23.069701
90072,40.633778,22.944027
90099,40.635633,22.954865
90116,40.495495,22.986868
90106,40.584704,23.031382
90049,40.503906,22.926587
90109,40.615029,22.956364
90073,40.61237,22.96756
90117,40.470384,22.968759
90103,40.597768,22.965018
190028,40.37895,23.440378
90109,40.615029,22.956364
90272,40.571681,22.960136
62820,37.962081,23.913579
10494,38.228323,21.733874
240105,35.341156,25.136336
350064,37.168206,22.585239
64351,38.120332,23.754104
90919,40.641388,22.94437
60286,37.979561,23.726586
60286,37.979561,23.726586
70110,38.341513,23.673103
65227,38.022289,23.757298
230065,40.600522,22.5569
65228,38.018224,23.757452
65229,38.019691,23.758772
470141,41.125365,25.41085
480171,37.623677,26.304107
270141,39.456373,22.161795
430008,40.800194,22.048137
60017,37.964376,23.725013
63441,38.101166,23.806727
63442,38.101451,23.80352
64534,38.045239,23.68098
64610,38.043036,23.676614
64535,38.045745,23.679869
90920,40.639034,22.9437
440009,40.105269,22.504191
150008,38.638046,22.591513
20597,38.613512,21.408526
190252,40.186799,23.791234
60263,37.972506,23.647313
90099,40.635633,22.954865
64509,38.043736,23.694676
90109,40.615029,22.956364
90109,40.615029,22.956364
90109,40.615029,22.956364
90109,40.615029,22.956364
90109,40.615029,22.956364
260068,41.155372,24.637154
250155,39.531963,20.691445
65207,38.023343,23.755064
65242,38.015009,23.750969
65208,38.021752,23.75614
120142,40.848726,25.877729
10432,38.208795,21.718948
10433,38.210257,21.716042
64500,38.042625,23.69122
64597,38.04321,23.678946
440280,40.316264,22.579599
300016,39.42434,20.064801
350012,36.666067,22.383709
330292,40.226896,21.827912
330293,40.226144,21.829361
110143,37.321855,26.542697
60251,37.947083,23.715529
110110,37.154553,26.855208
400078,39.361904,22.946673
400078,39.361904,22.946673
60136,37.963987,23.571556
60895,38.026548,23.998977
62062,38.103904,23.835383
50034,39.162147,20.985769
50079,39.211417,21.241722
120042,41.192262,26.303783
61620,38.026871,23.675446
60280,38.078062,23.703829
10441,38.159164,21.371756
490351,41.231034,23.385149
490352,41.212538,23.39701
490353,41.236163,23.391612
230027,40.566347,22.552385
490354,41.236163,23.391612
490355,41.236163,23.391612
230022,40.520346,22.395233
64513,38.045359,23.690182
480003,37.548589,25.997269
60240,38.080073,23.736107
60264,37.957945,23.731942
10801,37.898823,22.124914
400078,39.361904,22.946673
50150,39.162147,20.985769
60457,37.973421,23.779617
60461,37.973973,23.777576
60282,37.920762,23.700859
60282,37.920762,23.700859
240051,35.147817,25.195786
240105,35.341156,25.136336
120183,40.849759,25.878358
61593,37.694562,23.941245
240103,35.328471,25.136269
100124,41.140401,24.131853
100125,41.134016,24.12331
340230,36.387725,25.463563
470228,41.144324,25.434796
120207,40.855889,25.86954
120172,40.851317,25.857469
120151,40.850694,25.892906
65244,38.016355,23.749091
65210,38.019442,23.755064
230001,40.629075,22.439927
60286,37.979561,23.726586
230001,40.629075,22.439927
60272,37.985864,23.72381
60287,37.980569,23.736412
60113,37.99365,23.731034
60014,37.994463,23.674592
240105,35.341156,25.136336
10500,38.229095,21.738935
10501,38.231514,21.741032
61112,37.900364,23.752454
61113,37.90039,23.750313
20598,38.613228,21.409832
150160,38.871093,22.240292
470052,41.022668,25.692074
10506,38.230296,21.742633
10507,38.225557,21.742578
130256,38.471441,23.64872
70078,38.371874,23.012377
370111,35.164966,25.485918
10508,38.228157,21.742602
340333,36.37541,25.4835
340334,36.372497,25.479325
90098,40.585098,22.9597
90098,40.585098,22.9597
90098,40.585098,22.9597
30098,37.387293,23.246065
510240,41.139207,24.886779
510243,41.253648,24.934241
330132,40.164782,21.817263
64342,38.132935,23.760465
510244,41.253648,24.934241
64343,38.13075,23.767997
60233,37.952261,23.705442
60233,37.952261,23.705442
60233,37.952261,23.705442
90922,40.641219,22.942985
20602,38.623753,21.403006
64501,38.042721,23.69457
60251,37.947083,23.715529
60211,37.989242,23.751498
60027,38.023176,23.802156
64555,38.036881,23.697378
64557,38.037682,23.69919
64560,38.04286,23.698443
64569,38.03149,23.688537
64572,38.030048,23.690181
64573,38.029371,23.690154
61287,37.871632,23.767328
61241,37.885412,23.764727
61342,37.867462,23.767187
61371,37.880195,23.753142
61281,37.876366,23.770948
470200,41.116081,25.398097
60833,37.840586,23.762769
60834,37.845069,23.760257
270164,39.231683,21.950252
60835,37.844907,23.757196
60814,37.829481,23.776266
60838,37.850919,23.757087
100036,41.192005,23.820325
430046,40.890399,22.060196
430057,40.780936,22.271
400005,39.415134,23.154692
180145,39.953605,21.360775
240098,35.044171,25.093036
430083,40.855324,22.102866
250216,39.824636,20.728853
61326,37.867384,23.752558
61331,37.864734,23.759438
61321,37.869931,23.752307
61327,37.867357,23.755437
190024,40.591352,23.782574
510152,41.133312,24.88738
470202,41.111703,25.396648
470204,41.112489,25.395019
470219,41.129882,25.401457
90187,40.655656,22.90443
61059,37.889807,23.754595
90188,40.656544,22.905197
390009,38.833253,20.704361
360049,39.959339,22.69276
100079,41.050626,24.182512
50003,39.473588,21.081849
90196,40.558248,22.987884
60330,37.901271,23.873896
60274,38.053916,23.806541
200161,35.499534,24.029972
200160,35.499995,24.030213
190045,40.569161,23.657438
61228,37.882537,23.755905
61170,37.896103,23.766036
60279,38.053611,23.720276
61233,37.882694,23.761124
510207,41.132197,24.885992
480045,37.704656,26.769508
410136,37.250576,21.668968
20204,38.890158,21.202002
61356,37.881153,23.748125
61273,37.875563,23.764058
61276,37.875535,23.767034
180024,40.084763,21.425523
61294,37.870258,23.765494
490174,41.086645,23.535501
250045,39.828755,20.742018
61332,37.868415,23.758067
480012,37.631012,26.216793
320089,37.956161,22.801015
60584,37.979711,23.76993
510115,41.14327,24.888595
510116,41.143477,24.888013
510150,41.133185,24.886962
510154,41.13352,24.890222
510172,41.12531,24.894728
510175,41.136802,24.885712
510176,41.136475,24.883869
110224,36.29236,28.161642
450058,39.255202,20.705869
20176,38.487185,21.113182
30039,37.378821,23.159472
170134,38.458046,22.237912
50007,39.25331,21.161805
61426,37.857887,23.757682
20355,38.909987,20.951945
340166,36.419793,25.432418
220007,37.795263,21.349432
420008,37.747941,23.429644
200032,35.493425,23.657297
90095,40.66709,22.896365
320091,38.077926,22.63089
60277,38.130942,23.858555
60585,37.979139,23.770682
60588,37.980101,23.768752
60583,37.978944,23.768722
470140,41.1214,25.411282
470154,41.10639,25.421865
40254,37.472924,22.517987
490224,41.091357,23.554304
61151,37.888137,23.769972
61199,37.897579,23.769587
10300,38.275625,21.763302
60411,38.006081,23.599697
61588,38.006155,23.599748
61154,37.885779,23.772599
10282,37.980738,21.996363
510178,41.136527,24.883048
510179,41.136112,24.887432
510191,41.134423,24.886
510184,41.135709,24.882952
60051,38.010149,23.848731
60296,38.04198,23.541069
360101,39.636192,22.421966
510136,41.137086,24.888263
510166,41.129479,24.893667
510205,41.112722,24.862861
490171,41.087199,23.539059
61573,38.082661,23.61446
61574,38.075023,23.619628
61575,38.069015,23.618422
61580,38.063735,23.641339
61581,38.065212,23.634252
40260,37.18864,22.203878
60787,37.839698,23.767511
60790,37.836853,23.770722
60792,37.844322,23.772025
60811,37.832661,23.778012
70058,38.532295,23.089367
60793,37.841308,23.772146
260032,40.71936,24.730168
60827,37.841125,23.764974
60832,37.839528,23.76712
60825,37.841865,23.762204
350216,37.012405,22.488711
61062,37.889564,23.756319
340251,37.561127,25.184502
61314,37.871674,23.751446
61315,37.872432,23.751632
20041,38.701725,21.038903
61212,37.887234,23.756227
61144,37.896125,23.763156
61232,37.883499,23.760283
61234,37.881841,23.75974
120158,40.846227,25.87147
61119,37.901313,23.752423
61230,37.881051,23.759099
61137,37.891219,23.764163
490137,41.082628,23.551838
470178,41.11969,25.40713
470179,41.120375,25.403904
60287,37.980569,23.736412
60027,38.023176,23.802156
60210,38.011598,23.826201
470184,41.120554,25.411367
470186,41.124423,25.412352
370079,35.20824,26.105293
120111,40.855381,25.905349
200016,35.51137,24.013618
120190,40.851328,25.904492
210006,38.371315,26.136303
120191,40.852968,25.910156
61176,37.887569,23.775845
61373,37.883083,23.752909
61376,37.877832,23.750521
360018,39.395339,22.424835
310021,41.164311,22.89598
450052,39.254724,20.786539
500167,39.507319,21.694634
20146,38.974245,21.322473
490130,41.079049,23.551831
60437,37.974331,23.773841
120128,40.849403,25.856946
440041,40.056983,22.560033
90150,40.666058,23.116866
61413,37.862332,23.750298
440032,40.230354,22.499664
110097,36.892389,27.290065
490264,41.083588,23.557943
110219,36.413493,28.210201
510218,41.13867,24.884724
61138,37.890495,23.764991
61159,37.885101,23.77105
480032,37.627708,26.510614
61415,37.860478,23.750068
61452,37.861349,23.759017
61453,37.861118,23.760668
61447,37.863433,23.755296
380009,39.119793,26.487271
61398,37.868268,23.747706
210081,38.554319,25.925919
60156,37.962081,23.913579
340122,37.449801,25.33006
90095,40.66709,22.896365
90096,40.6605,22.934906
240104,35.334337,25.118779
280010,40.516673,21.253761
330083,40.513196,21.680117
90100,40.639976,22.934314
61410,37.862461,23.747975
61405,37.885314,23.727491
61411,37.862935,23.748813
61406,37.864218,23.74729
61396,37.877243,23.731771
61442,37.863069,23.751123
61066,37.89081,23.754349
320031,38.022362,22.886814
61240,37.884736,23.765221
61311,37.872237,23.755139
110143,37.321855,26.542697
360138,39.457851,22.279224
160074,40.707332,21.522818
470011,41.219767,25.577118
60212,38.053502,23.767037
60260,38.043077,23.753526
420070,37.963323,23.61963
60319,37.886702,24.003869
60091,38.064693,23.512836
60304,37.883295,23.935476
60097,37.994297,23.346995
60262,37.997519,23.716955
490176,41.086501,23.531425
490304,41.094422,23.646138
490305,41.095066,23.645935
490180,41.083147,23.530174
440061,40.266677,22.42474
350163,36.27499,23.013522
110004,36.163821,27.847226
110253,36.133835,27.743425
61068,37.890836,23.753471
61069,37.892467,23.757661
61070,37.890857,23.748954
61088,37.893524,23.749406
61111,37.899176,23.751505
60255,37.974386,23.749163
280008,40.520598,21.266574
60328,38.082628,23.567541
60795,37.843129,23.777871
60796,37.841579,23.775058
60809,37.834836,23.776458
60806,37.837439,23.780766
60789,37.842872,23.768046
61060,37.890858,23.755947
60945,37.922035,23.726188
60941,37.92427,23.72857
60940,37.924722,23.728051
61015,37.911561,23.720592
61202,37.901077,23.770655
61218,37.886179,23.757416
61134,37.888956,23.762981
61135,37.890005,23.763064
61179,37.890467,23.775461
61180,37.890667,23.772528
61188,37.89046,23.776258
61128,37.889642,23.761229
490162,41.076551,23.538744
300014,39.619755,19.919074
100019,41.151761,24.138448
61296,37.872378,23.764371
61295,37.87172,23.764904
470187,41.124398,25.414678
470188,41.12463,25.416016
470195,41.114302,25.409099
470196,41.115016,25.409443
490302,41.086809,23.535521
60282,37.920762,23.700859
60104,38.031765,23.735668
30048,37.565198,22.801926
61165,37.893476,23.770458
61226,37.884458,23.7565
510156,41.135558,24.892033
61227,37.883753,23.75769
200147,35.495165,23.989071
150049,38.777666,22.784298
60821,37.84333,23.762321
120233,40.84432,25.872718
160005,40.762066,21.206574
470171,41.110559,25.369676
470180,41.119786,25.403759
150190,39.042479,22.315095
150170,39.045292,22.450872
110244,35.486115,27.181972
60824,37.851265,23.762085
60836,37.851365,23.759825
60798,37.837957,23.772903
61409,37.863487,23.747983
61169,37.897598,23.766715
350225,36.321233,22.950017
61205,37.899647,23.769587
61206,37.902117,23.773279
61208,37.901807,23.772558
61283,37.873275,23.771097
30115,37.582446,22.879462
61460,37.863161,23.767047
220047,37.791808,21.53082
300044,39.536725,19.871298
70120,38.570936,22.782511
250063,39.891076,20.622585
90109,40.615029,22.956364
90103,40.597768,22.965018
90049,40.503906,22.926587
60202,37.961355,23.752121
60250,37.790985,23.880972
60118,37.953297,23.854004
60145,38.020437,24.006723
60192,37.997205,23.796123
61133,37.888467,23.762461
250041,39.790207,20.874094
480028,37.758253,26.606956
480034,37.731597,26.581169
480040,37.696322,26.626725
10301,38.279035,21.767399
10302,38.280221,21.769985
60261,38.073584,23.813245
60263,37.972506,23.647313
350181,36.198113,22.979197
61312,37.873019,23.755913
61306,37.873982,23.76042
61420,37.857876,23.754589
61335,37.868861,23.761827
61337,37.869458,23.763284
160079,40.746427,21.511833
240086,35.192087,25.078501
430081,40.951102,21.928691
320043,37.938625,22.930735
410042,37.034498,22.111926
500130,39.560453,21.769054
230038,40.523205,22.203688
430008,40.800194,22.048137
20317,38.48643,21.629136
61323,37.86787,23.752783
61324,37.869064,23.755325
61320,37.870474,23.750324
61319,37.871463,23.760556
490122,40.933081,23.565584
61221,37.888547,23.758616
60232,38.03776,23.691172
60201,38.012936,23.659206
61125,37.90297,23.755387
61363,37.889593,23.746801
61126,37.902254,23.756144
130272,39.021806,23.303329
61223,37.887224,23.758934
60799,37.845518,23.782509
60863,37.815988,23.777868
60851,37.818241,23.780607
60850,37.814649,23.782573
60848,37.817352,23.778026
270342,39.278648,21.731858
240084,35.23112,25.02695
100090,41.151116,24.146735
490173,41.083874,23.538572
490159,41.082229,23.542426
61329,37.866541,23.75685
61328,37.866627,23.754083
61322,37.869192,23.751961
61325,37.868788,23.75662
61348,37.884037,23.747541
61189,37.894693,23.773843
61187,37.895388,23.773133
61345,37.885805,23.750123
61289,37.870276,23.769126
61367,37.882982,23.753983
61293,37.869239,23.767731
10303,38.279234,21.771755
10304,38.280778,21.768846
10306,38.281804,21.767229
40279,37.490843,22.380532
110137,35.547812,27.160403
20161,38.782578,20.882371
240105,35.341156,25.136336
370006,35.189506,25.718565
370035,35.009385,25.739336
340161,37.444931,24.943758
200017,35.513357,24.021674
520034,37.685042,20.835934
250253,39.591051,20.804551
200148,35.494815,23.986918
200169,35.513427,24.048419
60290,37.961524,23.74683
120214,40.847939,25.877534
60295,37.989507,23.848313
60254,37.94642,23.738443
510142,41.136107,24.887816
470181,41.119589,25.407373
470182,41.121369,25.408392
470192,41.126625,25.411554
470193,41.11548,25.406336
470194,41.117878,25.41192
470198,41.115675,25.402078
60334,37.918151,23.478356
61127,37.903075,23.754845
61130,37.893836,23.760885
470197,41.112177,25.409019
470201,41.115841,25.396044
470205,41.117818,25.401558
470209,41.117457,25.398978
470217,41.124312,25.395023
120091,41.540449,26.351879
61247,37.881982,23.76312
61437,37.864807,23.75044
10307,38.284762,21.762224
120261,41.296334,26.44063
380005,39.026253,26.309456
390024,38.566761,20.909922
50042,39.243759,20.973854
61509,38.066556,23.753877
61510,38.068728,23.765354
61508,38.066957,23.754718
110110,37.154553,26.855208
90162,40.803948,23.466207
380030,39.104354,26.553049
20022,38.623911,21.41029
70049,38.438987,22.880481
50013,39.162147,20.985769
260091,40.937601,24.408921
310023,40.993214,22.875728
320118,37.976901,22.977173
61174,37.888179,23.773459
64536,38.045134,23.678142
61146,37.89065,23.767033
61207,37.900531,23.773181
61204,37.9025,23.769289
61465,37.864248,23.768459
100019,41.151761,24.138448
470091,41.122518,25.064807
60310,38.136718,23.832355
290068,38.250832,20.647654
350209,36.901992,22.84441
330159,40.290309,21.863735
240130,35.008831,24.951046
200149,35.507233,23.987545
430013,40.79592,22.415238
230001,40.629075,22.439927
230026,40.632509,22.068259
480042,37.714103,26.862011
480057,37.692711,26.770619
460086,35.356493,24.402853
470035,40.983504,25.210226
510160,41.131762,24.887876
64539,38.047092,23.679562
150162,39.101092,22.271619
240006,35.052918,25.411606
120075,41.029793,26.295263
20342,38.585819,21.089505
61156,37.897111,23.764601
260093,40.933996,24.710642
510232,41.099535,24.858834
510089,41.133995,24.880335
510201,41.133917,24.882334
510234,41.106625,24.867178
510210,41.129798,24.885602
61582,38.067716,23.631972
240159,35.299279,25.148102
61585,38.073183,23.629674
61586,38.071136,23.630563
61587,38.069174,23.625228
330009,40.254167,21.205747
61163,37.889237,23.770948
61408,37.863577,23.748636
61407,37.864296,23.749175
61193,37.89935,23.767662
61397,37.882652,23.729177
61235,37.885195,23.761957
120106,41.507831,26.280187
270005,39.399851,21.602789
320037,37.845274,22.406161
340127,37.103607,25.375428
61183,37.895991,23.771433
61194,37.899063,23.770245
200133,35.498421,23.785402
470075,41.041313,25.404083
330135,40.083023,21.971486
90113,40.780817,22.956226
40084,37.638653,21.905385
90119,40.754821,23.131
370092,35.074365,26.138663
60265,37.964965,23.650302
220132,37.853898,21.256621
220140,37.898386,21.311845
150164,38.887589,22.703193
240196,35.138034,25.265111
61140,37.893739,23.763295
61403,37.874123,23.733894
240199,35.117147,25.266022
61198,37.900345,23.771938
110090,35.956436,27.76787
110101,35.950172,27.874773
61196,37.90079,23.768621
61200,37.899574,23.772581
61246,37.880908,23.763354
61155,37.886621,23.769274
61418,37.859419,23.752976
61149,37.88972,23.768103
61381,37.873704,23.752138
300266,39.708436,19.842445
10251,38.108606,21.594671
210014,38.542638,26.106293
64440,37.987015,23.762053
150065,38.894815,22.276524
150177,39.149954,22.247599
510080,41.074122,25.022817
60440,37.97699,23.757598
60567,37.978285,23.76794
60611,37.975862,23.759038
60568,37.978038,23.768988
60606,37.976589,23.762265
60575,37.978241,23.763528
50116,39.266504,21.340816
10063,38.228231,21.762903
190156,40.310345,23.389493
61516,38.070375,23.783279
61515,38.07531,23.791448
61512,38.074379,23.768613
360086,39.717834,22.869986
180090,40.003756,21.284407
230071,40.652786,22.122639
61571,38.062387,23.650069
370067,35.256881,25.607143
380064,39.070811,26.591305
340221,37.446868,25.391311
90008,40.721209,23.706611
61220,37.887997,23.757834
270137,39.407287,21.961045
90064,40.818381,23.35823
490067,41.117613,23.458936
130139,38.588839,23.767229
430049,40.80541,21.98539
260076,40.994267,24.653306
330146,40.47959,21.636008
290092,38.223922,20.514782
490107,41.264221,23.19505
270178,39.317349,21.859741
61237,37.883931,23.762669
61430,37.857371,23.760111
61424,37.856259,23.755987
61379,37.877518,23.754174
20329,38.851611,20.942629
510100,41.132647,24.88108
510090,41.131043,24.883822
510101,41.130921,24.88575
510208,41.131055,24.881358
360074,39.737615,22.286221
510212,41.129333,24.881464
200159,35.497695,24.034783
170014,38.478321,22.495962
320039,38.011051,22.751111
350183,36.244829,22.993753
61143,37.891497,23.767451
61141,37.895057,23.761723
270162,39.396493,21.898709
90218,40.662957,22.857832
90219,40.654753,22.852403
20335,38.368997,21.431419
440067,40.311203,22.259904
250017,39.766352,20.865859
250039,39.788059,20.801614
250100,39.790955,20.821397
250092,39.823126,20.910423
510061,41.092216,24.901571
110242,36.876797,27.204394
350134,36.666067,22.383709
360002,39.792445,22.119798
360104,39.497971,22.556565
61404,37.880619,23.730503
380034,39.982667,25.406345
61347,37.885333,23.749242
61386,37.865162,23.74591
20351,39.067753,21.272839
61192,37.897532,23.773589
350140,36.666067,22.383709
61400,37.869804,23.739606
380085,39.04341,26.50552
61390,37.868299,23.741236
260006,40.984748,24.702271
510118,41.144373,24.88623
60552,37.973935,23.764247
60638,37.979257,23.76074
60635,37.978368,23.759674
60632,37.978477,23.759125
60631,37.978482,23.759827
60630,37.977805,23.756494
60629,37.977694,23.756698
60628,37.978065,23.757053
490066,41.128595,23.380069
120080,40.883438,26.047202
180113,40.146971,21.32817
190136,40.464739,23.376658
10308,38.284987,21.764813
360140,39.676526,22.579211
61177,37.89447,23.771848
61197,37.898758,23.765705
61455,37.85956,23.761422
61279,37.873907,23.766147
250049,39.830314,20.883698
61263,37.880047,23.766987
61231,37.883709,23.762642
150134,39.153603,22.197217
91108,40.613231,22.959624
240105,35.341156,25.136336
240105,35.341156,25.136336
40438,37.16294,22.861902
40439,37.167316,22.855715
400039,39.328929,23.149312
350228,36.180172,22.984414
61448,37.861973,23.75233
61310,37.872754,23.753662
160075,40.783229,21.482928
430085,40.833697,21.79685
61334,37.865963,23.758568
61507,38.072333,23.762758
61339,37.866671,23.76515
61422,37.855684,23.752946
61446,37.860007,23.755477
61421,37.856912,23.75334
61432,37.856592,23.761467
61459,37.862239,23.764186
130029,38.621069,24.058781
61299,37.878661,23.757914
61392,37.864882,23.744459
61399,37.868306,23.740518
61182,37.890532,23.774282
61466,37.861873,23.769176
61402,37.873341,23.73632
60546,37.972983,23.76718
60547,37.973644,23.76717
60662,37.983306,23.768064
60445,37.972329,23.766897
60550,37.974815,23.765418
60661,37.981356,23.770506
60660,37.981487,23.769908
510214,41.126547,24.884804
510222,41.140946,24.88258
510228,41.123941,24.874059
420078,37.939578,23.64084
90115,40.718086,23.044088
470167,41.121687,25.399455
20689,38.762551,21.436035
61262,37.883343,23.76894
61355,37.883251,23.748458
61259,37.885761,23.768267
61377,37.878581,23.752659
220159,37.807656,21.620306
61258,37.880697,23.767898
61357,37.882058,23.74477
510103,41.128319,24.883618
510215,41.128336,24.880163
510091,41.128297,24.881212
510225,41.126106,24.87809
510226,41.125658,24.879337
490228,41.090865,23.555866
61136,37.892821,23.764333
61132,37.893124,23.761826
61224,37.887771,23.760775
61238,37.885789,23.764003
61153,37.889071,23.768554
61152,37.887018,23.771172
270157,39.424955,21.693664
61209,37.902891,23.771235
61304,37.875919,23.761205
61157,37.886041,23.770088
61181,37.893,23.774874
61131,37.891324,23.76222
320114,37.912797,22.988041
270036,39.429774,21.663682
360024,39.895697,22.187763
110070,36.953039,26.980266
20356,38.822907,20.744734
20359,38.826229,21.075577
61431,37.854661,23.759545
330139,40.266753,21.503859
61467,37.858656,23.769157
61468,37.854974,23.769944
510174,41.113908,24.919844
510177,41.136156,24.886142
510181,41.136737,24.880251
510185,41.135422,24.886917
510187,41.128677,24.885317
510188,41.134559,24.883453
60554,37.973633,23.765357
60555,37.975862,23.766892
60627,37.979086,23.756899
60626,37.97819,23.7623
60438,37.97748,23.764042
60625,37.97886,23.762264
60624,37.978802,23.761693
60563,37.976808,23.764717
100045,41.266465,24.496715
40255,37.450557,22.466946
50035,39.360376,21.096808
400159,39.141197,23.272637
61793,37.933114,23.884179
61353,37.884808,23.748105
61346,37.8855,23.74905
20156,38.552273,21.242665
61338,37.865603,23.762285
61333,37.868184,23.760598
61313,37.872098,23.756853
61505,38.065775,23.759704
61504,38.06594,23.757409
210069,38.227769,26.000842
110075,36.786361,27.147717
90114,40.73797,22.984443
220013,37.64273,21.624813
410063,36.797127,21.958224
110220,36.392499,28.068535
60659,37.982715,23.769757
120154,40.847092,25.87199
120212,40.846204,25.875768
250222,40.239885,20.885908
380092,39.017552,26.368266
160033,40.730906,21.194479
250189,39.865649,20.560495
80074,39.521686,20.431325
380096,40.004736,25.4252
61270,37.87632,23.766218
61190,37.896038,23.774041
61364,37.881484,23.751631
61352,37.883554,23.75113
170059,38.488709,22.057138
180029,40.095142,21.592618
61375,37.880831,23.756588
61464,37.862691,23.765619
61462,37.860542,23.765199
61457,37.855793,23.767335
20008,38.810546,21.511813
61440,37.863112,23.753493
490003,41.3188,23.540039
60658,37.982438,23.76877
60657,37.981842,23.770681
60656,37.982287,23.770821
60655,37.981208,23.773091
60654,37.982943,23.772101
60551,37.973621,23.764907
60652,37.982468,23.772931
20095,38.739497,21.347926
100074,41.133874,23.927783
61387,37.866181,23.746914
61298,37.877363,23.755839
61427,37.85901,23.757592
61285,37.873067,23.768522
510028,41.305342,24.894911
130200,38.489399,23.800398
61252,37.88271,23.764047
61350,37.883449,23.746738
61351,37.882912,23.746006
61250,37.880536,23.760925
510111,41.139343,24.889324
360107,39.503015,22.70586
170028,38.433305,22.425681
90156,40.555055,23.37246
420071,37.952937,23.630392
60280,38.078062,23.703829
410206,37.12039,21.576909
250254,39.590265,20.801973
61368,37.881704,23.749786
61349,37.885988,23.749717
360142,39.383546,22.352018
160076,40.804039,21.457625
90096,40.6605,22.934906
61239,37.887027,23.762855
63773,38.003447,23.847765
20138,38.368997,21.431419
440049,40.165435,22.54468
210033,38.482674,25.925713
470094,40.950581,25.562311
67660,38.026548,23.998977
270156,39.266874,22.139284
450057,39.311969,20.604895
60617,37.977196,23.760693
510132,41.138057,24.888057
110236,36.854463,27.157911
340229,37.436261,24.933898
510217,41.138355,24.884747
61359,37.880037,23.746395
61291,37.871737,23.771781
60309,38.128837,23.75823
61461,37.858612,23.765887
360122,39.674979,22.884375
61456,37.858126,23.763357
61401,37.871053,23.740655
61441,37.864032,23.751695
61343,37.865905,23.76779
60113,37.99365,23.731034
510189,41.134681,24.884085
510190,41.134994,24.882427
510192,41.133945,24.88683
510231,41.104563,24.864702
260095,40.627852,24.574203
61458,37.859849,23.768873
61436,37.866064,23.748508
61391,37.870629,23.737547
61191,37.897964,23.769229
50143,39.098356,20.992398
61344,37.886522,23.750485
61435,37.865581,23.749244
61454,37.861956,23.760485
61450,37.86142,23.756154
61425,37.855929,23.757405
61443,37.864725,23.752814
61428,37.85938,23.759043
61336,37.867995,23.76234
61511,38.069849,23.766299
410149,36.957189,21.929222
320040,38.077926,22.63089
370057,35.037319,25.972417
300264,39.701766,19.840514
400114,39.340641,23.009023
300265,39.706805,19.839009
340127,37.103607,25.375428
50136,39.16143,20.935384
110279,36.975206,26.937802
380058,39.147056,26.529948
50141,39.129998,21.043116
61243,37.887821,23.765853
200142,35.513357,24.021674
50063,39.288707,21.399359
61245,37.886947,23.767053
50110,39.263416,21.382818
61167,37.89648,23.767967
10311,38.210009,21.7597
200144,35.513357,24.021674
350173,36.247382,22.953243
130003,38.840478,22.881231
20072,38.451669,21.704708
50105,39.296848,21.317146
130224,38.86311,22.976554
200074,35.430934,23.685118
60545,37.974002,23.765902
470081,40.980984,25.649836
190007,40.396878,23.879229
310057,40.871299,22.907638
60651,37.982344,23.772893
60650,37.982287,23.77148
60644,37.982655,23.773805
60643,37.980728,23.765248
60642,37.980655,23.763934
60641,37.981416,23.763862
60640,37.98123,23.764902
470212,41.119424,25.395704
510199,41.113343,24.870316
420056,37.497348,23.444954
360043,39.639308,22.41592
100084,41.120518,24.039821
60900,37.920362,23.706534
60901,37.922135,23.708563
510198,41.131341,24.862259
510202,41.133327,24.886852
510203,41.132561,24.883417
510204,41.132608,24.882156
120258,40.849771,25.862853
510209,41.130049,24.882937
510102,41.130021,24.883766
510144,41.133687,24.895625
510193,41.135023,24.880647
200158,35.497453,24.029202
500088,39.527766,21.439002
250183,39.54812,20.950484
160004,40.777112,21.301862
160016,40.761001,21.149332
160018,40.693556,21.170469
160030,40.787035,21.246115
160041,40.670381,21.148883
160048,40.790083,21.139317
410005,36.763933,22.334893
160026,40.740478,21.132099
510200,41.116891,24.855095
510229,41.122831,24.875063
510105,41.138771,24.883015
510096,41.146777,24.934415
470142,41.125535,25.4041
470105,41.123364,25.404282
360026,39.293092,22.382997
10292,38.258667,21.744399
320143,37.927838,22.969838
320139,37.930315,22.878542
410197,36.899199,21.744875
500165,39.516991,21.657137
120132,40.849802,25.875784
120140,40.850533,25.873889
120147,40.853321,25.879875
470135,41.118898,25.406671
470146,41.118004,25.407583
470147,41.117003,25.405192
90353,40.575706,22.970479
430024,40.815633,22.352964
60634,37.978448,23.758268
60622,37.980107,23.761659
60602,37.97577,23.763395
60603,37.97428,23.763029
61108,37.899457,23.754348
61110,37.900085,23.756363
470145,41.127633,25.408724
470103,41.120896,25.401827
300046,39.477516,19.912498
390013,38.709392,20.710483
490094,41.237689,23.243989
130019,38.410493,24.037125
61065,37.890794,23.75146
61071,37.893905,23.757006
170042,38.527704,22.205537
61072,37.895177,23.757616
61076,37.890935,23.759701
61077,37.891015,23.760759
61078,37.892299,23.753524
61081,37.892111,23.750716
61082,37.892268,23.749404
61083,37.893132,23.747662
410009,37.209293,21.593782
90073,40.61237,22.96756
310063,40.840833,22.772075
200157,35.496315,24.028994
130059,38.462286,23.594232
360088,39.630483,22.409969
380054,39.169239,26.146139
490309,41.102446,23.629531
60196,38.006701,23.776359
450072,39.29266,20.906648
290033,38.364905,20.720566
340226,37.399583,24.877374
60027,38.023176,23.802156
290045,38.199998,20.437267
130165,38.574421,23.642977
350084,36.850936,22.666111
520016,37.759436,20.890955
90098,40.585098,22.9597
90103,40.597768,22.965018
410198,37.059915,21.581157
30095,37.608281,22.947759
68047,37.982181,23.761103
270025,39.235747,21.898839
70003,38.392817,22.927078
120093,41.432491,26.5592
430040,40.99925,22.175503
190104,40.529694,23.756827
320134,37.797974,22.593347
180163,40.084763,21.425523
110262,36.802567,27.153383
60577,37.979071,23.765863
510197,41.132139,24.866937
60027,38.023176,23.802156
60233,37.952261,23.705442
220161,37.714043,21.35022
220085,37.685648,21.355865
60108,38.088237,23.808159
60430,38.032944,23.359189
60839,37.845255,23.768027
490199,41.085628,23.552182
320119,37.906294,22.88211
260028,40.950067,24.183767
360114,39.84901,22.176355
360047,39.439616,22.677174
500148,39.610292,22.12353
220157,37.978255,21.318151
220138,38.032793,21.366597
60288,37.942475,24.009749
10167,37.939075,21.677232
470111,41.113345,25.407131
500027,39.499343,21.539402
60604,37.976227,23.76108
60645,37.981639,23.773838
60623,37.980199,23.762595
200079,35.46698,23.799093
120130,40.846316,25.878311
60615,37.977269,23.760039
60447,37.980014,23.766443
150417,38.775178,22.77691
10257,38.258667,21.744399
320047,37.8504,22.999724
250104,39.77028,21.185501
240024,35.013037,25.059259
150078,38.828257,22.446376
340672,36.387725,25.463563
250058,39.66616,20.852682
20353,38.623545,21.613179
330042,40.299228,21.792746
400299,39.07925,22.776774
340230,36.387725,25.463563
420085,37.972506,23.647313
420087,37.972506,23.647313
470114,41.111961,25.407739
470123,41.117665,25.396132
250238,39.875631,20.705036
120144,40.852378,25.875426
61091,37.895866,23.747432
61092,37.893803,23.755028
60608,37.976235,23.761988
60612,37.975426,23.758779
490138,41.081269,23.541983
490128,41.080363,23.544778
490129,41.08269,23.541532
60256,38.031404,23.709343
490108,41.113598,23.253258
61761,38.028221,23.681724
250044,39.625151,20.969244
190012,40.258473,24.246891
61073,37.893952,23.758836
61074,37.892307,23.758438
61075,37.891115,23.758725
61085,37.894412,23.752996
61086,37.894971,23.75111
61087,37.89357,23.751522
90103,40.597768,22.965018
61093,37.895077,23.75491
61096,37.895847,23.752914
61098,37.896829,23.750891
61100,37.896969,23.748398
61102,37.898654,23.746872
150118,38.79739,22.545543
60017,37.964376,23.725013
120071,41.575626,26.233515
400132,39.374487,22.934747
460051,35.364052,24.477255
61162,37.890788,23.770494
61175,37.888009,23.774642
460072,35.166075,24.581845
130232,38.63534,23.615207
10197,38.21122,22.133853
270186,39.382131,21.909442
290093,38.248242,20.426403
200025,35.414926,23.760139
240170,35.334337,25.118779
510220,41.139262,24.881925
370303,35.037319,25.972417
330159,40.290309,21.863735
340132,37.085997,25.149012
510038,41.139207,24.886779
340112,37.03832,25.252713
130063,38.484734,23.550103
500170,39.458632,21.619761
60027,38.023176,23.802156
490071,40.907864,23.501769
200114,35.488061,24.073449
90145,40.458298,23.181864
490068,41.085704,23.341024
240083,35.232451,24.984523
350062,36.841887,22.496038
500184,39.866792,21.562243
120168,40.845996,25.864763
120197,40.844625,25.86845
120178,40.851496,25.876327
60767,37.84534,23.776739
510221,41.138444,24.88177
510224,41.140953,24.879979
510128,41.14587,24.931953
510223,41.1389,24.879501
490189,41.098353,23.598646
240121,35.260469,25.008115
470109,41.115092,25.405254
320121,37.893939,22.927024
250145,39.596052,20.572677
300032,39.720471,19.836813
240194,35.341475,25.134092
60270,38.320039,23.796631
250056,39.652178,20.842256
30103,37.594134,22.692654
90143,40.483449,23.051024
340107,37.053824,25.20435
120149,40.859355,25.878188
60897,37.920762,23.700859
150186,38.656783,22.87654
400137,39.426953,22.745492
60769,37.84912,23.777761
60754,37.851396,23.763442
60746,37.850576,23.76991
490142,41.085698,23.538197
120175,40.846577,25.879055
470153,41.113319,25.404905
470158,41.115351,25.399612
470110,41.116041,25.404621
470159,41.114388,25.402251
450060,39.34622,20.882407
420086,37.972506,23.647313
140037,38.915217,21.793509
440043,39.992326,22.623917
64344,38.132268,23.775518
190003,40.487924,23.597543
20308,38.58225,21.44896
20315,38.524444,21.469541
510227,41.123654,24.876062
510092,41.120703,24.865755
60610,37.976626,23.758353
61103,37.898058,23.752513
60081,37.985357,23.73388
61105,37.898147,23.753678
10262,38.152821,22.316691
430060,40.84607,22.504845
240145,34.986219,25.499357
10122,38.158472,22.342887
61171,37.890441,23.772682
61172,37.892079,23.770309
170096,38.396671,22.010577
60136,37.963987,23.571556
60267,38.295631,23.902158
120274,41.646627,26.477586
120277,41.645174,26.474247
90080,40.924628,23.176488
61089,37.895841,23.750877
61090,37.894912,23.748898
61094,37.895931,23.754629
250227,39.533472,20.880224
61095,37.896715,23.754653
61097,37.896858,23.752743
490241,41.095764,23.560382
60233,37.952261,23.705442
68141,38.021101,23.749798
61106,37.899193,23.75242
20164,39.044078,21.373736
360096,39.564733,22.466109
200110,35.533339,24.076951
200112,35.451635,24.17361
90089,40.488656,23.021171
490197,41.088334,23.563472
490196,41.087241,23.558633
240171,35.291172,25.108362
270159,39.373097,22.005088
240162,35.303267,25.061111
240124,35.240212,25.115132
240161,35.288243,25.057671
490187,41.095409,23.559206
360136,39.712109,22.186604
90098,40.585098,22.9597
40014,37.40522,22.722298
350203,36.765735,22.941134
410172,37.099657,22.004963
390028,38.781576,20.665854
10265,38.238242,22.124062
90029,40.65147,22.872071
40213,37.345627,22.761482
430043,40.941958,21.974464
10016,38.251325,22.085218
520055,37.788953,20.874577
90061,40.670854,22.806344
490186,41.08962,23.56043
490200,41.087585,23.554686
510164,41.132516,24.893659
400139,39.231139,22.796254
360052,39.895924,22.639751
230006,40.412998,22.305834
60745,37.851183,23.773642
60636,37.979843,23.760646
490184,41.095307,23.556029
370030,35.018745,25.855444
40273,37.772811,22.381248
190074,40.332682,23.724526
470148,41.116418,25.406825
220050,37.590982,21.617936
90125,40.705216,22.789367
60282,37.920762,23.700859
450020,39.196946,20.650636
30104,37.663276,22.751143
150412,38.810565,22.735179
230029,40.421438,22.240143
230033,40.350513,22.211329
400127,39.383932,22.746476
60427,38.045529,23.975667
60431,38.044818,23.985892
130088,38.015022,24.420561
60765,37.846994,23.777468
100068,41.314173,24.00446
60782,37.833513,23.772259
490193,41.094442,23.551459
490191,41.093539,23.547469
490194,41.094074,23.553731
120193,40.844727,25.866908
280020,40.412793,21.062476
250231,39.669623,20.590652
260046,40.779688,24.709862
360108,39.859776,22.53049
310086,40.963582,22.857295
60707,38.107112,23.770224
65383,38.04198,23.541069
400298,39.249568,23.259812
150245,38.992529,21.937922
490396,41.2702,23.451681
50059,39.262976,21.181206
450068,39.093828,20.70376
280029,40.581912,21.300077
90058,40.687238,23.27745
240040,35.209203,25.337265
60646,37.981772,23.774426
60616,37.976987,23.759342
60599,37.975578,23.762995
360077,39.780476,21.97894
200164,35.501285,24.042023
60364,38.279894,23.794732
200163,35.493438,24.044794
120166,40.853365,25.872918
120202,40.854668,25.873399
120169,40.849041,25.86072
120170,40.85558,25.870545
60607,37.975749,23.761772
120188,40.855573,25.889878
380057,39.169031,25.933285
380014,39.926092,25.334149
180106,40.152662,21.481768
380087,39.862142,25.322439
20070,38.528899,21.528399
150175,38.94181,22.034524
130265,38.359907,23.637167
320054,37.89147,22.337726
320104,37.750371,22.878629
440003,40.375587,22.394718
61358,37.891804,23.747091
90352,40.550931,22.982437
61064,37.88943,23.751784
200162,35.496658,24.037956
60196,38.006701,23.776359
61107,37.898347,23.754678
60108,38.088237,23.808159
220155,37.887647,21.136837
190020,40.240536,23.284456
130275,38.535694,24.119375
120189,40.854059,25.891472
470136,41.120141,25.404913
470126,41.122496,25.401117
470108,41.127644,25.408501
470107,41.126124,25.407301
61535,38.094684,23.823641
68051,37.954053,23.669571
60081,37.985357,23.73388
350197,36.959996,22.452459
350036,36.760664,22.56516
60286,37.979561,23.726586
380097,39.211818,26.205624
350055,36.686192,23.035837
210014,38.542638,26.106293
360123,39.976463,22.123033
360067,40.065018,22.053095
500072,39.756366,21.498935
20142,38.669338,20.94679
190120,40.396919,23.796808
490074,41.027392,23.779842
350201,37.028522,22.562514
60896,38.026548,23.998977
60653,37.981228,23.771641
60649,37.981254,23.774001
490084,41.014254,23.52098
150126,39.00286,22.222783
440298,40.30865,22.494649
150086,39.033275,22.080157
430030,40.76783,22.153381
61186,37.893318,23.775644
190107,39.943564,23.66309
60399,37.961355,23.752121
60400,37.961355,23.752121
60401,37.961355,23.752121
60402,37.961355,23.752121
450045,39.327607,20.998508
440021,40.098097,22.5559
60286,37.979561,23.726586
63829,38.124244,23.856365
490015,41.022626,23.361722
60553,37.974367,23.765125
60639,37.98125,23.764163
60633,37.979875,23.758207
60600,37.974694,23.762678
60576,37.97886,23.763419
260073,40.937604,24.325872
330152,40.460082,21.672447
10134,37.904637,21.929568
480033,37.584092,26.226439
500191,39.541063,21.793273
210082,38.578194,26.012833
510130,41.147281,24.942843
510129,41.146874,24.932399
130082,38.953613,23.152209
70114,38.316387,23.177376
220084,37.848947,21.567102
91354,40.661631,23.002225
60441,37.972907,23.780129
60681,37.913378,23.717373
230061,40.548859,22.422377
240094,35.295437,25.019685
130136,38.156032,24.239813
60108,38.088237,23.808159
130131,38.178056,24.209941
390018,38.821167,20.651855
410153,37.109007,21.943745
120135,40.849129,25.882159
120176,40.851582,25.883343
120181,40.849617,25.87506
120184,40.85089,25.875213
120145,40.849601,25.883848
120164,40.847676,25.856256
120196,40.844696,25.870874
80096,39.419389,20.376818
190071,40.095787,23.784827
60383,37.722527,23.991538
200111,35.376986,24.201344
30050,37.589428,22.739588
63202,38.025668,23.933915
280045,40.492653,20.985844
480076,37.725692,26.910694
91355,40.653416,22.994632
220133,37.863939,21.207637
290086,38.122383,20.625038
250204,39.705585,20.729567
300038,39.747636,19.765189
60260,38.043077,23.753526
110226,36.180538,28.071941
200166,35.49961,24.053801
200152,35.516211,23.877737
200154,35.489187,24.014285
60902,37.922268,23.715835
60855,37.814548,23.773725
120032,41.643736,26.1831
250229,39.415817,20.83848
260100,40.859153,24.112376
350208,37.169699,22.303734
61061,37.889478,23.753034
390034,38.788571,20.614149
61063,37.889245,23.750495
63203,38.021893,23.934288
63204,38.026242,23.936761
300054,39.726899,19.903364
63205,38.027419,23.938488
250139,39.523086,21.10204
340122,37.449801,25.33006
220152,37.877284,21.361839
240085,35.094366,25.282786
60258,37.934122,23.641061
350199,36.825984,22.771569
190022,40.311944,23.061892
130620,38.054614,24.535068
60846,37.815967,23.772649
60845,37.809947,23.782831
64110,37.954268,23.717721
60844,37.813531,23.777018
60843,37.814942,23.783593
60840,37.81341,23.782237
65230,38.017363,23.75926
130282,38.582282,23.710744
20066,38.449163,21.965533
350213,36.961702,22.652901
20061,38.58528,21.978652
20309,38.614387,21.520484
90112,40.819506,23.032327
61708,37.913756,23.74742
61714,37.911478,23.746814
480089,37.708326,26.746917
380090,39.309691,26.335228
60479,37.971597,23.778417
61248,37.879522,23.762494
450036,39.28504,20.400957
480041,37.556139,26.113239
61383,37.876504,23.75021
61365,37.88004,23.751154
61265,37.882612,23.771197
61366,37.883194,23.752112
60784,37.833435,23.776055
300049,39.607209,19.876802
60786,37.832359,23.781523
60785,37.833417,23.783264
60781,37.829631,23.773082
60779,37.841324,23.770215
260018,41.013112,24.294688
210069,38.227769,26.000842
210073,38.316935,26.126551
440018,40.267452,22.592067
460057,35.417439,24.691636
60307,37.724808,23.944946
190028,40.37895,23.440378
60458,37.972935,23.778653
60462,37.975481,23.776884
60492,37.976797,23.770954
220064,37.44215,21.771417
480075,37.75345,26.978699
200046,35.233984,23.685363
60813,37.827974,23.773598
200171,35.521423,24.058333
60761,37.855291,23.77682
60744,37.844684,23.76472
60747,37.849994,23.77185
200167,35.517766,24.051992
110239,36.975206,26.937802
90110,40.730702,22.917343
20231,38.919259,20.889948
380004,39.080086,26.37112
190035,40.505646,23.443197
120200,40.847915,25.868842
60556,37.976374,23.765
510097,41.147789,24.939005
490198,41.097049,23.557654
60451,37.972469,23.780591
410180,36.786376,22.328683
340233,37.766447,24.950101
370057,35.037319,25.972417
470079,40.941535,25.470315
430063,40.82283,22.244661
510066,41.197513,24.704963
310056,40.987115,22.543317
310015,40.947859,22.448002
470039,41.023373,25.35699
440007,40.480392,22.48739
300053,39.612696,19.815156
440022,40.500736,22.543591
240135,35.2112,25.195603
420046,37.945997,23.646649
60912,37.925133,23.722694
60935,37.924387,23.721159
60947,37.922673,23.724482
60948,37.920356,23.728156
510121,41.141066,24.893452
510183,41.135853,24.885375
120103,41.375767,26.379107
490151,41.085915,23.545817
490152,41.085609,23.544805
490153,41.084945,23.545735
490155,41.083682,23.548181
490156,41.083753,23.547461
130261,38.950675,23.090172
63206,38.030195,23.939962
410158,37.049843,21.716597
420060,37.756446,23.519081
280062,40.623258,21.20101
90015,40.7321,22.603708
60108,38.088237,23.808159
90108,40.540394,23.028096
110135,35.757522,27.206652
470115,41.113579,25.408447
60605,37.97749,23.762569
60570,37.977149,23.768416
60847,37.814019,23.784246
60852,37.815862,23.786743
60853,37.811657,23.783746
60841,37.809111,23.774915
60865,37.820722,23.781537
60776,37.854215,23.77898
480081,37.777051,26.893686
230068,40.486637,22.214046
65231,38.017958,23.760303
65274,38.015133,23.753427
60362,38.045126,23.804014
250226,39.850709,21.227758
60232,38.03776,23.691172
60232,38.03776,23.691172
420063,37.74467,23.535316
470151,41.115034,25.408205
250217,39.851122,20.766022
60511,37.973743,23.772563
60667,37.983573,23.770578
60558,37.976143,23.765903
240104,35.334337,25.118779
230075,40.468516,22.089714
240104,35.334337,25.118779
130255,38.425804,23.670474
60762,37.847797,23.770285
200170,35.51469,24.044542
200168,35.515029,24.050162
60849,37.815961,23.781997
60808,37.839059,23.781444
30070,37.565243,23.151709
340171,37.539835,25.162117
420074,37.940648,23.645626
150143,38.903685,22.371553
380086,39.115747,26.414662
240174,35.31104,25.155004
40269,37.576789,22.414527
470152,41.110313,25.413541
360137,39.689988,22.632324
30113,37.36167,23.221098
430025,40.737224,21.824511
490202,41.08164,23.555482
490204,41.081652,23.558832
220032,37.738534,21.535922
70008,38.371873,23.103545
250056,39.652178,20.842256
250285,39.643687,20.838955
90226,40.428582,23.026611
470068,40.973582,25.423384
90106,40.584704,23.031382
330129,40.622746,21.707082
380060,38.974806,26.370284
190070,40.277927,23.438593
440026,40.414498,22.545611
60613,37.976505,23.759681
410157,37.225321,21.967886
470220,41.129008,25.395831
470163,41.115847,25.394613
470165,41.118671,25.395452
470169,41.116026,25.392797
20215,38.562794,21.974061
360097,39.714903,22.395788
260020,40.627852,24.574203
110021,35.48421,27.120402
100061,41.177993,23.971577
410046,37.298981,21.698676
90032,40.778041,22.574834
270036,39.429774,21.663682
220141,37.736784,21.409654
60108,38.088237,23.808159
220143,37.826158,21.695414
470039,41.023373,25.35699
510133,41.138331,24.889629
510137,41.13794,24.890809
60963,37.91627,23.718231
510146,41.135573,24.897918
120242,40.847345,25.873184
60916,37.919466,23.724514
120257,40.846002,25.860633
190055,40.265586,23.202332
360074,39.737615,22.286221
90096,40.6605,22.934906
63207,38.032886,23.94031
67884,38.332024,23.733508
91353,40.660911,23.000326
480069,37.785091,26.84823
40222,37.319893,22.14375
10279,38.25835,21.78648
10049,38.109097,21.782148
450036,39.28504,20.400957
60454,37.975372,23.778868
60614,37.976988,23.758576
60557,37.976467,23.766037
490136,41.08198,23.549965
490145,41.085924,23.53248
490188,41.100004,23.590195
60774,37.848538,23.780552
60772,37.853221,23.778353
60771,37.85238,23.781842
60758,37.851544,23.767993
60755,37.852467,23.762642
60750,37.845353,23.76064
490061,41.236163,23.391612
360009,39.74575,22.360131
200097,35.420579,24.142418
490069,41.180404,23.234372
480077,37.70337,26.904934
20063,39.025916,21.322545
380048,39.100552,26.239984
240140,35.042683,25.453876
490205,41.089855,23.544268
510099,41.133919,24.89251
60743,37.846167,23.758912
60363,38.176172,23.919128
360026,39.293092,22.382997
60270,38.320039,23.796631
280105,40.496634,21.243024
63500,38.067494,23.769171
90710,40.703282,22.950923
60837,37.852163,23.759651
60791,37.835942,23.770185
500168,39.56791,21.611596
240123,35.164473,25.351616
330126,40.297121,21.662986
240190,35.337385,25.133767
470113,41.114153,25.409833
470150,41.112573,25.410994
510162,41.131987,24.894482
60453,37.97381,23.778593
60460,37.975107,23.775757
60464,37.976667,23.774807
60740,37.845651,23.771481
70135,38.367567,23.451447
60859,37.825614,23.776453
310058,40.839308,22.920389
380078,39.360436,26.297099
270145,39.290173,22.19258
240120,35.240212,25.115132
80012,39.503707,20.263673
60150,37.747546,23.908209
270161,39.289907,22.043508
50137,39.102905,21.083966
60260,38.043077,23.753526
60618,37.977257,23.761389
60619,37.97656,23.760305
60620,37.978045,23.760871
60621,37.980623,23.762499
60637,37.979337,23.759662
60647,37.983315,23.773659
60648,37.982368,23.774357
60113,37.99365,23.731034
70045,38.238268,23.221331
260092,41.023802,24.705607
500163,39.498644,21.794583
310037,40.930111,22.571505
180111,40.113552,21.263464
270130,39.209068,22.042522
10059,38.187807,22.196443
190036,40.087892,23.318295
30108,37.631513,22.587809
40183,37.416246,22.765965
61028,37.914951,23.729198
60995,37.909297,23.716705
61052,37.910002,23.726412
61053,37.903038,23.720275
40259,37.316238,22.077607
410156,37.077432,22.050822
120199,40.843747,25.86846
120248,40.84598,25.868434
60753,37.848915,23.761331
60819,37.834995,23.789364
60818,37.836085,23.786739
60788,37.842721,23.769514
90099,40.635633,22.954865
450069,39.203532,20.882999
60312,38.166562,23.3382
63200,38.023776,23.928752
240080,35.127205,24.905927
63201,38.030952,23.931916
360110,39.573167,22.304639
40238,37.476718,22.731681
170106,38.375708,22.383121
220057,37.936828,21.262901
460028,35.358543,24.571014
60425,38.042775,23.970638
90713,40.709386,22.947347
63798,38.144796,23.854374
320135,37.836513,22.581771
60862,37.819381,23.771385
60858,37.825384,23.772187
60231,37.965074,23.745092
120089,41.633128,26.332109
220054,37.856737,21.805492
490090,41.015133,23.456195
90032,40.778041,22.574834
310046,41.037499,22.951819
340356,37.457128,25.343551
280107,40.502882,21.242505
340127,37.103607,25.375428
30096,37.325833,23.142882
300049,39.607209,19.876802
110179,36.450091,28.222448
490079,41.252321,23.078858
360079,39.689137,22.318015
340580,37.61289,25.126029
430020,40.684987,22.301602
500389,39.520122,21.814152
340581,37.589352,25.160674
340582,37.574361,25.159314
60202,37.961355,23.752121
80012,39.503707,20.263673
60362,38.045126,23.804014
360009,39.74575,22.360131
60199,37.989594,23.665008
90100,40.639976,22.934314
240101,35.328045,25.310826
360043,39.639308,22.41592
300049,39.607209,19.876802
330042,40.299228,21.792746
60466,37.97673,23.776283
60468,37.975808,23.776285
60470,37.977695,23.772889
60471,37.977306,23.774443
60474,37.977308,23.772733
60475,37.977502,23.773736
60477,37.974,23.775775
100015,41.092813,24.227193
110082,35.416894,26.921335
10100,38.031554,22.111821
350207,37.151092,22.438419
61577,38.067591,23.621466
330001,40.409745,21.929413
440007,40.480392,22.48739
370009,35.240681,25.681656
370013,35.206811,25.592177
370027,35.280081,25.672478
370002,35.206903,25.613522
64077,37.954613,23.715904
64093,37.954295,23.716291
64080,37.955373,23.716801
63159,38.013672,23.820018
63160,38.013749,23.820871
62851,38.002977,23.813224
90483,40.5787,22.949116
63089,38.024189,23.848829
62497,38.073909,23.800406
90371,40.596509,22.985595
90475,40.551275,23.020026
90477,40.55472,23.015146
63372,38.084031,23.835157
63452,38.097628,23.796926
30160,37.634028,22.780146
63910,37.833729,23.810053
63911,37.83595,23.81015
63588,38.056679,23.756928
400098,39.543169,22.986889
480068,37.616746,26.294961
480068,37.616746,26.294961
60051,38.010149,23.848731
63589,38.057934,23.757778
63280,37.960774,23.923766
60231,37.965074,23.745092
64253,37.955027,23.664817
64274,37.953285,23.65907
64278,37.95245,23.657251
64280,37.949385,23.658001
240255,35.313668,25.173165
90366,40.572197,22.972688
90368,40.572935,22.972653
60255,37.974386,23.749163
420077,37.936331,23.637656
420078,37.939578,23.64084
63095,38.024963,23.845266
63096,38.02527,23.847265
240237,35.334337,25.118779
240235,35.334337,25.118779
240234,35.334337,25.118779
350211,37.025993,22.621638
62356,37.927687,23.710638
63132,38.010899,23.819534
63133,38.009821,23.820405
63922,37.848603,23.840962
63935,37.821312,23.799871
63940,37.82031,23.797489
63960,37.8249,23.80406
370003,35.318116,25.608169
480009,37.576245,26.480526
63642,37.956599,23.854515
63646,37.958879,23.856615
62665,38.029487,23.794254
62670,38.030199,23.802066
260018,41.013112,24.294688
62673,38.030006,23.797981
60195,37.97626,23.710291
40074,37.389483,22.453841
63116,38.005638,23.829815
63317,38.099747,23.811754
63355,38.079275,23.811563
63359,38.085455,23.820861
63368,38.085757,23.830832
63371,38.082644,23.832877
90428,40.722949,22.909523
90427,40.72362,22.914896
63913,37.835518,23.815066
30126,37.617229,22.767495
30164,37.644642,22.710725
30165,37.661352,22.704125
62157,38.05455,23.801698
62161,38.05757,23.800382
62162,38.055653,23.800589
64205,37.954514,23.679405
64206,37.947526,23.674585
64208,37.947668,23.673432
64212,37.946318,23.674999
64221,37.950928,23.666712
64222,37.949522,23.666811
400104,39.57288,22.911825
62529,38.028588,23.785777
90098,40.585098,22.9597
40075,37.401647,22.134388
430030,40.76783,22.153381
120070,40.894498,26.171823
120003,40.84542,25.873993
190089,40.226136,24.290422
60282,37.920762,23.700859
190090,40.245866,24.285449
10345,38.21481,21.735795
90443,40.547654,23.020575
360177,39.617427,22.426546
110289,36.391696,28.232659
64382,38.026548,23.998977
62924,38.011049,23.770724
440068,40.267452,22.592067
62163,38.053344,23.800348
62164,38.056125,23.798654
62165,38.05648,23.79751
62166,38.058214,23.798259
240239,35.334337,25.118779
240236,35.334337,25.118779
450069,39.203532,20.882999
80032,39.466745,20.511453
300076,39.629529,19.885209
300079,39.613634,19.889667
300080,39.614626,19.893468
330171,40.103536,21.802308
62644,38.023382,23.789782
64137,37.951771,23.721191
64173,37.931257,23.726542
64174,37.931113,23.725509
63924,37.855317,23.840597
63955,37.816425,23.797428
180014,39.923404,21.81157
70110,38.341513,23.673103
90130,40.739833,22.872751
62926,38.014766,23.785033
62995,37.997951,23.78091
50159,39.094003,20.890974
440041,40.056983,22.560033
480076,37.725692,26.910694
150058,38.901441,22.431399
62195,38.056737,23.789147
180058,40.069034,21.220395
250291,39.656636,20.816513
330173,40.257963,21.740482
330174,40.257004,21.737009
360163,39.834611,22.794212
270017,39.365219,21.920051
62933,38.010987,23.78912
330180,40.526184,21.687886
330181,40.529312,21.685709
63590,38.058591,23.75918
63282,37.962731,23.924789
63615,38.066108,23.762859
120011,41.348682,26.493696
60294,38.001451,23.940206
240255,35.26432,25.056674
200203,35.508906,23.968551
64286,37.954986,23.659295
200204,35.467877,24.125122
200205,35.494273,24.056977
64288,37.958362,23.660382
220166,37.781937,21.56124
190085,40.365763,23.829528
220126,37.869758,21.851808
110140,36.555522,27.849326
500004,39.468704,21.535621
80105,39.52439,20.257581
90095,40.66709,22.896365
190171,40.050309,23.413119
64232,37.948033,23.665982
64237,37.947061,23.667935
64244,37.945894,23.669031
64246,37.945909,23.670176
64256,37.955207,23.663855
64341,37.961467,23.691301
63503,38.066553,23.778311
63492,38.064431,23.776109
63647,37.959776,23.856011
63660,37.941355,23.872736
63662,37.937826,23.876499
63665,37.935456,23.869083
63668,37.9313,23.871131
63670,37.93227,23.882321
90090,40.414009,23.009652
340161,37.444931,24.943758
60318,38.203309,23.964059
340222,36.462051,25.373803
10341,38.21606,21.732209
62913,37.998412,23.789526
62983,38.008595,23.794009
63032,37.997596,23.777391
10349,38.21765,21.747177
60240,38.080073,23.736107
190091,40.223706,24.309126
63409,38.095585,23.80352
63417,38.090895,23.800035
63418,38.091499,23.801647
63429,38.097741,23.800818
240253,35.407569,25.012136
240254,35.4046,25.016123
90453,40.546818,23.051068
370006,35.189506,25.718565
63951,37.819325,23.797336
340264,37.423562,25.333528
500002,39.550539,21.361286
60232,38.03776,23.691172
62102,38.056304,23.816706
62994,38.011797,23.786008
90422,40.706517,22.934317
63463,38.058578,23.769562
63464,38.056677,23.773535
63491,38.065656,23.772395
63494,38.063632,23.778043
63496,38.066143,23.776713
90238,40.570138,22.966405
170028,38.433305,22.425681
280001,40.455143,21.257794
90328,40.609272,22.993463
90240,40.569773,22.97078
63020,37.99935,23.772304
63019,37.999582,23.775636
90462,40.53162,23.013731
62844,38.009126,23.812448
220186,37.699916,21.396494
220212,37.679241,21.38583
200112,35.451635,24.17361
240107,35.329411,25.258962
63461,38.094699,23.775795
62107,38.053485,23.821513
62104,38.055978,23.823813
62106,38.052472,23.820074
10367,38.087005,21.543129
62089,38.063709,23.807413
62087,38.06263,23.805726
400128,39.327245,22.923281
350164,35.860981,23.309915
62645,38.028148,23.792059
62646,38.023985,23.791118
62647,38.024346,23.790239
62648,38.020987,23.791771
62649,38.019386,23.791371
62650,38.017006,23.791674
210071,38.241038,26.092843
63026,37.998766,23.776581
63314,38.097151,23.819766
10337,38.213561,21.749448
10338,38.214452,21.743346
60256,38.031404,23.709343
62260,37.926303,23.697997
64312,37.964162,23.692548
64332,37.958248,23.683612
90417,40.723428,22.924678
150213,38.892272,22.41258
63483,38.055455,23.77968
63526,38.05245,23.774462
90161,40.772864,23.224821
250228,39.696019,20.991927
90363,40.569256,22.973363
90369,40.571798,22.971238
62934,38.013882,23.79117
62935,38.010482,23.792131
62936,38.010906,23.794081
62940,38.008956,23.799025
63618,38.059768,23.753041
63619,38.059218,23.751683
63504,38.065047,23.778713
30039,37.378821,23.159472
90287,40.576415,22.951065
90384,40.603248,22.995756
330089,40.257418,21.553782
10238,38.245369,21.735276
400007,39.180307,22.761365
63498,38.067482,23.774437
63499,38.06758,23.769072
50005,39.375082,21.05869
50006,39.312908,21.080454
50027,39.3337,21.040017
50039,39.413888,21.051108
50047,39.408441,21.069771
50046,39.455374,21.114201
60334,37.918151,23.478356
62083,38.058384,23.807364
190017,40.217668,24.314643
190094,40.31511,24.209499
190096,40.228705,24.221549
190302,40.170816,24.382031
62091,38.053901,23.812332
63445,38.099826,23.801337
63451,38.098447,23.791762
63454,38.097904,23.789621
63569,38.048541,23.759301
63570,38.049102,23.758378
63575,38.055186,23.756245
63576,38.050439,23.754423
63577,38.04892,23.755946
63587,38.055722,23.756365
60330,37.901271,23.873896
370050,35.309491,25.59104
230013,40.549806,22.027287
60319,37.886702,24.003869
390009,38.833253,20.704361
61914,38.05545,23.873084
40016,37.333067,22.490776
62992,37.997673,23.77943
62984,38.000301,23.778158
62948,38.003055,23.788866
63024,37.996708,23.774891
62944,38.005236,23.783531
62943,38.004,23.784621
150089,38.718221,22.484172
63462,38.106995,23.805481
62279,37.925621,23.692203
62950,38.014134,23.785891
62982,38.003506,23.78184
220188,37.694309,21.408594
62887,38.009286,23.809886
290102,38.158834,20.482531
60051,38.010149,23.848731
60296,38.04198,23.541069
63908,37.851428,23.839673
63918,37.845808,23.815864
20022,38.623911,21.41029
63613,38.063652,23.75802
63614,38.063863,23.754999
63624,38.071452,23.760141
64216,37.951484,23.679863
60081,37.985357,23.73388
420074,37.940648,23.645626
90337,40.610766,22.98486
130059,38.462286,23.594232
300077,39.596689,19.889388
90385,40.602114,22.995479
62316,37.923853,23.696618
80107,39.542984,20.283398
370121,35.146264,26.246171
200202,35.51731,23.903956
63559,38.047703,23.765091
62937,38.011179,23.795644
62939,38.008969,23.800897
63370,38.083569,23.8312
150159,38.916197,22.302114
340119,36.743604,24.425305
120122,40.506078,25.570483
64195,37.95296,23.677695
64186,37.953645,23.676672
64199,37.949045,23.674874
64204,37.953899,23.679606
62651,38.01764,23.789657
62652,38.018314,23.791635
62653,38.020331,23.789168
62654,38.019336,23.788716
70008,38.371873,23.103545
62658,38.027625,23.797656
160056,40.69151,21.680592
63082,38.024749,23.83775
63086,38.021603,23.841014
63090,38.023809,23.838274
63092,38.023135,23.842631
63094,38.022778,23.845581
480087,37.604765,26.161366
50065,39.461605,21.031515
50072,39.478739,21.088929
50081,39.442736,21.102571
62941,38.012812,23.800571
62964,38.008318,23.791641
62966,38.012531,23.790223
360171,39.617153,22.416787
62094,38.057244,23.815554
190092,40.283762,24.266433
410214,37.179374,21.920617
63889,37.830209,23.816975
250047,39.749703,20.534993
250050,39.584396,20.543752
250077,39.565686,20.554575
250078,39.614305,20.531017
250124,39.49859,20.72698
63656,37.953345,23.877766
400072,39.193172,23.927269
30133,37.588008,22.804014
90325,40.606771,22.991005
360096,39.564733,22.466109
90279,40.572477,22.953587
220007,37.795263,21.349432
370067,35.256881,25.607143
90169,40.635046,23.246331
90587,40.64707,22.842782
50083,39.478432,21.025513
430056,40.831046,21.773341
340173,37.060426,25.398929
60193,38.008248,23.698936
60255,37.974386,23.749163
110298,36.432438,28.23816
62074,38.080548,23.811049
62096,38.056638,23.813916
62100,38.054913,23.816963
90329,40.608401,22.992641
90449,40.546929,23.04866
90451,40.547855,23.04613
90472,40.54991,23.02315
61659,37.907259,23.75282
61661,37.904029,23.754361
61662,37.907741,23.751606
63942,37.818843,23.800617
150008,38.638046,22.591513
63943,37.818568,23.797337
63945,37.818471,23.798316
340286,37.437795,25.30662
340288,37.417206,25.315935
340290,37.421687,25.319309
61913,38.048014,23.873063
61931,38.047641,23.858822
61930,38.046516,23.854413
380072,39.856192,25.085748
340119,36.743604,24.425305
61706,37.912903,23.745662
61874,38.059059,23.840536
61890,38.065603,23.84234
240111,35.326836,25.066795
90131,40.690955,22.999752
61644,37.940694,23.766259
61670,37.911473,23.755387
61906,38.064267,23.856394
61901,38.057923,23.861051
63954,37.817457,23.795869
340263,37.434603,25.341015
63970,37.832097,23.80874
62861,37.999678,23.802517
62869,38.003818,23.803424
62905,37.994095,23.805961
62929,38.013495,23.78655
61929,38.039537,23.840474
61920,38.04291,23.845407
61919,38.044171,23.843195
61690,37.925429,23.733146
61694,37.924311,23.734086
61695,37.921209,23.732107
61894,38.061669,23.85229
62000,38.056759,23.83488
62003,38.057517,23.826264
62012,38.064302,23.838262
330032,40.162645,21.91571
330084,40.131892,21.869079
62669,38.027412,23.804849
61881,38.051243,23.852436
61900,38.058364,23.859341
61895,38.063117,23.854113
62194,38.054203,23.787466
62197,38.058168,23.788016
62218,38.063139,23.795823
60329,37.97002,24.005386
60087,37.713661,24.053943
61166,37.893823,23.768472
200141,35.51787,24.038579
120232,40.845612,25.873671
200193,35.493975,24.022681
61723,37.923258,23.732476
61729,37.922175,23.733383
61745,37.927521,23.736094
61731,37.922223,23.730573
62894,37.992595,23.801475
62916,38.001674,23.790393
62915,38.001121,23.789062
70055,38.308805,23.63758
90023,40.731852,22.690499
62597,38.023731,23.813525
90077,40.480945,23.138748
62600,38.021976,23.811754
450094,38.989056,20.715213
400135,39.171398,23.224715
62219,38.062384,23.795334
62221,38.062827,23.798819
62224,38.06355,23.792556
240200,35.338618,25.15834
61627,37.935321,23.763061
61628,37.936551,23.763221
120241,40.844407,25.875159
200194,35.490383,24.022656
120177,40.844878,25.876486
60974,37.917057,23.728692
60975,37.918184,23.711119
120218,40.847291,25.874787
62895,37.996539,23.804992
62857,37.997629,23.802623
62827,38.004387,23.799743
62921,38.000509,23.78841
62863,38.004947,23.801394
340291,37.421796,25.314292
240201,35.340121,25.15817
50160,39.200599,20.937922
150203,38.888592,22.46373
320082,38.053519,23.029464
380147,39.095311,26.557599
380151,39.0943,26.551602
340166,36.419793,25.432418
350084,36.850936,22.666111
130250,38.514071,23.639048
240213,35.342515,25.155202
240214,35.340944,25.15843
61629,37.937112,23.761576
90370,40.598467,22.985526
440018,40.267452,22.592067
410150,37.158106,21.585751
90331,40.610647,22.992285
120219,40.847924,25.874746
120220,40.849121,25.874081
120221,40.846623,25.876591
60266,38.048383,23.836618
170028,38.433305,22.425681
490114,40.900861,23.817604
320089,37.956161,22.801015
240210,35.338283,25.158483
61687,37.922386,23.737122
61697,37.919386,23.735998
61941,38.033678,23.848246
61918,38.041948,23.839972
61933,38.037767,23.840375
61958,38.03988,23.830134
300060,39.196299,20.183449
300026,39.204225,20.163302
61986,38.045434,23.831698
61921,38.040947,23.841428
61903,38.061054,23.85653
90326,40.608173,22.992445
60276,38.016111,23.736109
61976,38.035449,23.839957
64335,37.958947,23.686099
61959,38.039102,23.830118
61907,38.063797,23.857928
60686,38.023176,23.802156
62928,38.013166,23.78493
62960,38.009268,23.788396
62963,38.006688,23.792635
60868,38.053933,23.744536
60872,38.051484,23.7432
60867,38.057271,23.746067
61779,38.044539,23.738712
61934,38.039015,23.838929
61935,38.036645,23.841782
61937,38.035126,23.84391
61939,38.03574,23.846673
61749,37.928224,23.735251
61750,37.92858,23.733276
61905,38.0629,23.857817
61902,38.060623,23.859042
360135,39.259967,22.322748
90093,40.42387,22.925093
90113,40.780817,22.956226
420069,37.955333,23.528371
90375,40.601316,22.987016
61960,38.039016,23.82686
61961,38.038865,23.828679
61962,38.039774,23.825757
62234,38.061561,23.791962
62235,38.060558,23.788732
62239,38.064878,23.793392
20099,38.429927,21.428791
20038,38.456789,21.407965
390036,38.714168,20.603454
130255,38.425804,23.670474
63011,37.999543,23.771208
61664,37.90493,23.753779
61669,37.910002,23.754496
61752,37.926758,23.732027
61755,37.923222,23.734803
62238,38.06711,23.795544
62199,38.053445,23.786265
62919,38.000796,23.789717
62918,37.999883,23.787567
90532,40.585779,23.002933
62516,38.032904,23.814602
62685,37.932669,23.756888
62689,37.930973,23.759298
380153,39.094097,26.554566
380155,39.128953,26.543352
60307,37.724808,23.944946
62945,38.00399,23.793202
62958,38.006232,23.786929
63006,38.005006,23.788499
62991,38.005688,23.78763
61686,37.923122,23.73827
61691,37.911111,23.744275
61692,37.920869,23.73744
61671,37.907582,23.753145
61673,37.907842,23.7575
61674,37.905933,23.757343
61675,37.905831,23.754082
63644,37.955623,23.858549
63653,37.951787,23.861778
63657,37.947101,23.864607
90510,40.580895,22.954458
90524,40.579013,22.96799
90480,40.578221,22.947383
90499,40.579915,22.949406
90507,40.581947,22.950072
61940,38.037205,23.852884
240220,35.33124,25.159377
64248,37.948412,23.659908
64275,37.952489,23.658752
360175,39.615991,22.422779
360184,39.615778,22.429733
360185,39.614043,22.430625
140030,39.103561,21.509161
140081,39.149127,21.481033
61698,37.918995,23.734395
61701,37.915292,23.743898
61702,37.914145,23.74235
61703,37.915655,23.742909
90373,40.596058,22.992138
90379,40.600966,22.989264
63661,37.937513,23.868759
63669,37.93285,23.873549
160014,40.779445,21.409362
340267,37.420314,25.357788
62955,38.006643,23.784865
62965,38.009434,23.78986
62961,38.007566,23.789769
61776,38.049951,23.796768
240129,35.309828,25.149973
240163,35.308235,25.151252
400153,39.454032,23.120162
61943,38.033052,23.852683
61944,38.033634,23.856921
400140,39.147837,23.86624
380029,39.876848,25.060232
240044,35.316539,25.390904
360094,39.665431,22.399131
310076,40.988079,22.998729
61795,38.026073,23.784266
90291,40.57806,22.952626
10196,38.295248,21.789841
10327,38.217551,21.740638
200176,35.516617,24.033711
61908,38.065617,23.859791
61963,38.038194,23.828254
61909,38.066515,23.8583
62864,38.003401,23.797532
62860,38.006417,23.806943
62893,37.992481,23.798358
62872,38.006735,23.800409
90561,40.585495,23.016081
63510,38.071184,23.771501
63522,38.076201,23.779635
63966,37.827608,23.798743
61945,38.046076,23.868505
61952,38.039271,23.835313
61947,38.041075,23.833899
61860,38.020221,23.777578
90103,40.597768,22.965018
63048,38.130942,23.858555
340135,36.932851,24.733966
61797,38.021965,23.783544
270183,39.386119,21.919789
270184,39.385996,21.924511
61798,38.019892,23.784584
62697,37.933805,23.758933
62705,37.93398,23.762917
62707,37.935132,23.757837
61964,38.039328,23.832552
61910,38.050289,23.866857
61911,38.049194,23.869876
62892,37.994871,23.801517
62824,38.000843,23.80101
62836,37.996405,23.807144
64010,37.934988,23.713997
40108,37.511956,22.32199
64064,37.951247,23.712975
10105,37.876689,21.652347
61676,37.907769,23.755799
61677,37.905944,23.756526
61678,37.905814,23.75564
62589,38.029615,23.819652
62584,38.032553,23.820776
62588,38.026919,23.821317
62583,38.031025,23.818666
170104,38.446517,22.303396
62847,38.006109,23.797915
200029,35.328302,23.738821
62711,37.937717,23.757712
62712,37.935303,23.758651
62716,37.939047,23.758385
200178,35.520337,24.039718
360189,39.617852,22.428442
240043,34.931853,24.925458
90567,40.662669,22.803884
90568,40.671779,22.8012
62868,38.002599,23.801636
62911,38.002634,23.79287
62873,38.007989,23.803981
62823,38.005121,23.795681
62908,37.996243,23.808095
61765,38.049052,23.789253
61707,37.912885,23.749527
61847,38.014607,23.768579
70154,38.265898,23.236042
61849,38.017302,23.768919
470206,41.117827,25.400048
470215,41.117863,25.396738
470190,41.126989,25.407028
470199,41.114574,25.403216
62870,38.002793,23.799821
62875,38.005899,23.803879
62881,38.008335,23.804758
90250,40.577535,22.957376
290100,38.178524,20.497292
110274,36.426262,28.225282
90413,40.670005,22.799171
370141,35.180125,25.694283
370147,35.184197,25.704166
110143,37.321855,26.542697
90333,40.609326,22.991037
90380,40.600462,22.991721
62674,38.031517,23.797047
61551,38.074157,23.792242
210030,38.527798,25.866861
210060,38.568462,25.879302
200177,35.518105,24.035778
270180,39.239136,21.875389
60200,37.993717,23.766011
100052,41.1857,24.411145
60864,37.816589,23.780243
60775,37.849016,23.781476
20212,38.515693,21.283405
190052,40.372066,23.534657
320027,37.932507,22.341046
60307,37.724808,23.944946
400172,39.109052,22.92508
20377,38.406613,21.277509
61649,37.912792,23.755296
61999,38.056024,23.826641
62001,38.056283,23.833201
62005,38.058233,23.828284
380010,39.233476,26.208732
410161,37.064757,21.639284
400099,39.277269,22.815605
110018,36.219286,28.115413
61966,38.037784,23.831623
280096,40.544538,21.257485
120264,40.882405,25.869777
150207,38.890647,22.40497
50015,39.23493,21.221862
20357,38.687386,21.474936
61642,37.939891,23.765168
61643,37.940567,23.767278
40119,37.507227,22.376137
63663,37.933988,23.851574
10264,38.269656,22.044219
61878,38.060242,23.839103
61993,38.0522,23.828907
61994,38.054176,23.83209
61786,38.043851,23.741983
61787,38.046758,23.744366
61788,38.045755,23.743705
62007,38.058711,23.836604
62008,38.05874,23.835479
62009,38.060133,23.836099
340272,37.130009,25.270742
62713,37.935647,23.759604
62714,37.937019,23.759349
62715,37.93828,23.760134
120265,40.888608,25.870254
360024,39.895697,22.187763
450077,39.104697,20.640527
61837,38.007474,23.766018
420039,37.268018,23.154927
220205,37.846833,21.110867
20381,38.628701,21.420257
63891,37.827393,23.800851
63931,37.821822,23.806601
63932,37.821333,23.801171
63936,37.818498,23.801846
63938,37.820421,23.799858
62862,38.000163,23.801986
62848,38.004532,23.812553
62900,37.993678,23.801365
61981,38.032063,23.837897
20376,38.411493,21.25961
61680,37.920599,23.730366
61681,37.919444,23.731702
62907,37.995375,23.804698
62906,37.995084,23.807816
62904,37.995565,23.806558
62721,37.927148,23.759062
62544,38.031746,23.788785
130024,38.393039,23.884949
110282,36.403602,28.160975
10354,38.219475,21.742925
40292,37.430157,22.489746
320003,37.751504,23.022496
62181,38.053791,23.792793
370149,35.201221,25.713839
370150,35.206621,25.701089
370151,35.172788,25.692624
180040,39.977559,21.118064
400036,39.180307,22.761365
20370,39.041855,21.282075
62839,38.004805,23.810199
62901,37.993722,23.803518
62902,37.992157,23.804186
62854,38.001167,23.813778
61778,38.050774,23.793671
61957,38.040049,23.831882
60878,38.049721,23.73966
62826,38.00273,23.798579
62832,38.005318,23.802258
64230,37.948654,23.664185
60195,37.97626,23.710291
110297,36.36411,28.216118
270193,39.364676,21.94364
150201,38.892659,22.458008
150202,38.890155,22.461546
470237,41.135214,25.595601
61977,38.03442,23.839036
360026,39.293092,22.382997
380158,39.369821,26.192473
61825,37.920001,23.742399
90117,40.470384,22.968759
490071,40.907864,23.501769
130165,38.574421,23.642977
90381,40.600726,22.988922
130067,38.392817,23.794139
60883,38.046813,23.738352
60879,38.050271,23.740042
60875,38.051552,23.73972
60876,38.049262,23.740787
61655,37.909844,23.756843
61656,37.90828,23.750127
61658,37.907858,23.754291
480079,37.671478,26.833344
270016,39.308757,21.716969
430027,40.925691,22.014566
70140,38.38325,23.497376
360168,39.762478,22.488024
380098,39.291799,26.133776
120224,40.847521,25.880577
61003,37.916478,23.730665
60944,37.928012,23.728813
60971,37.919138,23.708357
60973,37.915476,23.707888
120243,40.846668,25.870518
61046,37.916043,23.72744
120155,40.845757,25.874142
61055,37.907412,23.727846
510122,41.145894,24.88918
60017,37.964376,23.725013
60240,38.080073,23.736107
240132,35.198164,25.035707
380025,39.368847,26.171571
410033,37.075441,21.863889
410177,37.087182,21.838634
410192,37.034875,21.786086
400082,39.366872,22.954572
330042,40.299228,21.792746
61229,37.8816,23.75731
240103,35.328471,25.136269
90094,40.654458,22.926833
90105,40.687845,22.950508
90097,40.647624,22.946779
120244,40.845141,25.87036
60979,37.914704,23.710379
30014,37.633725,22.73001
130258,39.005126,23.207968
510114,41.139797,24.890596
70095,38.276148,23.590324
320127,38.10244,22.548899
250383,39.645031,21.028311
250440,39.898895,20.398567
510060,40.985358,24.796006
410317,37.034875,21.786086
340522,37.463229,24.433133
410326,37.155484,22.041658
90148,40.480945,23.138748
330021,40.349088,21.830801
510139,41.137257,24.890654
120238,40.843055,25.869428
120239,40.848834,25.868161
510086,41.136209,24.895645
120240,40.847364,25.867624
120163,40.848667,25.86492
60211,37.989242,23.751498
370154,35.195942,26.131805
60211,37.989242,23.751498
490061,41.236163,23.391612
240112,35.299279,25.148102
90141,40.608663,23.099305
60198,37.927925,23.749884
90106,40.584704,23.031382
20148,38.393606,21.833529
120251,40.850023,25.86579
510108,41.140136,24.889476
510109,41.140283,24.888679
510110,41.1419,24.887323
190299,40.319173,23.040152
230019,40.594273,22.39989
400099,39.277269,22.815605
20341,38.5428,21.375603
20360,38.498802,21.352259
60091,38.064693,23.512836
240188,35.336107,25.132963
200174,35.539401,24.09106
190067,40.543945,23.590139
61067,37.889472,23.758301
150058,38.901441,22.431399
190013,40.050309,23.413119
320123,37.92806,23.142784
190007,40.396878,23.879229
320091,38.077926,22.63089
420107,37.263487,23.14945
20384,38.434858,21.792628
61253,37.882538,23.765259
510112,41.140682,24.891822
510113,41.142084,24.886384
510161,41.131922,24.888683
61007,37.900818,23.719604
61008,37.912441,23.714862
61021,37.909509,23.725397
200017,35.513357,24.021674
61080,37.89233,23.751688
240136,35.186021,25.280051
360153,39.629844,22.453876
61084,37.893761,23.753117
510095,41.13999,24.894948
61300,37.877323,23.757887
61302,37.876666,23.759003
61308,37.874795,23.756568
61309,37.87345,23.754054
61317,37.87059,23.75608
470064,41.176955,25.442305
10139,38.017532,21.960901
61867,38.054437,23.843572
61646,37.911445,23.751745
61871,38.055448,23.843418
61882,38.0615,23.840666
90529,40.589722,22.962705
90528,40.590177,22.963813
90527,40.590739,22.962093
61023,37.91238,23.727605
61027,37.908487,23.727628
120198,40.843032,25.870673
120246,40.846761,25.86936
60988,37.911946,23.711601
61057,37.904886,23.732682
510123,41.141152,24.895721
61058,37.907524,23.735117
510124,41.143336,24.896438
510125,41.145136,24.886341
390029,38.760863,20.647472
270146,39.192362,22.093938
430044,40.931703,22.082127
390022,38.658691,20.758479
60448,37.981097,23.766996
150124,38.616685,23.120339
230058,40.558526,22.188377
260150,40.994267,24.653306
320138,37.976901,22.977173
320140,37.925027,23.019123
490120,40.960934,23.711523
61034,37.91822,23.729332
61038,37.915248,23.718483
120165,40.849357,25.87164
90015,40.7321,22.603708
90110,40.730702,22.917343
240095,35.072359,24.766171
65387,37.862663,24.01221
110015,36.809446,27.098239
450017,39.237391,20.601352
270143,39.371319,21.975671
170095,38.395615,21.893372
470059,40.906546,25.517741
410107,36.91213,21.695455
90114,40.73797,22.984443
60997,37.908093,23.717442
510149,41.136747,24.901345
510151,41.132056,24.904665
510153,41.133583,24.888566
510098,41.133571,24.890551
61013,37.911044,23.721423
240191,35.338534,25.133073
250233,39.479614,20.8516
100048,41.313885,23.779443
490002,41.293402,23.685519
40220,37.246312,22.179658
250036,39.404051,20.783656
60957,37.905307,23.719095
110092,36.751779,26.978575
470073,41.075581,25.481658
65449,38.011543,23.650846
510165,41.130819,24.886407
510167,41.12989,24.887475
260104,41.013112,24.294688
260082,40.704876,24.535253
60742,37.844426,23.773096
60748,37.842073,23.766186
40150,37.682811,22.295693
120141,40.851312,25.881062
120182,40.853736,25.884816
61297,37.878992,23.754972
61211,37.888264,23.753607
10299,38.277238,21.764862
61195,37.894853,23.769904
510143,41.135401,24.888614
510119,41.141888,24.888565
61178,37.893804,23.772282
60766,37.846766,23.774694
60783,37.837058,23.774564
60757,37.846661,23.772645
20348,38.615814,21.221799
240184,35.339714,25.136056
40131,37.458294,22.571033
510148,41.13868,24.89691
190150,40.339126,23.062649
200190,35.495501,24.015852
270188,39.317349,21.859741
61030,37.914899,23.730474
120226,40.851055,25.87813
61035,37.907182,23.733266
90032,40.778041,22.574834
280010,40.516673,21.253761
70074,38.321362,23.317261
300057,39.56726,19.885085
110241,36.339638,27.949867
500146,39.5687,22.008699
350223,36.324726,22.983041
350224,36.298512,22.964267
60257,37.98226,23.763051
10257,38.258667,21.744399
480024,37.75345,26.978699
90108,40.540394,23.028096
380093,38.998551,26.318818
350167,36.298512,22.964267
350165,36.150358,22.987171
220158,37.708074,21.560624
100122,41.154695,24.175219
370033,35.012732,26.099881
460082,35.368531,24.531369
330070,40.365769,21.466676
120227,40.847548,25.882357
61036,37.917947,23.731979
120228,40.847585,25.884879
510158,41.13389,24.892215
61045,37.919749,23.724698
510163,41.130803,24.891278
510126,41.141535,24.89982
510127,41.143986,24.897538
120157,40.846075,25.873566
250153,39.751575,21.075353
340119,36.743604,24.425305
210034,38.404552,26.132212
350054,36.804056,22.851209
350214,37.229436,22.251863
410190,36.928586,21.903837
360141,39.295573,22.615889
30051,37.66313,22.48114
190145,40.01645,23.375316
110265,36.450091,28.222448
510074,41.135612,24.980813
200140,35.518556,24.042273
10248,38.066799,22.03478
120134,40.847195,25.878487
200192,35.497262,24.021567
60961,37.913155,23.711372
61047,37.918498,23.727924
510088,41.128472,24.889822
510171,41.128609,24.891211
210074,38.334261,26.099523
350061,36.7181,22.859967
40068,37.166953,22.861989
490025,41.260211,22.998908
470083,41.140278,25.464253
30043,37.704544,22.552134
410327,37.155484,22.041658
90170,40.396427,22.957891
120234,40.849199,25.869946
130024,38.393039,23.884949
280057,40.223212,21.022335
510157,41.135958,24.893722
61050,37.907638,23.721202
60936,37.922546,23.722944
510087,41.134943,24.894689
120195,40.844485,25.871644
60980,37.919072,23.703815
60964,37.918232,23.70805
60965,37.905834,23.724319
60969,37.920189,23.704997
60970,37.919461,23.704934
510140,41.13796,24.89435
510138,41.137766,24.893296
40270,37.111891,22.889148
270136,39.444585,21.835086
90857,40.59779,22.956971
65828,38.009191,23.780566
510082,41.253648,24.934241
61369,37.880963,23.755136
120143,40.850332,25.885326
120146,40.852316,25.880534
120148,40.851129,25.885485
120187,40.855238,25.886737
60778,37.841154,23.765769
60856,37.821672,23.783703
61161,37.884762,23.77366
110132,36.612032,27.134667
510237,41.087202,24.781597
510238,41.088126,24.781051
180120,40.0781,21.208075
60258,37.934122,23.641061
510147,41.134624,24.888792
510145,41.135605,24.889206
70054,38.29478,23.386199
80032,39.466745,20.511453
62510,38.075546,23.804187
62496,38.070381,23.803931
62478,38.079564,23.821565
61370,37.880254,23.749145
61374,37.877864,23.752792
61275,37.878082,23.763811
510068,41.229775,24.87908
120229,40.849297,25.888068
61040,37.918388,23.722009
120231,40.849144,25.893213
61303,37.877387,23.761611
380099,39.309228,26.216615
180024,40.084763,21.425523
120215,40.852029,25.877849
120230,40.857349,25.876994
120259,40.85538,25.907058
520015,37.787826,20.899928
400085,39.438664,23.102504
410151,36.887344,22.231353
400077,39.388639,23.168647
390032,38.664785,20.599755
62485,38.069109,23.809936
62465,38.066565,23.817482
62453,38.068672,23.818108
62451,38.067167,23.814249
10258,38.234396,21.73088
330035,40.294317,22.03931
120152,40.845085,25.874283
120192,40.845672,25.871827
510120,41.145207,24.888837
120153,40.845116,25.872295
90113,40.780817,22.956226
370108,35.302971,25.525196
250402,39.999185,20.886989
400131,39.327646,23.052445
90057,40.80214,22.669724
390019,38.628179,20.610819
80034,39.372154,20.302111
400133,39.121846,23.727269
230021,40.551789,22.246455
80090,39.453591,20.277614
61572,38.088214,23.615164
200191,35.494739,24.018246
200195,35.480679,24.01386
410163,36.994842,22.155702
20044,38.535559,21.08065
60300,37.831632,23.864347
250403,39.751653,20.649166
320123,37.92806,23.142784
410329,37.155484,22.041658
61168,37.89544,23.766548
510071,41.022812,24.802124
510069,41.034711,24.860425
510064,41.030664,25.070663
250447,39.898895,20.398567
350321,37.072983,22.427954
61974,38.035905,23.835704
90202,40.7794,22.999359
120160,40.843982,25.87429
510134,41.138929,24.892069
120237,40.844759,25.869246
510135,41.136895,24.890118
120161,40.844995,25.874545
60905,37.920927,23.710313
60199,37.989594,23.665008
250250,39.601114,20.842419
250252,39.610513,20.860986
360043,39.639308,22.41592
260090,40.935751,24.394378
270017,39.365219,21.920051
400078,39.361904,22.946673
420073,37.97437,23.476804
420008,37.747941,23.429644
70074,38.321362,23.317261
120156,40.848868,25.872206
120236,40.846707,25.873284
120245,40.843864,25.870312
120249,40.848109,25.871189
300254,39.746573,19.68131
260048,40.656747,24.687043
190293,40.30914,23.079806
68027,38.011598,23.826201
190298,40.315071,23.045801
61274,37.874366,23.763995
90234,40.577096,22.977772
60861,37.821991,23.775216
60860,37.823865,23.783732
60857,37.825338,23.774268
490207,41.089557,23.536957
490140,41.086512,23.543749
490190,41.086904,23.555227
490206,41.090845,23.539722
400134,39.304147,23.220741
60231,37.965074,23.745092
90209,40.653496,22.909935
90072,40.633778,22.944027
60397,38.033355,23.87539
60396,37.979041,23.918667
60398,38.040979,23.881915
120222,40.848094,25.875815
120180,40.847775,25.883794
120223,40.846509,25.880396
61002,37.908466,23.723231
90235,40.569929,22.983717
260098,40.777212,23.95199
350089,37.074908,22.430664
310011,41.10389,22.560894
61041,37.919482,23.722448
61042,37.915423,23.724289
120235,40.850878,25.87174
120162,40.844702,25.8738
120247,40.846394,25.869768
120250,40.850567,25.870272
120201,40.84782,25.863212
61150,37.890854,23.768504
61215,37.884485,23.752618
470160,41.113321,25.395128
400071,39.462752,22.744265
380083,39.041123,26.199827
20311,38.36081,21.560958
100101,41.405258,23.895739
190155,40.095787,23.784827
240146,35.398552,25.034458
64226,37.949069,23.669164
64233,37.94772,23.666474
64236,37.947066,23.670194
190172,40.016597,23.522959
62013,37.989223,23.789026
90247,40.574201,22.959747
61969,38.036856,23.829782
61668,37.911272,23.755981
61684,37.923595,23.736384
62561,38.027937,23.807479
62562,38.02421,23.812442
62567,38.02563,23.815161
130019,38.410493,24.037125
360162,39.814123,22.818809
10329,38.211689,21.739779
61449,37.863243,23.756466
61451,37.863094,23.757927
61145,37.89441,23.765105
220033,37.798411,21.624218
240207,35.337912,25.16163
61633,37.936868,23.766233
60684,38.023176,23.802156
460094,35.365953,24.511348
460101,35.358536,24.518842
350174,36.22742,23.082099
62776,37.924345,23.739938
90245,40.57372,22.962906
30002,37.520061,22.576806
90286,40.576207,22.950711
140023,38.957108,21.604213
350115,36.7238,22.35425
61946,38.046249,23.826357
62572,38.025633,23.821368
62228,38.065593,23.797022
62558,38.029972,23.809245
60203,38.002826,23.731733
500234,39.540773,21.780634
60265,37.964965,23.650302
61160,37.892371,23.768979
61164,37.888946,23.771773
61818,38.021701,23.771649
61823,38.023988,23.786873
370136,35.20824,26.105293
61824,38.023287,23.787799
61637,37.93816,23.763819
62733,37.921542,23.757139
62772,37.923613,23.741205
490080,40.792427,23.841964
180098,40.044829,21.688028
62073,38.033139,23.828888
60870,38.052419,23.742768
60869,38.052718,23.743885
62624,38.012768,23.796974
62626,38.020324,23.795044
330025,40.254563,22.075134
430020,40.684987,22.301602
90281,40.574727,22.951187
90285,40.57495,22.952727
90280,40.573679,22.952634
430084,40.994595,22.039324
460053,35.097875,24.685571
210070,38.206378,26.041428
360100,39.602675,22.436883
90116,40.495495,22.986868
260011,40.914428,24.255299
240095,35.072359,24.766171
61631,37.936584,23.764417
61632,37.936765,23.764598
60203,38.002826,23.731733
61236,37.888451,23.764891
61249,37.881124,23.761816
61251,37.880147,23.760116
60880,38.048869,23.738627
61996,38.05293,23.826174
61651,37.910812,23.750641
61885,38.052534,23.856601
61892,38.05678,23.857356
61653,37.910045,23.752524
61897,38.052369,23.861127
90239,40.568012,22.968046
30147,37.580509,22.816633
90275,40.573102,22.955992
130198,38.507527,23.978716
64336,37.958502,23.685987
64338,37.958135,23.689345
460120,35.379926,24.579395
60287,37.980569,23.736412
90274,40.572545,22.955445
90323,40.606767,22.995603
220011,37.803758,21.720528
290069,38.072509,20.796279
61724,37.909752,23.748718
61261,37.884351,23.769895
61264,37.885133,23.768644
62186,38.050098,23.79263
280083,40.623333,21.310897
10051,37.999254,22.275068
63167,38.015618,23.826458
63190,38.015773,23.815533
61997,38.052899,23.826796
61971,38.035414,23.831718
61951,38.043579,23.828012
61828,37.998124,23.771273
61844,38.015189,23.767104
61869,38.054063,23.84823
62774,37.924024,23.742774
64298,37.955029,23.675509
64303,37.956822,23.6808
110306,37.352669,26.556416
63539,38.047503,23.773108
130270,38.480925,23.450266
340227,37.399526,24.944281
61726,37.908114,23.748094
61954,38.042159,23.831042
61936,38.037417,23.843121
62559,38.020661,23.809923
62577,38.028891,23.814409
62678,37.932719,23.751743
62679,37.933692,23.754223
270041,39.379951,21.634423
280090,40.412793,21.062476
380030,39.104354,26.553049
50045,39.243529,21.179375
61173,37.892358,23.772262
210061,38.519657,25.886414
61842,38.014385,23.76537
240205,35.336532,25.159282
62775,37.926037,23.737175
62778,37.924931,23.73847
62779,37.926636,23.737165
62796,37.930029,23.743135
62800,37.930959,23.743799
62677,37.932372,23.749422
380073,39.913463,25.086263
190130,40.281155,23.294801
61722,37.909907,23.746434
61949,38.044825,23.829023
61725,37.92179,23.73494
61955,38.042493,23.829487
100083,41.189193,24.107068
62334,37.924961,23.698465
360046,39.967499,21.933224
150112,38.719647,22.709967
61817,38.0324,23.781066
10328,38.220238,21.747007
20378,38.393396,21.414425
110276,36.431134,28.212604
61710,37.913042,23.744936
240206,35.33737,25.167025
20373,38.650134,21.380148
60685,38.023176,23.802156
61634,37.938847,23.762244
61848,38.016753,23.767582
40139,37.712093,22.345282
10018,37.86031,22.075346
50069,39.2558,21.246083
60871,38.050283,23.74257
240219,35.334373,25.161261
61916,38.057866,23.875917
61924,38.041167,23.845365
61967,38.037747,23.833388
190001,40.249877,23.698837
63075,38.016921,23.839821
63076,38.018662,23.836271
190040,40.514241,23.824703
190119,40.259075,23.33362
480008,37.631016,26.177106
63175,38.017559,23.820555
60199,37.989594,23.665008
370135,35.20824,26.105293
10106,37.945765,22.134142
260124,40.925687,24.379434
90390,40.612559,22.986687
90327,40.611243,22.995323
90362,40.569147,22.973941
90364,40.570327,22.973316
510070,40.996699,24.990988
61808,38.029456,23.777902
61266,37.881618,23.769425
510173,41.117259,24.916529
61866,38.054677,23.84206
61868,38.054847,23.845873
61663,37.914247,23.755474
61968,38.038356,23.833873
61666,37.911712,23.750628
61970,38.036595,23.830379
61972,38.035408,23.834804
61712,37.912411,23.748665
460087,35.34673,24.451955
60262,37.997519,23.716955
10257,38.258667,21.744399
520015,37.787826,20.899928
30135,37.583331,22.804034
30145,37.577733,22.799386
130307,38.526406,23.718514
90377,40.597371,22.988113
460090,35.365609,24.496123
63279,37.671583,24.046819
61925,38.045598,23.848891
220153,37.649145,21.758242
10113,38.127374,22.216329
61846,38.012555,23.768976
61889,38.062246,23.848066
61636,37.940017,23.76381
380154,39.107492,26.526566
10356,38.234396,21.73088
30096,37.325833,23.142882
200046,35.233984,23.685363
130117,38.04666,24.322307
300084,39.586676,19.91355
62233,38.060674,23.791695
160019,40.811536,21.070736
62802,37.929799,23.740334
460095,35.367066,24.520646
490237,41.088515,23.559636
62682,37.930315,23.756157
60192,37.997205,23.796123
170004,38.527876,22.378299
320089,37.956161,22.801015
61827,37.998868,23.770418
61831,38.002148,23.770243
61832,38.004376,23.769556
61834,38.001815,23.764958
300083,39.578913,19.913543
300082,39.659196,19.815499
200182,35.51542,24.032953
61926,38.047873,23.847533
61839,38.004183,23.765536
61840,38.004833,23.766282
200123,35.519556,23.928857
460027,35.370711,24.702183
110268,36.429385,28.231345
10150,37.821657,22.143083
110269,36.431659,28.236391
480049,37.677488,26.767969
110270,36.424344,28.221896
62725,37.924952,23.757093
62780,37.921857,23.743118
62555,38.030381,23.806535
62766,37.926461,23.743942
62556,38.028768,23.807086
62557,38.028206,23.810787
61815,38.030048,23.772426
61923,38.045532,23.846192
61835,38.006168,23.763758
61838,38.007024,23.766326
63181,38.019397,23.824219
62501,38.073736,23.796893
62473,38.068913,23.824684
62335,37.927918,23.704707
61841,38.006153,23.76676
61843,38.015774,23.765248
61845,38.012406,23.766913
61898,38.058913,23.857995
61938,38.040055,23.849666
61917,38.041534,23.838017
61942,38.032307,23.85078
62797,37.927974,23.741285
62806,37.93048,23.736873
61809,38.028087,23.777708
61648,37.912959,23.751937
200187,35.514986,24.041201
110275,36.427328,28.226411
250258,39.662752,20.817294
61667,37.911527,23.754284
61641,37.938973,23.764619
61764,38.048467,23.794141
61830,37.999609,23.7686
290096,38.4466,20.554959
61978,38.034204,23.836583
62488,38.069452,23.807845
62463,38.066296,23.812353
62272,37.924743,23.694154
64321,37.955486,23.676705
64323,37.95453,23.677402
64330,37.9566,23.681844
64331,37.959684,23.683152
460116,35.373003,24.546
61850,38.019338,23.771268
61876,38.061009,23.842846
62723,37.924884,23.755766
62724,37.926104,23.757257
62731,37.92241,23.756132
62734,37.923221,23.758757
460091,35.366246,24.501701
110272,36.424496,28.226624
250110,39.863312,20.845255
250159,39.897747,20.777692
61639,37.939269,23.766129
62004,38.057011,23.82852
61865,38.052842,23.840685
61870,38.057167,23.838728
61721,37.910047,23.746744
61979,38.034807,23.832759
61980,38.033173,23.834629
61982,38.03231,23.835892
61984,38.030524,23.835745
490296,41.090456,23.541649
460117,35.372069,24.545942
64334,37.961159,23.683373
460119,35.376011,24.55848
50134,39.142507,20.966867
240010,35.145665,25.26526
460098,35.36626,24.507352
62241,38.067677,23.790657
62132,38.047693,23.812995
61567,37.961747,23.692728
61626,37.96256,23.694735
420103,37.255882,23.118636
61624,37.962376,23.697239
61872,38.055684,23.844768
61873,38.058718,23.840089
80021,39.736449,20.46162
64065,37.950526,23.711937
80024,39.730847,20.420801
80019,39.670831,20.515769
80001,39.675618,20.49472
80006,39.715306,20.447279
80010,39.688922,20.471394
63189,38.020025,23.819755
130004,38.440928,24.023304
62310,37.931249,23.688954
62355,37.926395,23.70741
62323,37.930886,23.692727
61861,38.019805,23.776092
120033,41.501716,26.531983
62617,38.01661,23.79667
62618,38.015554,23.795657
62619,38.014943,23.797666
62621,38.014115,23.797569
61625,37.96075,23.696934
90515,40.579422,22.956567
90511,40.582318,22.953046
90501,40.579177,22.947702
90500,40.579788,22.948816
90492,40.583955,22.95297
90490,40.582374,22.948765
290046,38.229097,20.414047
80020,39.758283,20.40817
300072,39.674763,19.707126
370155,35.191187,26.142969
62807,37.930804,23.735044
62808,37.93364,23.748986
62811,37.930082,23.734575
62765,37.922067,23.741381
61995,38.054774,23.833684
110045,35.757522,27.206652
61801,38.021353,23.788724
120110,41.592455,26.313295
60687,38.023176,23.802156
61804,38.029105,23.783692
190147,40.440749,23.432233
240251,35.407046,24.986418
90526,40.582854,22.966129
90521,40.585489,22.967807
90520,40.585736,22.967941
90519,40.584259,22.966778
60256,38.031404,23.709343
60256,38.031404,23.709343
230072,38.35548,20.598304
90184,39.990443,23.986742
61794,38.025629,23.785296
61998,38.054712,23.826657
61814,38.028224,23.775539
61799,38.024879,23.781427
270185,39.384249,21.927708
250259,39.684716,20.818
62777,37.925863,23.739581
62537,38.037467,23.799867
130081,38.852889,23.125167
270158,39.416823,21.798855
460089,35.386066,24.598218
250206,39.911027,20.362512
250220,39.946497,20.533269
110110,37.154553,26.855208
240100,35.234087,25.158503
240010,35.145665,25.26526
140044,39.004834,21.638737
210034,38.404552,26.132212
90246,40.574633,22.961417
61985,38.031093,23.838101
60258,37.934122,23.641061
60258,37.934122,23.641061
30136,37.565198,22.801926
130306,38.494437,23.632906
190022,40.311944,23.061892
61816,38.022892,23.776179
460104,35.357587,24.440599
130312,38.77975,23.271388
60051,38.010149,23.848731
480039,37.663126,26.77948
290039,38.35548,20.598304
120109,41.34372,26.577346
510078,41.007798,25.11966
470230,41.068065,25.586648
61647,37.91447,23.751243
61875,38.055476,23.847866
61879,38.060555,23.846275
61888,38.05998,23.8491
61973,38.03747,23.837475
61880,38.055015,23.851258
61893,38.059281,23.852534
61899,38.057997,23.856338
10169,37.936167,22.168826
61932,38.039596,23.837916
62333,37.925716,23.699917
260046,40.779688,24.709862
110242,36.876797,27.204394
120042,41.192262,26.303783
61989,38.051151,23.831839
61883,38.055935,23.853419
61657,37.909048,23.750732
61965,38.037347,23.829086
60211,37.989242,23.751498
61569,37.962189,23.696193
61568,37.962142,23.698373
200197,35.365171,23.667957
30144,37.569383,22.826542
30149,37.565198,22.801926
320153,37.958137,22.779841
61650,37.913001,23.753752
61987,38.050308,23.832172
61991,38.053255,23.831747
300089,39.622593,19.900162
60266,38.048383,23.836618
90223,40.561761,23.003579
63103,38.026977,23.835256
63110,38.030054,23.840406
63112,38.034241,23.84151
63183,38.020726,23.828837
63100,38.028194,23.832811
61813,38.023751,23.778031
61115,37.903254,23.750461
61116,37.900886,23.748507
61117,37.902273,23.748597
230069,40.523205,22.203688
61118,37.90142,23.746875
490293,41.091619,23.543771
60193,38.008248,23.698936
370139,35.163491,25.711855
250310,39.653926,20.861299
68141,38.021101,23.749798
70033,38.428302,22.672392
220156,37.549326,21.595384
61463,37.860974,23.766575
90505,40.580976,22.951525
500213,39.54218,21.758655
90518,40.585976,22.971178
63350,38.087974,23.81718
63351,38.08698,23.816883
61543,37.931777,23.69741
63352,38.087822,23.817618
400177,39.369667,22.979999
64220,37.950897,23.667687
64228,37.949063,23.669724
400178,39.370812,22.984091
250311,39.644936,20.831169
64229,37.94926,23.664006
64247,37.947856,23.660261
64249,37.948018,23.657959
62623,38.014346,23.794831
62605,38.018007,23.806939
62606,38.015619,23.800648
62641,38.02662,23.791708
64150,37.939222,23.724244
64168,37.9327,23.721069
90378,40.598734,22.991136
520004,37.801616,20.830979
260105,40.864838,24.313445
150216,38.888794,22.409294
150217,38.890753,22.406083
150218,38.901441,22.431399
150219,38.890635,22.403118
150220,38.889999,22.400543
63364,38.086438,23.825731
61545,37.932176,23.695024
61546,37.92947,23.69582
62590,38.031706,23.82212
63102,38.027977,23.833629
62878,37.997502,23.812271
63107,38.027954,23.840985
62855,38.006734,23.815213
62849,38.000407,23.815527
63087,38.018282,23.838471
63428,38.095506,23.798307
63108,38.028316,23.839158
63180,38.018869,23.825718
340093,36.79453,24.572606
62486,38.066096,23.810044
62502,38.072535,23.796518
62512,38.075814,23.800517
62292,37.92557,23.694901
62553,38.036678,23.825939
150221,38.901441,22.431399
150222,38.901441,22.431399
63469,38.060381,23.773029
110075,36.786361,27.147717
90344,40.607385,22.984939
490053,41.142617,23.582024
90341,40.608913,22.985647
90525,40.580349,22.967241
62828,38.005553,23.79934
60218,38.112772,23.981113
63981,37.93579,23.71715
270017,39.365219,21.920051
62014,37.992409,23.79382
64136,37.946476,23.720003
64143,37.941284,23.720179
70162,38.442552,22.86678
70161,38.440983,22.867059
70165,38.439954,22.868961
64148,37.941202,23.725105
64154,37.93612,23.725093
64157,37.935248,23.727722
62717,37.940646,23.761571
62718,37.926078,23.755557
90120,40.624129,22.736696
110222,36.364465,28.004796
350184,36.224284,23.05875
350186,36.367317,22.957155
180021,40.07679,21.155371
400114,39.340641,23.009023
70114,38.316387,23.177376
90338,40.610464,22.985427
90391,40.612877,22.986895
90324,40.60754,22.994702
410042,37.034498,22.111926
480014,37.793157,26.705798
62028,37.984638,23.788003
150133,38.913668,22.617068
62029,37.979839,23.794253
340166,36.419793,25.432418
90444,40.548753,23.023574
410135,37.338521,21.822158
90332,40.611667,22.991059
30134,37.581939,22.805956
62822,37.920762,23.700859
90263,40.56927,22.962081
62655,38.026149,23.797277
420046,37.945997,23.646649
250104,39.77028,21.185501
300049,39.607209,19.876802
120008,40.847582,25.83469
63977,37.939172,23.717475
63982,37.938685,23.714468
63985,37.937177,23.713871
10127,38.167942,21.469693
62997,38.014003,23.788995
90565,40.665652,22.804274
90569,40.677905,22.810127
340276,37.017776,25.241563
340151,36.973785,24.722886
61538,37.929954,23.697663
63341,38.093008,23.832124
70155,38.184692,23.513716
63506,38.06311,23.78383
64277,37.951333,23.658073
63281,37.959603,23.923442
63497,38.06547,23.775343
61547,37.932637,23.697894
62281,37.928102,23.693844
64255,37.953491,23.663032
64259,37.951855,23.661629
64260,37.951882,23.661308
64267,37.953384,23.661061
64268,37.953956,23.660527
64269,37.952361,23.660876
64270,37.956505,23.665194
64283,37.954112,23.657002
64177,37.930081,23.722404
90584,40.648001,22.864087
250013,39.528922,21.030667
90578,40.651165,22.889418
250030,39.615676,20.637392
63353,38.08697,23.819832
90425,40.725467,22.921677
63338,38.101623,23.816126
340195,36.428653,25.343182
63326,38.099301,23.814966
360174,39.616929,22.422406
63478,38.061362,23.773652
63481,38.059262,23.776603
380124,39.092271,26.557918
62866,38.000873,23.805248
62885,38.006153,23.812202
62882,38.007501,23.810814
62858,37.999828,23.816562
63061,38.016009,23.843572
340073,36.719901,25.280434
150068,38.939809,22.115212
90498,40.580994,22.950123
90509,40.580203,22.954877
63425,38.087528,23.797734
62831,38.003005,23.803804
63411,38.088222,23.802066
62837,37.997594,23.809786
60254,37.94642,23.738443
90431,40.722906,22.902946
63466,38.058389,23.773324
63509,38.064184,23.785257
64190,37.949997,23.674573
180006,39.915058,21.573455
61122,37.90051,23.754172
61214,37.88842,23.752983
340221,37.446868,25.391311
63489,38.055009,23.782934
380129,39.090226,26.55673
420045,37.349025,23.465561
90347,40.60914,22.984093
90386,40.595642,22.983258
63986,37.940884,23.717814
63990,37.938573,23.719292
360098,39.567925,22.540319
63992,37.937346,23.718227
63995,37.934134,23.715465
62030,37.983152,23.795825
62031,37.981289,23.796495
150230,38.857765,22.43994
64167,37.933488,23.724069
64171,37.932666,23.725863
64172,37.931902,23.725718
90574,40.659674,22.872449
90575,40.660962,22.86673
40022,37.383306,22.085323
470095,41.003845,25.492228
60195,37.97626,23.710291
200150,35.512762,23.969498
330088,40.184701,21.99749
270034,39.354217,21.745141
62632,38.018096,23.794002
62629,38.018307,23.797413
90388,40.600417,22.987093
90196,40.558248,22.987884
320148,37.906294,22.88211
90571,40.662194,22.799999
90570,40.667083,22.800366
90573,40.683031,22.790136
63455,38.092815,23.773568
63458,38.081991,23.765519
20022,38.623911,21.41029
62032,37.97794,23.794651
62033,37.98021,23.79678
62034,37.98951,23.793973
64211,37.945818,23.674403
64219,37.949118,23.666566
130305,38.490307,23.632897
50148,39.240891,21.103541
330129,40.622746,21.707082
190015,40.443166,23.681483
190106,40.493909,23.652339
330064,40.313408,21.388389
190118,40.466748,23.276928
370051,35.278642,25.634414
40266,37.433369,22.549936
64284,37.956393,23.660375
62625,38.022523,23.795086
62568,38.01938,23.809946
62608,38.015805,23.802001
62613,38.016918,23.81266
62616,38.013482,23.807129
64179,37.930143,23.720014
64164,37.934834,23.72037
63457,38.088283,23.770622
63379,38.081104,23.80624
90435,40.722159,22.916731
63309,38.095755,23.813835
63283,38.09053,23.813089
200085,35.359778,23.594949
61539,37.931296,23.697092
64281,37.952001,23.657593
200208,35.511962,23.966201
64287,37.954677,23.658905
450095,39.299826,20.373069
63605,38.055832,23.751252
63626,38.071046,23.765059
63188,38.01572,23.818332
64285,37.956898,23.659272
60211,37.989242,23.751498
370138,35.167479,25.71098
40126,37.371266,22.465014
240198,35.249466,25.169646
380157,39.31682,26.151344
430086,40.800194,22.048137
63383,38.082474,23.801743
64153,37.93644,23.725378
64152,37.938144,23.725869
90288,40.576057,22.953737
90284,40.576138,22.949564
90282,40.575089,22.949692
64191,37.949988,23.673347
40280,37.32181,22.033261
64193,37.952204,23.676518
62265,37.931561,23.700036
480029,37.754321,26.592365
330027,40.065587,21.810533
63296,38.091353,23.819543
380133,39.083693,26.556441
380135,39.084847,26.563386
380148,39.091778,26.55936
63505,38.06311,23.781317
63106,38.026683,23.838834
63114,38.008059,23.829547
350195,36.929793,22.535112
62843,38.007683,23.80975
62842,37.999711,23.811134
62879,38.004871,23.806018
63997,37.943038,23.718533
63356,38.07951,23.809441
190077,40.133168,23.395535
190078,39.987516,23.616935
220138,38.032793,21.366597
420071,37.952937,23.630392
330088,40.184701,21.99749
90576,40.662489,22.859918
64202,37.952626,23.67909
64207,37.947993,23.674539
64209,37.947745,23.675343
64297,37.955776,23.676413
64299,37.957467,23.676595
64314,37.954895,23.674699
62672,38.030393,23.804385
62675,38.031113,23.802939
61570,38.066099,23.781954
63511,38.065758,23.786809
62015,37.989548,23.789703
62016,37.990134,23.795817
62017,37.989559,23.798685
40268,37.471029,22.327624
62018,37.991829,23.792218
30048,37.565198,22.801926
64004,37.939641,23.720642
64005,37.939047,23.720476
64031,37.941322,23.712305
64060,37.949455,23.708804
64062,37.950123,23.713963
90577,40.65063,22.881422
40066,37.444473,22.066158
90583,40.644063,22.857909
20347,38.493401,21.707389
20350,38.633944,21.666953
60264,37.957945,23.731942
64122,37.94248,23.721132
350057,36.513867,23.058365
70056,38.491917,22.977196
64127,37.945489,23.723012
20231,38.919259,20.889948
61855,38.013589,23.772386
240211,35.339551,25.159534
62020,37.98939,23.793134
62022,37.987021,23.792152
63546,38.047234,23.775967
160085,40.777506,21.3603
63557,38.054529,23.761048
470236,41.082168,25.615257
63564,38.050668,23.759616
62035,37.986891,23.790689
62037,37.980508,23.790391
62039,37.978277,23.790131
62040,37.988272,23.799306
62041,37.978268,23.791949
62042,37.975921,23.794191
370142,35.220065,25.711487
340150,37.157301,24.504678
340230,36.387725,25.463563
60256,38.031404,23.709343
20149,38.406613,21.277509
130314,38.441755,23.62564
120252,40.849641,25.87232
240218,35.336463,25.163039
240246,35.342161,25.160719
61886,38.0638,23.8418
61891,38.056256,23.86054
90253,40.575464,22.966912
63566,38.053179,23.760047
63585,38.058237,23.764436
63322,38.0918,23.8215
63327,38.0934,23.823173
63330,38.089798,23.827907
61540,37.931134,23.694327
63334,38.096813,23.826473
200209,35.509002,23.977047
120270,40.891272,25.919067
120271,40.884855,25.871752
63512,38.06933,23.780318
63581,38.052006,23.750913
63582,38.053213,23.74986
120253,40.848946,25.869187
60794,37.842131,23.772898
60810,37.834591,23.779173
61099,37.897434,23.749519
61101,37.898257,23.748033
61104,37.898833,23.749167
490261,41.088232,23.553338
120087,40.86934,25.987129
120086,40.85754,25.934772
330114,40.317011,21.549689
200200,35.541135,24.137311
62631,38.019732,23.793918
62635,38.023024,23.793718
62636,38.023512,23.79306
63342,38.091566,23.830616
61541,37.931885,23.696044
63513,38.069265,23.782452
63528,38.049502,23.772419
63535,38.049014,23.773703
63544,38.048055,23.775365
63551,38.045773,23.776796
62884,38.004622,23.812061
62834,37.997483,23.80383
63178,38.01778,23.82564
62880,38.001844,23.811491
63294,38.090331,23.819695
90503,40.581326,22.95311
63391,38.078759,23.794857
490263,41.084612,23.554767
490271,41.08799,23.54914
490277,41.086863,23.547581
490278,41.086058,23.547895
220132,37.853898,21.256621
490291,41.09073,23.54437
60263,37.972506,23.647313
62637,38.024541,23.7926
62638,38.016075,23.793253
62640,38.027084,23.793731
90276,40.573962,22.956404
90273,40.572362,22.958121
90270,40.572716,22.958109
70084,38.346986,23.582268
63552,38.045651,23.77805
30143,37.572649,22.829201
62023,37.982704,23.787199
62024,37.982981,23.792542
62025,37.981032,23.79272
62026,37.98479,23.789475
64076,37.950862,23.71501
64094,37.950834,23.71325
64107,37.95276,23.716311
64108,37.954136,23.714965
150229,38.872012,22.439546
70157,38.440305,22.868337
70158,38.441006,22.869
64123,37.940388,23.722219
63972,37.943601,23.717781
63973,37.941897,23.71686
63978,37.938317,23.717073
63999,37.942446,23.717846
350128,36.620167,22.49723
130317,38.438513,23.627653
90258,40.56752,22.959519
110070,36.953039,26.980266
50037,39.372773,21.024951
360007,39.997917,21.963673
400133,39.121846,23.727269
190173,40.001388,23.573537
62027,37.987207,23.793684
320077,38.090701,22.440879
63608,38.064212,23.766483
470238,41.064968,25.686763
500231,39.550759,21.76535
90479,40.577043,22.947148
500232,39.551062,21.763641
62076,37.990749,23.802677
62019,37.988229,23.795942
60195,37.97626,23.710291
90330,40.612621,22.994453
90392,40.609194,22.982991
90389,40.611851,22.986195
240142,35.016291,24.784132
62253,37.925481,23.71391
62257,37.929326,23.716132
62258,37.926401,23.719905
300055,39.633236,19.763289
61109,37.899123,23.756803
63152,38.002071,23.820101
63071,38.017744,23.832885
63073,38.018008,23.835652
63057,38.013113,23.83616
63053,38.017762,23.829586
63125,38.011326,23.838291
350232,36.743913,23.000192
250090,39.898895,20.398567
260125,40.921132,24.382938
61904,38.061563,23.862214
62343,37.927087,23.706053
63135,38.009001,23.818999
90414,40.884083,23.225147
400088,39.354171,23.205928
190023,40.222628,23.669416
370107,35.196772,26.253369
90430,40.723584,22.907948
90432,40.720826,22.910381
380128,39.090908,26.560913
90434,40.721537,22.912342
130289,38.842981,24.537703
340122,37.449801,25.33006
380131,39.075636,26.571642
380134,39.087617,26.564516
380137,39.094915,26.556091
360178,39.616929,22.429304
380140,39.093162,26.554662
62084,38.05929,23.806564
200016,35.51137,24.013618
62086,38.062522,23.806792
190059,40.160053,24.289749
62095,38.056411,23.814956
62092,38.054666,23.812585
64081,37.955458,23.716657
62314,37.930599,23.687874
63137,38.010997,23.81682
63138,38.006622,23.82112
62308,37.929211,23.688037
62085,38.061741,23.806787
62126,38.051088,23.812339
63290,38.092623,23.816568
380136,39.08322,26.574643
380146,39.092217,26.550969
410224,37.023605,22.13031
410225,37.022499,22.135014
64106,37.952665,23.713004
410228,37.034498,22.111926
62121,38.05081,23.800492
62119,38.048067,23.806107
62123,38.053237,23.811836
62124,38.052464,23.81097
62125,38.051357,23.810821
62127,38.050102,23.809435
62128,38.049332,23.808643
62131,38.049986,23.814294
61796,38.022199,23.785709
61715,37.911445,23.738636
61716,37.912198,23.743577
61717,37.904357,23.742696
61630,37.937108,23.763282
40146,37.638933,22.316657
490242,41.096276,23.565741
62145,38.048734,23.810861
62148,38.049123,23.812791
62151,38.050532,23.814757
62149,38.048367,23.8147
62154,38.048154,23.819524
220057,37.936828,21.262901
300016,39.42434,20.064801
420056,37.497348,23.444954
64290,37.95858,23.671595
63655,37.951913,23.867306
63659,37.941555,23.867346
110239,36.975206,26.937802
130139,38.588839,23.767229
90001,40.672834,22.602957
500041,39.499343,21.539402
250072,39.482349,20.661918
250304,39.499232,20.637953
40071,37.412865,22.000886
330057,40.210422,21.20706
180034,40.085634,21.514359
240153,35.078751,25.049523
230017,40.662942,21.964054
130237,38.912114,23.208878
380060,38.974806,26.370284
490248,41.090412,23.551987
490255,41.089947,23.552865
490256,41.089184,23.552627
440018,40.267452,22.592067
62602,38.016847,23.800792
62607,38.014872,23.800769
62103,38.053555,23.817647
62793,37.927964,23.74288
60113,37.99365,23.731034
220131,37.908799,21.268631
440046,40.317575,22.590847
440043,39.992326,22.623917
330105,40.254563,22.075134
490285,41.087101,23.546346
60286,37.979561,23.726586
440004,40.189198,22.482211
190176,39.971946,23.401476
490018,41.028117,23.830039
63366,38.083669,23.826403
63365,38.08747,23.831486
63328,38.105393,23.814246
63362,38.084987,23.824495
62320,37.925003,23.701528
490016,40.892125,23.751014
62345,37.932796,23.702599
62347,37.930902,23.705465
50051,39.433111,21.075712
62348,37.929769,23.705795
320108,37.883,22.817629
380141,39.105631,26.545794
62730,37.922189,23.753761
62773,37.926513,23.741858
62795,37.931842,23.742659
62818,37.936023,23.750699
410207,37.090389,21.789439
62565,38.02651,23.811576
63093,38.025609,23.838225
220208,37.60971,21.607395
40233,37.695538,21.979248
480107,37.564703,26.195014
60286,37.979561,23.726586
100096,41.167753,24.309536
180118,40.08697,21.437885
190103,40.125397,24.2969
380144,39.23372,26.181468
63139,38.007736,23.818522
63331,38.089239,23.83045
63320,38.090637,23.822357
380149,39.090207,26.555129
63532,38.052725,23.776042
63531,38.048141,23.767825
63538,38.046169,23.768308
63563,38.048212,23.760769
360181,39.612016,22.414296
380142,39.117682,26.551129
62295,37.931546,23.690983
63118,38.003874,23.826779
62301,37.931625,23.693222
63146,38.005568,23.819009
62133,38.046888,23.81471
64082,37.956834,23.718425
64111,37.956048,23.717347
64117,37.951145,23.720652
64158,37.935032,23.72622
64165,37.93478,23.72166
64180,37.929053,23.720969
63054,38.014221,23.833535
63191,38.019432,23.821143
62899,37.991854,23.802704
63000,38.007906,23.78907
62949,38.012721,23.783933
62912,38.002564,23.794608
190098,40.181103,24.256489
190099,40.191617,24.247905
130290,38.521804,23.839392
63534,38.050978,23.776171
150017,38.654974,22.998397
60320,38.027243,23.929702
250010,39.561999,20.736438
63631,38.135935,23.836432
63830,38.126573,23.863614
63831,38.122233,23.866469
63832,38.122818,23.869826
190069,40.266848,24.172541
62134,38.047485,23.81721
190081,40.140213,24.296953
62135,38.052355,23.818784
62136,38.050214,23.817817
190082,40.168503,24.274536
62137,38.052215,23.822271
63055,38.017207,23.832564
63058,38.014947,23.838188
63059,38.011804,23.838808
63067,38.011762,23.841451
63068,38.016823,23.834698
340149,36.870326,25.518522
62155,38.04718,23.819663
90079,40.591439,22.957607
62173,38.056344,23.795356
62175,38.052028,23.796902
350180,36.156325,23.024832
330049,40.232857,21.749234
90086,40.474338,23.092408
490059,41.073163,23.462244
300306,39.684471,19.686572
190177,39.971946,23.401476
190183,39.970825,23.440778
190185,39.997851,23.402894
360043,39.639308,22.41592
250099,39.969047,20.718554
60104,38.031765,23.735668
320118,37.976901,22.977173
60258,37.934122,23.641061
460051,35.364052,24.477255
410042,37.034498,22.111926
340034,37.035552,25.078436
200033,35.44866,24.052374
340197,37.07981,25.216707
30154,37.558861,22.860023
62099,38.053787,23.815532
30084,37.544332,22.866269
190076,40.19568,23.328689
90064,40.818381,23.35823
490115,40.846142,23.854289
90476,40.554423,23.024181
90426,40.723949,22.919096
90109,40.615029,22.956364
400078,39.361904,22.946673
310029,41.078702,22.498045
200186,35.506772,23.977576
20371,38.646554,21.374152
460088,35.383247,24.587906
20003,38.708448,21.079819
370006,35.189506,25.718565
10019,37.909742,22.007204
310028,40.953945,23.056781
310032,41.090131,23.129168
310025,41.070434,22.35952
160071,40.790477,21.542775
330005,40.202103,21.187167
62245,37.924852,23.708059
62246,37.926528,23.71084
62247,37.928107,23.712288
62105,38.054164,23.818814
62098,38.054687,23.815967
62101,38.055039,23.818227
62169,38.054248,23.797802
62226,38.064982,23.801709
62227,38.064128,23.801196
240238,35.334337,25.118779
360152,39.156718,22.468872
100095,41.190353,23.931213
61992,38.051721,23.829478
240103,35.328471,25.136269
110296,36.396919,28.228427
260038,40.739595,24.574538
90072,40.633778,22.944027
380064,39.070811,26.591305
290014,38.376981,20.537761
90424,40.70827,22.934201
190154,40.027749,23.81421
62946,38.007191,23.798697
63147,38.007046,23.818892
62244,37.922059,23.70639
310003,41.048231,23.047914
310035,41.02172,23.215835
62251,37.925487,23.709177
70156,38.423417,23.354421
10028,37.924306,22.163389
64182,37.927673,23.723726
64183,37.927497,23.722376
240230,35.334337,25.118779
240233,35.334337,25.118779
240231,35.334337,25.118779
240232,35.334337,25.118779
150204,38.888583,22.465892
150205,38.888876,22.46019
90442,40.547809,23.019923
380117,39.088027,26.549696
62201,38.058617,23.80548
62204,38.059936,23.802332
190060,40.304639,24.232528
62208,38.060721,23.800828
63579,38.053972,23.755347
500119,39.434231,21.553994
10362,37.844885,22.036499
190093,40.266465,24.276689
120126,40.850251,26.10369
220199,37.609061,21.605558
300073,39.636744,19.871586
62116,38.05028,23.801556
62141,38.048568,23.81613
62143,38.051322,23.813858
190097,40.147759,24.291111
62150,38.046105,23.813938
62153,38.051473,23.817933
62210,38.061568,23.799959
62212,38.062953,23.802165
63069,38.015651,23.8339
63072,38.015921,23.837353
63074,38.020214,23.832924
240133,35.353537,24.92399
63078,38.019806,23.83523
62357,37.928815,23.712404
30156,37.537394,22.915399
62213,38.063575,23.802675
62179,38.058528,23.79458
62090,38.055063,23.811035
10339,38.234396,21.73088
340054,37.048112,25.524846
150206,38.898509,22.587351
62168,38.0527,23.797398
63923,37.846668,23.844418
90536,40.589392,23.038426
90545,40.577952,23.017319
80108,39.653615,20.485341
90549,40.579977,23.010864
64322,37.959252,23.671904
460051,35.364052,24.477255
240104,35.334337,25.118779
63629,38.14079,23.837804
63905,37.845781,23.823261
63906,37.843478,23.818893
63907,37.848161,23.836551
63893,37.834033,23.804353
63897,37.841319,23.800053
30157,37.525366,22.724991
63899,37.835988,23.821607
30158,37.523507,22.729477
63902,37.839811,23.813576
62974,38.008338,23.801407
64145,37.943022,23.724497
64340,37.966055,23.687837
240227,35.319637,25.101756
150137,38.920955,22.805046
240244,35.309372,25.102397
240245,35.297904,25.09891
270062,39.338094,22.096729
350196,36.882347,22.5455
360024,39.895697,22.187763
100015,41.092813,24.227193
70010,38.198528,23.051197
340031,37.836826,24.936311
62278,37.927726,23.694931
62284,37.929155,23.691554
62248,37.927175,23.71537
62252,37.925856,23.711969
62259,37.928816,23.717735
10050,38.027139,22.259823
400069,39.103402,22.894002
62268,37.932332,23.703211
62290,37.928667,23.695297
230044,40.640869,22.531541
290045,38.199998,20.437267
63129,38.004412,23.829505
63130,38.003735,23.830144
63117,38.005232,23.828934
170100,38.448871,21.912091
61713,37.906669,23.749897
60309,38.128837,23.75823
60076,37.807444,23.977684
90454,40.53024,23.042552
90457,40.525745,23.05345
90506,40.582947,22.953049
380120,39.091492,26.555409
380122,39.091383,26.553138
64046,37.938523,23.711161
64058,37.948331,23.711977
64061,37.949899,23.709032
64097,37.953055,23.712521
330179,40.299753,21.799848
90072,40.633778,22.944027
60323,38.026548,23.998977
60257,37.98226,23.763051
63060,38.014101,23.839917
63063,38.014075,23.840962
63150,38.003259,23.820979
63184,38.018505,23.822379
63172,38.020184,23.830186
62354,37.927708,23.707832
62352,37.929944,23.708666
63134,38.009052,23.821378
410215,37.0293,22.139027
410216,37.033596,22.129856
410217,37.035185,22.127345
380126,39.093625,26.556495
90418,40.714302,22.926901
63963,37.82215,23.797042
63964,37.825283,23.80183
63965,37.826287,23.799018
410222,37.035444,22.127322
64044,37.945405,23.706287
62120,38.04979,23.803453
62202,38.058915,23.803569
62209,38.058679,23.799378
62214,38.059351,23.797448
62215,38.060373,23.797783
62217,38.060492,23.798897
62118,38.048608,23.804419
110050,36.621216,27.820596
62080,38.056142,23.808786
200198,35.291596,23.734104
62082,38.056851,23.807007
380030,39.104354,26.553049
62093,38.055103,23.812825
200017,35.513357,24.021674
63915,37.835423,23.81854
63917,37.831603,23.818942
63925,37.833362,23.821745
410219,37.030439,22.135398
62167,38.058492,23.797152
62170,38.054536,23.796705
62171,38.053844,23.79854
64098,37.951461,23.715791
410223,37.024562,22.126896
64018,37.946986,23.708855
64035,37.943999,23.712799
64038,37.941923,23.711923
64056,37.934403,23.705952
64169,37.932008,23.720347
60240,38.080073,23.736107
300091,39.623727,19.877256
300092,39.624445,19.873919
190178,39.971946,23.401476
370052,35.157118,25.647349
170014,38.478321,22.495962
63921,37.844983,23.826004
63950,37.812042,23.798304
63952,37.818981,23.794965
90537,40.59352,23.045858
90550,40.577428,23.010317
90552,40.589949,23.028693
90562,40.592092,23.00943
62172,38.056868,23.796501
62200,38.057696,23.804232
62203,38.057871,23.803134
62109,38.050401,23.805102
240228,35.295856,25.093262
120115,40.930889,26.214462
340261,37.003702,25.209222
64175,37.930508,23.725965
64218,37.949587,23.667043
64258,37.951472,23.663353
340229,37.436261,24.933898
180002,40.084763,21.425523
50095,39.358858,21.038947
110231,36.096218,28.015889
400089,39.341026,23.210055
62267,37.930921,23.70324
62286,37.928895,23.689218
340166,36.419793,25.432418
62300,37.928699,23.692655
380057,39.169031,25.933285
62318,37.925423,23.703316
62325,37.931868,23.692539
300014,39.619755,19.919074
62336,37.929371,23.70409
62341,37.927907,23.70375
62344,37.928394,23.705367
62349,37.929599,23.70723
61922,38.042945,23.843265
61805,38.029743,23.781388
61807,38.029519,23.779714
440038,40.419413,22.466656
61810,38.028392,23.773542
61811,38.026472,23.77714
63744,38.030913,23.859266
63752,38.025237,23.851452
90531,40.66709,22.896365
90112,40.819506,23.032327
150228,38.750898,22.615044
240215,35.344085,25.157628
370077,35.257747,25.727889
390013,38.709392,20.710483
20044,38.535559,21.08065
60268,38.283837,23.86524
500130,39.560453,21.769054
380030,39.104354,26.553049
63734,38.019702,23.852108
63736,38.022214,23.857886
63740,38.02236,23.860014
63741,38.026864,23.855751
420098,37.257621,23.162034
20372,38.649476,21.377846
110271,36.423623,28.228319
480048,37.692621,26.758459
60280,38.078062,23.703829
62229,38.065805,23.79545
90358,40.539233,22.991128
90361,40.566758,22.975193
290098,38.16248,20.489673
10326,38.031554,22.111821
61833,38.00217,23.767698
61806,38.029177,23.781048
50060,39.14446,21.22203
460073,35.350195,24.452256
62351,37.932631,23.707071
62191,38.054091,23.789338
90360,40.529785,22.995243
62108,38.051918,23.80336
62236,38.060474,23.78532
480025,37.581953,26.450981
60274,38.053916,23.806541
410125,36.860642,21.921675
160083,40.638452,21.75887
420099,37.257258,23.163687
420101,37.271364,23.147114
420102,37.27638,23.134337
200020,35.31085,23.53366
410029,37.064902,21.891588
200003,35.363733,23.55922
130065,39.003972,23.330528
10295,38.295248,21.789841
240066,35.208005,25.101866
290071,38.445692,20.646069
240183,35.323463,25.166133
60903,37.92329,23.720056
310038,41.093468,22.382416
62309,37.923242,23.696024
62326,37.927677,23.697356
62285,37.930453,23.699156
62324,37.927864,23.702224
90478,40.560567,23.022029
480052,37.641399,26.26026
62514,38.035007,23.812835
63632,38.145732,23.84216
63633,38.162801,23.837682
63634,38.132461,23.83063
63635,38.129298,23.825193
63636,38.135829,23.826197
63637,38.139498,23.827481
60200,37.993717,23.766011
62531,38.03377,23.801096
62532,38.033619,23.80448
62534,38.033524,23.799111
62533,38.03157,23.802025
63185,38.019082,23.826914
60904,37.922096,23.710544
60906,37.921375,23.713352
60907,37.922821,23.71832
60908,37.921904,23.716234
90112,40.819506,23.032327
70138,38.251535,23.073047
62515,38.032171,23.811849
62520,38.033881,23.812
62528,38.02749,23.789628
62541,38.034695,23.796748
62543,38.032762,23.80499
62551,38.03255,23.826521
90592,40.680428,22.901421
62788,37.917518,23.74536
62791,37.935091,23.747784
62792,37.934057,23.746875
62810,37.931417,23.741056
62581,38.029906,23.816425
62586,38.028387,23.821498
62593,38.02675,23.823875
62719,37.925665,23.754005
62720,37.927284,23.755944
62750,37.928018,23.76029
62753,37.925904,23.760072
62754,37.925195,23.761904
62757,37.923456,23.762579
63742,38.023675,23.862488
320131,37.823342,22.749961
20354,38.581492,21.608852
450078,39.154627,20.567698
490023,41.360865,23.359239
190076,40.19568,23.328689
240186,35.333286,25.138283
90594,40.683103,22.909368
63859,38.000379,23.892309
63772,37.998571,23.847343
60211,37.989242,23.751498
63769,38.005765,23.846716
360069,39.614867,22.878703
270017,39.365219,21.920051
340232,37.860893,24.78538
130266,38.575784,24.061356
320020,37.808225,22.869352
320124,38.048057,22.685518
380025,39.368847,26.171571
470052,41.022668,25.692074
65112,37.97626,23.710291
63750,38.036137,23.869616
63746,38.034942,23.860367
63749,38.032939,23.865727
63753,38.02666,23.851396
64378,37.724492,24.012161
63754,38.02474,23.859553
90383,40.602916,22.986408
62789,37.916943,23.747578
62517,38.033107,23.811449
62518,38.033607,23.8101
62519,38.032722,23.809483
62522,38.034562,23.810833
62523,38.033433,23.818979
460099,35.367059,24.510254
310078,41.088618,23.038792
30096,37.325833,23.142882
10030,37.883596,22.011386
60884,38.04769,23.738004
60881,38.048959,23.738956
60877,38.049976,23.741176
120269,40.857496,25.866416
410133,37.128182,21.860345
410064,36.968294,21.748214
62223,38.064067,23.799685
410113,36.962662,21.728889
62225,38.061313,23.796985
410037,36.845,21.843117
62230,38.060073,23.793858
410011,36.901475,21.829647
62231,38.066611,23.798941
200037,35.360849,23.534414
200022,35.278353,23.546011
63593,38.061334,23.765134
300090,39.623516,19.895907
80013,39.718061,20.480543
80002,39.698522,20.420318
470069,41.127664,25.187634
62790,37.914523,23.74952
62603,38.017739,23.802189
200114,35.488061,24.073449
240108,35.282888,25.467532
60210,38.011598,23.826201
340034,37.035552,25.078436
62611,38.016219,23.804839
120272,40.856801,25.888612
120273,40.853136,25.892307
500005,39.824562,21.726818
500123,39.850603,21.453487
500036,39.825852,21.437862
500044,39.745624,21.750493
64254,37.954162,23.66274
63639,38.142189,23.832938
63640,38.143534,23.830036
62680,37.931838,23.755411
62683,37.929273,23.75608
62684,37.928943,23.757339
62686,37.932451,23.755946
190113,40.302989,23.103061
62687,37.933531,23.7539
62535,38.035175,23.801223
62538,38.034156,23.798366
62786,37.915854,23.744815
62692,37.93158,23.760573
62690,37.930608,23.760329
62693,37.933347,23.757246
62758,37.922989,23.761405
61267,37.879136,23.766479
61812,38.029339,23.775466
61638,37.938204,23.765002
61635,37.938219,23.761393
240204,35.338696,25.156423
240208,35.339777,25.154709
62554,38.031943,23.830416
62570,38.02721,23.818901
62573,38.023906,23.817257
60017,37.964376,23.725013
60286,37.979561,23.726586
62579,38.030193,23.824175
20116,38.9456,21.177225
62521,38.033447,23.815002
62524,38.024788,23.788393
62525,38.026204,23.788024
62526,38.027174,23.78674
62530,38.029848,23.791702
62767,37.923367,23.747741
62769,37.920927,23.748893
62785,37.915936,23.748079
62804,37.930701,23.738791
62819,37.937895,23.750423
63756,38.007584,23.857442
63761,38.003785,23.855588
340265,37.425756,25.322812
340287,37.423434,25.323719
420100,37.244355,23.16182
90489,40.580019,22.946073
90485,40.578814,22.944927
90484,40.578221,22.944367
210006,38.371315,26.136303
340105,37.413272,24.427826
400132,39.374487,22.934747
63904,37.846149,23.821307
63909,37.850508,23.847885
190003,40.487924,23.597543
63641,38.138731,23.824941
250197,39.970885,20.947607
90557,40.591861,23.014559
180008,40.150055,21.513197
180035,40.148361,21.552378
370043,35.071454,25.654758
63721,38.013946,23.85257
370012,35.045382,25.643058
63766,38.007088,23.860669
63774,38.015122,23.849701
63775,38.016818,23.848121
63778,38.01944,23.847277
40008,37.386642,22.498274
350055,36.686192,23.035837
62540,38.033184,23.796145
440009,40.105269,22.504191
62539,38.035454,23.79893
62542,38.034532,23.805404
62545,38.030636,23.825803
62547,38.034243,23.827116
62549,38.035942,23.824965
61781,38.046484,23.742044
61783,38.047314,23.740797
61784,38.045668,23.739973
61785,38.043169,23.741171
60108,38.088237,23.808159
440047,40.448158,22.587308
62232,38.065596,23.799306
62158,38.057291,23.802879
410060,36.915675,21.846328
410205,36.901167,21.87064
410073,37.085161,21.815531
410047,36.967705,21.855341
90359,40.532304,22.994049
420106,37.264281,23.158748
62735,37.923771,23.757977
320057,37.821168,22.66262
130185,38.904767,24.566051
30161,37.650166,22.728621
200024,34.843721,24.100993
64026,37.936884,23.711315
64054,37.936223,23.710889
62737,37.916113,23.752162
62630,38.017409,23.795408
340062,36.627694,24.922585
62659,38.028561,23.799514
62660,38.029514,23.801578
62668,38.0278,23.802447
62671,38.029022,23.803351
64261,37.951016,23.661755
500040,39.77063,21.72823
500086,39.723689,21.792494
500136,39.774396,21.657563
340292,37.433374,25.34552
250102,39.563044,21.159564
250174,40.126103,20.844283
330018,40.306361,21.231417
330054,40.330128,21.247525
62688,37.930408,23.758348
62691,37.930129,23.76081
62708,37.936549,23.756304
62709,37.938538,23.756441
62740,37.920114,23.74866
62782,37.920037,23.741237
62536,38.037189,23.802241
60262,37.997519,23.716955
62739,37.920353,23.752441
460105,35.364402,24.451428
460112,35.354601,24.436198
130249,38.633333,24.103557
60258,37.934122,23.641061
250061,39.490348,20.976182
30117,37.4445,23.266681
60424,38.039996,23.981099
510051,41.331503,24.921696
250230,39.480936,20.882542
370118,35.167146,25.988054
320060,37.991275,22.542298
50080,39.080016,20.864756
60251,37.947083,23.715529
62695,37.937699,23.753119
62698,37.933749,23.76059
62699,37.933322,23.761912
62700,37.932758,23.760431
62702,37.932757,23.762663
62704,37.934706,23.754939
62550,38.028771,23.818069
62563,38.022444,23.809449
62564,38.026339,23.813942
62566,38.027706,23.812825
62569,38.025318,23.812399
62571,38.026392,23.81838
210073,38.316935,26.126551
62585,38.029504,23.820995
190149,40.294929,23.543729
62587,38.027985,23.823484
60198,37.927925,23.749884
62591,38.034473,23.823596
61990,38.04988,23.827596
60909,37.920079,23.723601
60911,37.919034,23.727226
60972,37.915955,23.706136
60984,37.92031,23.707576
240185,35.337709,25.134905
60484,37.97257,23.775719
63993,37.936953,23.715123
63998,37.931887,23.711603
64002,37.940301,23.715981
64003,37.938785,23.716343
64013,37.932991,23.713318
130249,38.633333,24.103557
130108,38.763994,23.322735
60211,37.989242,23.751498
63728,38.014808,23.86044
63730,38.016084,23.854142
370076,35.051197,25.881459
63732,38.01796,23.854392
420093,37.261633,23.159196
61887,38.058133,23.851261
62010,38.062162,23.836683
240202,35.342393,25.156763
62011,38.062925,23.836912
61802,38.028528,23.784757
64067,37.950985,23.711299
64084,37.948527,23.711358
250193,39.902507,20.821092
110278,36.430056,28.216655
61896,38.052339,23.85936
240105,35.341156,25.136336
62315,37.924162,23.693825
62513,38.076161,23.798231
240209,35.33747,25.157204
240221,35.332296,25.161675
61683,37.927803,23.732685
62182,38.055568,23.79299
62237,38.067055,23.796735
160048,40.790083,21.139317
63197,38.021101,23.749798
420094,37.261119,23.156968
420095,37.259414,23.161886
420105,37.2653,23.152058
420096,37.258707,23.16367
420097,37.258958,23.158849
62783,37.920185,23.739504
62784,37.918321,23.741332
64087,37.952212,23.711535
64088,37.953428,23.715757
64103,37.947913,23.707858
60287,37.980569,23.736412
10271,38.099113,21.693674
62745,37.916848,23.746494
62346,37.932931,23.704005
62275,37.926242,23.695413
480093,37.63952,26.24828
480044,37.652745,26.269529
62306,37.928465,23.690272
310007,41.104535,22.482571
360156,39.580183,22.47948
61623,37.961563,23.694229
90534,40.591567,23.04016
330109,40.311883,21.139221
90563,40.590183,23.004725
370153,35.272678,25.564167
130265,38.359907,23.637167
64089,37.951679,23.720543
62694,37.936791,23.754613
62552,38.031352,23.828119
190110,40.277729,23.147094
460110,35.355508,24.465512
490212,41.096952,23.547007
62574,38.027469,23.815855
62747,37.916325,23.750083
62748,37.915756,23.750683
62752,37.913079,23.749924
62756,37.911702,23.74944
62762,37.91592,23.754757
62763,37.914195,23.750099
62594,38.027422,23.824678
62548,38.035716,23.825142
62582,38.031222,23.820115
60272,37.985864,23.72381
60104,38.031765,23.735668
63743,38.028446,23.857943
62706,37.934402,23.757392
62738,37.920037,23.750503
62743,37.917504,23.750117
62759,37.918476,23.752081
62761,37.91663,23.754712
62770,37.924003,23.745808
62781,37.919953,23.743959
260020,40.627852,24.574203
110219,36.413493,28.210201
63192,38.020349,23.823541
240105,35.341156,25.136336
63739,38.018053,23.860523
62595,38.025461,23.817053
62596,38.022533,23.81619
62598,38.024354,23.819847
62599,38.021003,23.808788
62601,38.021853,23.813456
61803,38.015552,23.784327
240222,35.329853,25.161246
270189,39.520442,21.959665
180032,40.117761,21.41176
50149,39.078413,21.091523
62188,38.051384,23.790264
60310,38.136718,23.832355
10278,37.909807,21.532389
200201,35.54529,24.144898
62667,38.028444,23.793394
62681,37.93173,23.757302
62696,37.934472,23.752015
330017,40.287208,21.148074
250058,39.66616,20.852682
62242,37.923943,23.70613
62249,37.927422,23.717072
62256,37.928411,23.715722
62269,37.924309,23.697984
62274,37.926525,23.693055
62250,37.924834,23.705952
62243,37.926145,23.705476
10064,37.939417,22.184917
190142,40.396518,23.163039
62304,37.929812,23.69199
240216,35.337515,25.160715
61864,38.012324,23.780374
490215,41.091553,23.552151
490214,41.091183,23.551341
61685,37.906873,23.739271
61689,37.909089,23.742657
180036,39.985958,21.684355
30050,37.589428,22.739588
110015,36.809446,27.098239
490226,41.090501,23.555246
60212,38.053502,23.767037
63679,37.965725,23.853126
63680,37.968741,23.853157
63682,37.966509,23.848501
63683,37.967292,23.842732
61741,37.906819,23.743878
480096,37.740016,26.988173
90497,40.578241,22.946238
63127,38.005942,23.827836
63065,38.015892,23.835188
63153,38.001251,23.818416
62263,37.928453,23.7007
62264,37.92804,23.699274
61800,38.01808,23.784678
260123,40.923795,24.383619
61820,38.032808,23.786021
61821,38.031296,23.783355
60261,38.073584,23.813245
60233,37.952261,23.705442
340270,37.429526,25.332943
340284,37.418425,25.337229
470231,41.027426,25.317969
350174,36.22742,23.082099
290017,38.174552,20.685999
62956,38.006263,23.785971
410213,37.067029,22.095527
61742,37.912124,23.732129
61728,37.90717,23.741539
61730,37.906132,23.743565
61743,37.912638,23.735271
61744,37.909124,23.733747
62622,38.014328,23.799977
63140,38.005176,23.822667
62298,37.927401,23.692844
63141,38.006367,23.823338
63142,38.004446,23.824816
63143,38.003469,23.825706
63144,38.003219,23.822399
90073,40.61237,22.96756
90242,40.573964,22.965238
90248,40.575283,22.960257
90290,40.577576,22.952326
270058,39.066974,21.9831
260130,40.934106,24.384967
62942,38.011969,23.782314
220019,37.586347,21.668097
62112,38.050043,23.806627
61682,37.926794,23.733601
90121,40.663739,22.712645
62910,37.989687,23.802216
140050,39.124394,21.475529
500045,39.750775,21.413812
63705,37.985729,23.864864
190161,40.058563,23.429566
63706,37.976932,23.854691
63707,37.974884,23.858964
190166,40.064605,23.450981
63708,37.984774,23.84651
63710,37.986887,23.843478
62662,38.029517,23.795033
90593,40.68064,22.905944
340304,37.03832,25.252713
63834,38.003659,23.884414
63838,38.004649,23.891104
63844,38.003015,23.877804
63845,38.003023,23.879474
61544,37.932371,23.696434
440071,39.992326,22.623917
60106,38.08545,23.977012
340036,37.176329,25.549671
62407,38.09434,23.894135
63104,38.028679,23.830769
62841,38.007433,23.808297
64104,37.950392,23.714009
64105,37.951546,23.71415
64119,37.943135,23.719604
64144,37.940761,23.722031
61863,38.01383,23.780968
61877,38.062144,23.845233
490303,41.086702,23.533525
62664,38.030841,23.794235
62666,38.029918,23.793471
120267,40.952791,25.99016
62771,37.926594,23.743635
330140,40.331951,21.79089
62307,37.930235,23.688788
62294,37.925897,23.693688
63051,38.015072,23.829777
63136,38.008012,23.819965
63148,38.006341,23.817212
63155,38.014762,23.820965
63157,38.012523,23.821054
63164,38.015043,23.822271
62850,38.006045,23.814566
62853,37.999637,23.813441
62865,37.99751,23.806232
62867,38.002351,23.806228
62874,38.006742,23.802062
61956,38.041114,23.829457
61822,38.023457,23.788691
490229,41.090375,23.556602
490230,41.091018,23.557088
20325,38.861738,21.165653
490233,41.093429,23.556009
62222,38.059463,23.788788
62176,38.051609,23.79542
220081,37.673441,21.4379
20022,38.623911,21.41029
63962,37.822209,23.80246
63968,37.827969,23.811092
63969,37.829004,23.806508
63643,37.954267,23.859713
63650,37.950119,23.863289
63652,37.951617,23.861289
62273,37.928841,23.699863
62283,37.928572,23.696952
62331,37.926773,23.70268
62287,37.929943,23.700543
120002,41.017008,25.954517
62288,37.930371,23.701961
90034,40.613632,22.685367
62317,37.925388,23.697406
400171,39.424488,23.12358
360149,39.661333,22.786682
40029,37.595843,22.039586
270026,39.363373,21.664591
61927,38.048917,23.847662
90289,40.57705,22.951837
62129,38.048069,23.808164
250246,40.030741,20.481189
62198,38.056947,23.787355
62187,38.052758,23.791988
220123,37.836912,21.770593
440028,40.370193,22.457835
62628,38.025305,23.796097
61754,37.92161,23.736594
61736,37.904521,23.746919
61737,37.915988,23.733205
520043,37.729572,20.84465
90181,40.691602,22.790382
90244,40.572456,22.963457
30146,37.578704,22.81634
63145,38.005682,23.819963
63149,38.005086,23.817301
63151,38.002969,23.818838
63154,38.002762,23.817082
63163,38.012594,23.818055
63169,38.013012,23.81706
62115,38.049106,23.807983
62130,38.052424,23.81617
62138,38.050937,23.821774
190084,40.237636,24.203529
62152,38.050985,23.816062
62408,38.095933,23.885023
62412,38.097235,23.873231
61693,37.918613,23.732278
61718,37.911389,23.741329
62633,38.016929,23.794494
62634,38.020572,23.792708
61699,37.905541,23.741931
61700,37.917844,23.734431
63711,37.983395,23.849739
63713,37.981264,23.845811
190182,40.056242,23.462335
63715,37.979634,23.848978
63718,37.985715,23.850235
190184,39.971041,23.456172
63719,37.994629,23.847839
190181,40.059015,23.459449
63854,38.001718,23.877376
63855,38.001086,23.877924
63856,38.003294,23.884531
63857,38.002338,23.884907
63861,38.002163,23.875458
63862,38.000802,23.874076
63863,38.000624,23.874947
62421,38.11569,23.877617
50073,39.172137,21.262311
62422,38.115828,23.875544
62423,38.116871,23.875362
62420,38.116055,23.868204
62424,38.112245,23.874037
62877,37.998126,23.8105
62891,38.007554,23.815891
61704,37.908529,23.744249
61705,37.909487,23.740744
61709,37.907555,23.745673
61711,37.907359,23.747003
290014,38.376981,20.537761
50002,39.190724,21.135069
490234,41.09411,23.556577
62254,37.928579,23.713407
63406,38.094878,23.805413
63413,38.09443,23.800757
63426,38.08959,23.792591
63415,38.087891,23.79732
63393,38.079051,23.790937
63387,38.084212,23.794664
63166,38.014779,23.81771
63168,38.015381,23.827077
63171,38.017155,23.826171
63173,38.017101,23.824519
270140,39.470393,22.083521
380042,39.081404,26.183963
490083,40.921783,23.970629
20025,38.436034,21.354346
62898,37.994445,23.805045
62931,38.008409,23.787827
63390,38.078353,23.798222
63431,38.091778,23.795922
63394,38.08055,23.792635
62002,38.056177,23.83195
63677,37.959407,23.85249
220050,37.590982,21.617936
490235,41.091831,23.557388
490240,41.093746,23.56668
320063,37.937308,22.840894
320125,37.976467,22.760823
400127,39.383932,22.746476
62184,38.058577,23.79323
62196,38.059385,23.787984
60269,38.214113,23.875824
60065,38.171123,24.023724
150117,38.908941,22.127382
400131,39.327646,23.052445
420060,37.756446,23.519081
240104,35.334337,25.118779
90486,40.579464,22.945465
62322,37.926446,23.701215
280016,40.512356,21.318424
480077,37.70337,26.904934
62328,37.93153,23.701503
62329,37.929431,23.698701
62330,37.929265,23.70213
62859,37.99671,23.803738
61975,38.036305,23.838579
250149,39.709235,20.529821
63678,37.96043,23.849912
250150,39.594286,21.106834
500100,39.53702,21.403909
180003,40.064247,21.56255
62205,38.05965,23.804547
62207,38.061274,23.801868
62192,38.053201,23.788525
62193,38.058035,23.789191
62190,38.056252,23.790278
62189,38.058067,23.790658
62639,38.026206,23.794905
190075,40.100858,23.434407
62643,38.027709,23.792769
62021,37.987738,23.794822
62036,37.985451,23.795268
62038,37.981861,23.78877
90335,40.609873,22.989339
62122,38.05367,23.812064
380036,39.037355,26.455715
430006,40.797713,21.835716
440022,40.500736,22.543591
63170,38.012543,23.815785
61696,37.905612,23.740914
61739,37.90613,23.747017
61733,37.905564,23.750583
61735,37.905644,23.749853
61948,38.042624,23.834312
62156,38.055596,23.802915
62159,38.056293,23.803809
190140,40.012789,23.446142
190143,40.36098,23.09438
460096,35.366794,24.503907
20374,38.656251,21.382414
110277,36.430628,28.215439
62657,38.028485,23.796732
62661,38.027683,23.796075
170106,38.375708,22.383121
320085,37.755056,22.834968
60213,37.954053,23.669571
61851,38.017961,23.773427
61853,38.015401,23.771143
63757,38.003525,23.851301
63759,38.005334,23.854456
63762,38.001843,23.854872
330083,40.513196,21.680117
63763,38.002178,23.858024
330160,40.140623,21.95277
63864,37.999366,23.873019
63868,37.99894,23.874243
63871,37.997101,23.874954
63658,37.945861,23.866923
63681,37.965574,23.857233
90595,40.680717,22.910691
90538,40.589978,23.03628
63776,38.013874,23.843799
40281,37.402447,22.148594
410042,37.034498,22.111926
61640,37.938221,23.766972
61819,38.032948,23.783868
63392,38.087195,23.793049
63297,38.093303,23.810313
63300,38.092165,23.817177
61854,38.013286,23.771641
61856,38.015315,23.773568
61857,38.021159,23.778218
61859,38.017977,23.777212
61862,38.01308,23.778156
340268,37.425391,25.359281
340269,37.4355,25.331153
63340,38.094639,23.829857
63339,38.095794,23.828079
63321,38.090737,23.820567
63310,38.097346,23.814315
63304,38.094551,23.809564
63295,38.092322,23.811495
440009,40.105269,22.504191
110192,36.614986,27.83478
62337,37.928842,23.70737
310041,40.988299,23.126638
63131,38.007465,23.822618
63098,38.026385,23.828076
63081,38.023624,23.82917
63376,38.082862,23.803929
63360,38.088124,23.823636
63378,38.08354,23.8006
63416,38.094565,23.797693
62097,38.055466,23.814504
62139,38.045547,23.818557
62140,38.04944,23.822357
63115,38.006662,23.82749
63162,38.011814,23.816449
63120,38.008617,23.832331
63056,38.012725,23.835182
63083,38.023721,23.824456
61738,37.910702,23.736016
90252,40.577051,22.959781
90502,40.580539,22.950644
350007,36.850936,22.666111
90494,40.583439,22.950828
90481,40.577603,22.948065
90482,40.579239,22.950508
90487,40.582164,22.948192
62856,38.002042,23.796498
110240,36.840174,27.078732
62835,38.00637,23.805165
61836,38.008936,23.768361
200179,35.520871,24.042456
200188,35.514916,24.043111
260127,40.92656,24.381771
62144,38.049527,23.811335
62180,38.057471,23.793786
62183,38.05477,23.792408
62185,38.053017,23.791227
460111,35.352988,24.437144
490216,41.091075,23.55248
61719,37.912439,23.739193
30037,37.688783,22.709992
61720,37.910629,23.742629
61740,37.91451,23.731802
61727,37.908071,23.739772
62609,38.017682,23.80833
250245,39.673547,20.945698
260075,40.933996,24.710642
380058,39.147056,26.529948
380066,39.246067,26.269038
240003,35.138849,25.001737
490084,41.014254,23.52098
120084,40.855068,25.745238
130082,38.953613,23.152209
70100,38.418923,22.950467
62302,37.929982,23.693271
61950,38.042941,23.834228
210063,38.438233,25.962267
61665,37.908632,23.752311
61953,38.043633,23.833205
310015,40.947859,22.448002
220096,37.48473,21.648779
300021,39.843742,19.407007
490218,41.093072,23.551019
490221,41.092559,23.555249
290015,38.317761,20.4158
490225,41.090745,23.555191
240126,35.282888,25.467532
140107,38.868291,21.760002
20337,38.453978,21.231766
62610,38.016791,23.806803
62614,38.015336,23.806548
62615,38.015274,23.807906
110221,36.344051,28.19985
90072,40.633778,22.944027
62578,38.030142,23.812607
240076,35.073904,25.029047
340001,37.315846,24.376009
350056,36.748172,22.449408
500120,39.82037,21.607217
63727,38.016355,23.8582
64376,37.718158,24.037437
90596,40.678009,22.915678
360027,39.978666,22.049546
50146,39.374227,21.216078
250042,40.027155,21.017122
260129,40.931228,24.383246
63084,38.024674,23.826688
10062,37.904944,22.034028
260006,40.984748,24.702271
90061,40.670854,22.806344
410078,37.052502,22.008352
62220,38.059171,23.791925
63424,38.091549,23.793815
63422,38.090178,23.797082
62993,38.005743,23.790837
380067,39.16105,26.059032
60899,37.920762,23.700859
120206,40.856283,25.865751
120210,40.861049,25.872954
120138,40.848966,25.878533
430054,40.757314,22.282197
60991,37.910934,23.714933
60992,37.917192,23.705982
60993,37.909946,23.717044
170015,38.41924,22.527872
130088,38.015022,24.420561
430034,40.770388,22.318243
240173,35.337834,25.129808
340232,37.860893,24.78538
150135,39.127599,22.303955
240175,35.310048,25.154975
60113,37.99365,23.731034
90073,40.61237,22.96756
90073,40.61237,22.96756
260011,40.914428,24.255299
400007,39.180307,22.761365
60256,38.031404,23.709343
61026,37.914089,23.72919
20349,38.883069,21.019942
200165,35.477104,24.05869
200173,35.506234,24.05004
200172,35.506353,24.053029
400162,39.147837,23.86624
60586,37.980047,23.770456
20328,38.70446,20.946442
70035,38.25053,22.982138
410167,37.290101,21.856134
220139,37.82246,21.295332
60508,37.969219,23.773776
60509,37.970685,23.774651
340049,37.064194,25.484799
61049,37.912727,23.729054
61025,37.913868,23.72741
60968,37.914849,23.728058
60967,37.913592,23.723703
61054,37.905706,23.726436
61016,37.91591,23.722121
200048,35.522204,24.131562
61020,37.913854,23.723227
61039,37.916272,23.720889
440006,40.270983,22.511121
380030,39.104354,26.553049
61286,37.87282,23.767671
260078,40.845667,24.305674
90134,40.495727,22.834214
90158,40.843006,22.982597
90118,40.627248,23.055295
330036,40.258361,22.143591
110213,36.415401,28.138047
90008,40.721209,23.706611
90065,40.66444,23.696194
90002,40.715781,22.728882
90446,40.550611,23.020782
60512,37.973317,23.773056
60514,37.97247,23.773177
60515,37.972837,23.774158
60516,37.971794,23.770963
150063,38.711108,23.052206
330089,40.257418,21.553782
110231,36.096218,28.015889
380028,39.872974,25.268161
60365,37.780674,24.006421
10272,38.162597,21.729056
240101,35.328045,25.310826
61142,37.894991,23.764788
510219,41.14002,24.88375
360147,39.511869,22.4655
61225,37.885055,23.758501
60954,37.913724,23.715253
60955,37.912115,23.71291
63165,38.015501,23.820693
63109,38.03047,23.842926
63097,38.027232,23.830275
62430,38.07371,23.829642
62436,38.075898,23.825523
62438,38.078722,23.825772
62442,38.078186,23.834261
60205,38.086846,23.183305
10016,38.251325,22.085218
420070,37.963323,23.61963
120260,40.84542,25.873993
360028,39.861375,22.4754
60994,37.91578,23.708315
120173,40.845437,25.875866
60920,37.922278,23.721113
280094,40.503179,21.156713
60921,37.92233,23.708323
60922,37.923112,23.709571
60925,37.919029,23.709623
60928,37.917601,23.717172
40128,37.720413,22.251061
460081,35.367353,24.533067
60956,37.917588,23.702551
460080,35.366971,24.529827
60977,37.916512,23.712084
320116,37.817602,22.92628
150017,38.654974,22.998397
300002,39.7233,19.718894
10063,38.228231,21.762903
490163,41.087066,23.54493
60885,38.023176,23.802156
490161,41.078396,23.539437
490164,41.087746,23.544128
490179,41.079755,23.536234
490165,41.088037,23.542183
490181,41.081529,23.531946
490166,41.08661,23.541752
120174,40.846826,25.875231
60996,37.910728,23.713216
120213,40.846961,25.880177
220154,37.744727,21.328863
20025,38.436034,21.354346
130133,38.525275,24.162091
410186,37.018105,21.829986
60262,37.997519,23.716955
300050,39.694466,19.837412
91468,40.794309,22.862024
60240,38.080073,23.736107
61011,37.911662,23.717075
240103,35.328471,25.136269
150173,38.949132,22.843787
300047,39.787565,19.692537
300037,39.789336,19.815434
70111,38.306494,23.148235
61044,37.917718,23.724476
470168,41.117925,25.393466
490185,41.089002,23.557429
250125,39.42173,21.01492
60150,37.747546,23.908209
240197,35.334032,25.14117
40246,37.495181,22.45998
330064,40.313408,21.388389
60517,37.971618,23.770446
60519,37.970725,23.770387
60520,37.973154,23.771324
60521,37.972371,23.771772
60926,37.918682,23.713546
61004,37.914618,23.711854
60924,37.917905,23.713358
60978,37.919843,23.70444
460044,35.291926,24.878419
60434,38.088237,23.808159
250215,39.608598,20.988697
61019,37.908778,23.725016
61056,37.904536,23.729828
61031,37.906368,23.73032
10016,38.251325,22.085218
10238,38.245369,21.735276
10130,38.206877,21.727355
60820,37.835149,23.790924
350192,36.646692,22.898212
290094,38.176302,20.581857
260101,40.664723,24.761969
250251,39.603313,20.841013
120137,40.848645,25.876777
120194,40.846458,25.859146
60522,37.971541,23.769372
60523,37.970683,23.768682
150133,38.913668,22.617068
240108,35.282888,25.467532
300014,39.619755,19.919074
130092,38.813234,23.366322
480078,37.68881,26.942239
10049,38.109097,21.782148
290049,38.316608,20.555416
20358,38.901849,21.107878
60929,37.921424,23.712643
10258,38.234396,21.73088
61288,37.871431,23.768588
250058,39.66616,20.852682
470043,41.252953,25.685501
60982,37.918055,23.707391
120203,40.868018,25.871465
470143,41.12014,25.413211
470125,41.119138,25.399335
60489,37.974886,23.773203
60481,37.972326,23.776724
320136,37.798193,22.797797
490086,41.104603,23.677219
350089,37.074908,22.430664
60998,37.916019,23.71144
120131,40.845744,25.876723
61001,37.913886,23.709482
120133,40.846697,25.877186
60930,37.922887,23.711961
60931,37.922503,23.713589
60932,37.923222,23.714125
60933,37.923438,23.716026
360024,39.895697,22.187763
60983,37.914678,23.713532
60985,37.916039,23.714631
60986,37.917,23.716701
60987,37.913037,23.714119
90100,40.639976,22.934314
460084,35.366019,24.535069
130263,38.410059,23.739713
260038,40.739595,24.574538
150171,39.178705,22.287566
320088,38.000468,22.473284
20124,38.522506,21.981681
120216,40.847252,25.881176
61006,37.914076,23.712758
330111,40.342051,21.506946
40122,37.730723,21.960061
180109,40.084763,21.425523
90015,40.7321,22.603708
60198,37.927925,23.749884
270132,39.485573,21.902774
200123,35.519556,23.928857
500166,39.559442,21.843549
60113,37.99365,23.731034
60990,37.916033,23.709296
10260,38.298467,21.993471
60034,38.045126,23.804014
190040,40.514241,23.824703
260011,40.914428,24.255299
61024,37.907144,23.725505
480021,37.600336,26.082641
410184,37.338476,21.772572
30102,37.556823,22.714322
20216,38.571247,21.666884
230043,40.589155,22.306585
62296,37.925098,23.693167
410155,37.047754,22.078575
330141,40.365871,21.973325
240181,35.32378,25.177676
60528,37.973532,23.767461
60529,37.973255,23.768869
60959,37.913186,23.715767
60958,37.910515,23.715882
60962,37.9114,23.713818
61017,37.90546,23.719569
61048,37.913078,23.729311
60804,37.838118,23.778638
61018,37.91426,23.722658
61043,37.916576,23.724617
61012,37.913875,23.719663
61010,37.915648,23.717595
360094,39.665431,22.399131
120060,41.647772,26.474718
62277,37.926947,23.69683
10009,37.906881,22.162633
62261,37.925898,23.699081
63195,38.022512,23.82574
10153,37.887826,22.074641
63193,38.012638,23.812421
10104,37.929667,21.967194
63179,38.013952,23.816757
60531,37.972172,23.768153
60532,37.972283,23.768867
500183,39.566549,21.889588
30082,37.613349,23.035716
490075,40.987281,23.407978
60807,37.838202,23.783078
60816,37.836309,23.783704
60020,38.050258,23.586787
60966,37.909975,23.719274
490308,41.092292,23.64118
510170,41.130539,24.889128
60065,38.171123,24.023724
60542,37.975883,23.769179
230044,40.640869,22.531541
60549,37.975561,23.765713
60559,37.976298,23.766903
240187,35.338466,25.130577
130194,38.820815,23.407687
60017,37.964376,23.725013
190012,40.258473,24.246891
60213,37.954053,23.669571
60254,37.94642,23.738443
110081,35.505851,27.210922
260083,40.900592,24.337263
340151,36.973785,24.722886
480082,37.629902,26.105841
240176,35.094473,24.917216
370032,35.258369,25.66255
450076,39.268062,20.854476
60934,37.924548,23.719277
60938,37.924112,23.726207
60939,37.925374,23.72377
60942,37.926423,23.729439
60943,37.928376,23.726801
130164,38.734769,23.490455
110247,36.392499,28.068535
60953,37.913753,23.710829
60937,37.923754,23.723833
60976,37.920949,23.703896
490034,41.213798,23.08684
63344,38.083584,23.815864
63337,38.101853,23.813489
63336,38.100272,23.820744
63284,38.090685,23.814528
63023,37.997558,23.776236
63017,38.001036,23.773694
150191,39.029057,22.380571
250290,39.65564,20.820435
60446,37.979834,23.769795
60609,37.975009,23.761625
320021,38.13195,22.422387
300068,39.707698,19.70446
60045,38.105677,23.670608
60257,37.98226,23.763051
60257,37.98226,23.763051
60257,37.98226,23.763051
260078,40.845667,24.305674
90086,40.474338,23.092408
400061,39.051159,22.955027
90117,40.470384,22.968759
310030,40.997812,22.570212
340037,36.76225,24.526655
290001,38.301594,20.594981
200516,35.233984,23.685363
360111,39.951162,22.643802
250239,39.875631,20.705036
60919,37.917992,23.720153
450067,39.000396,20.71211
130067,38.392817,23.794139
300048,39.700371,19.77502
240097,35.058421,24.960463
240102,35.284593,25.190089
240182,35.319611,25.177547
300041,39.68015,19.748405
60535,37.974362,23.76798
60536,37.973853,23.767798
60537,37.974025,23.769891
60540,37.976427,23.769424
60541,37.976147,23.7705
61037,37.912732,23.719363
61033,37.907584,23.719153
61014,37.915583,23.719985
60999,37.914145,23.718435
61000,37.914959,23.721003
40046,37.689376,21.925023
61022,37.913506,23.725721
60927,37.918305,23.715718
61029,37.905538,23.729173
61005,37.906674,23.72212
430062,40.798545,21.916146
60560,37.975999,23.76815
60504,37.970688,23.773546
240179,35.340707,25.133722
60505,37.969986,23.772745
60506,37.971197,23.772525
60507,37.9706,23.771851
60275,38.108261,23.880253
250212,39.639328,20.94404
90050,40.548045,23.164526
30005,37.637948,22.807353
490011,40.974124,24.038375
260061,41.048122,24.449506
490106,41.007265,23.938037
20308,38.58225,21.44896
220081,37.673441,21.4379
180117,40.011522,21.510525
61139,37.893961,23.763042
61148,37.892263,23.766219
61158,37.893542,23.767647
110179,36.450091,28.222448
60946,37.92246,23.726776
60561,37.9774,23.764965
61497,39.566305,19.866574
10094,38.040957,21.448313
60581,37.978458,23.767118
60182,37.868513,23.976889
60981,37.912568,23.710895
240096,35.131618,24.942408
130299,38.401106,23.973993
170026,38.67366,22.429237
260066,41.081502,24.485294
200115,35.542601,23.77913
60989,37.914349,23.715961
60913,37.92107,23.72543
60915,37.925349,23.725593
60910,37.924189,23.721277
60917,37.92679,23.728406
60918,37.921124,23.719629
60949,37.916845,23.706738
60950,37.915251,23.708744
60951,37.916737,23.709939
60952,37.916196,23.71287
30105,37.415879,23.124125
500076,39.59111,21.727338
40516,37.730723,21.960061
90133,40.806847,23.157298
240193,35.336173,25.133787
460010,35.157896,24.7358
460049,35.212125,24.715852
410164,36.937456,22.201342
250006,39.876513,20.778698
63450,38.100332,23.795934
63447,38.097897,23.793215
63440,38.100864,23.805165
240067,35.006762,25.153931
40033,37.288116,22.174567
40048,37.347111,22.151278
63446,38.096885,23.795233
63357,38.087637,23.821979
20232,39.107987,21.411214
490239,41.093009,23.560115
490275,41.087013,23.549217
490298,41.089584,23.541147
490300,41.087397,23.539161
60014,37.994463,23.674592
60017,37.964376,23.725013
470210,41.118231,25.397773
470211,41.121099,25.399256
470213,41.117197,25.394877
470214,41.114603,25.392897
470127,41.113923,25.379244
470216,41.125814,25.398459
110221,36.344051,28.19985
480051,37.736938,26.745574
460052,35.343919,24.786052
460042,35.295258,24.831181
330030,40.560546,21.597527
160029,40.83673,21.49803
150035,38.905478,22.046909
60330,37.901271,23.873896
10352,38.234396,21.73088
150211,38.901441,22.431399
150212,38.893182,22.414786
62888,38.010614,23.809887
62889,38.009431,23.813833
90350,40.703697,23.653335
150093,38.882513,22.774942
20316,38.537148,21.412316
190138,40.162218,23.729421
61330,37.86674,23.757179
61213,37.886108,23.754865
61210,37.88932,23.75577
61277,37.874544,23.767236
61272,37.876876,23.763644
61271,37.878163,23.769681
61269,37.877581,23.766716
61268,37.878368,23.768634
61388,37.86642,23.742722
460068,35.342961,24.869401
70130,38.255643,23.184267
70099,38.213263,23.321478
240125,35.137777,25.332516
470076,41.122949,25.6304
230050,40.674148,22.056126
380036,39.037355,26.455715
460115,35.363704,24.484902
380029,39.876848,25.060232
64215,37.952236,23.680873
64223,37.949853,23.666712
64224,37.950074,23.6714
64227,37.949052,23.670219
64231,37.947539,23.667083
490273,41.087287,23.548136
490274,41.087095,23.547033
320080,38.047228,22.586314
470208,41.119655,25.401016
310085,41.102285,22.845405
61079,37.892916,23.753425
61121,37.902208,23.752328
510211,41.129384,24.883427
510213,41.130202,24.879505
60240,38.080073,23.736107
60271,37.824473,23.809039
300052,39.653289,19.83109
510059,40.981036,24.952676
60593,37.980594,23.767221
60594,37.979432,23.764567
60595,37.979488,23.766261
60598,37.979308,23.766958
60548,37.97503,23.764675
60436,37.972366,23.77781
60480,37.973322,23.776574
490132,41.088515,23.523436
180028,40.017341,21.621919
63961,37.826767,23.803743
90100,40.639976,22.934314
64403,37.932122,23.839026
63664,37.933411,23.859703
63884,37.829799,23.802809
63937,37.817845,23.800388
61501,38.059133,23.749381
61502,38.058128,23.750892
61506,38.067443,23.760242
61503,38.062052,23.752074
330153,40.539814,21.502398
360145,39.346353,22.335843
220163,37.715127,21.624508
90137,40.584704,23.031382
61254,37.881873,23.765034
20169,39.077526,21.393247
310090,40.870214,22.581298
310091,40.869254,22.582082
10024,37.954318,21.52872
470176,41.1189,25.402663
470183,41.121137,25.409608
470185,41.122166,25.408711
30114,37.725806,22.639238
470191,41.126675,25.411174
270131,39.414539,21.756279
360090,39.71988,22.541743
370144,35.203823,25.707575
63433,38.094106,23.796059
63475,38.061423,23.773179
200207,35.507173,23.993224
520016,37.759436,20.890955
90365,40.570045,22.972203
90367,40.572384,22.973354
60854,37.811982,23.785072
60749,37.8435,23.762938
60764,37.847544,23.772489
60756,37.851545,23.76557
120083,40.959283,26.2667
60265,37.964965,23.650302
330105,40.254563,22.075134
170088,38.642309,22.52959
240128,35.017145,24.811056
240103,35.328471,25.136269
60014,37.994463,23.674592
250165,39.751653,20.649166
250223,39.70479,20.675893
500038,39.706242,21.621678
150129,38.896418,22.212517
120105,41.407269,26.402305
180088,40.089976,21.195914
62967,38.011746,23.792772
62968,38.009088,23.795459
62909,37.996692,23.808368
62970,38.013027,23.787637
62973,38.013146,23.792183
63005,38.011073,23.790176
61318,37.870016,23.75854
61203,37.898428,23.771047
61438,37.863087,23.753201
61412,37.862423,23.750099
61444,37.862717,23.752373
61389,37.866168,23.745213
20324,38.805743,21.17542
70074,38.321362,23.317261
410042,37.034498,22.111926
380059,39.330165,26.178504
300052,39.653289,19.83109
370301,35.20824,26.105293
240103,35.328471,25.136269
150058,38.901441,22.431399
490073,40.871865,23.904797
380082,39.863404,25.150639
130117,38.04666,24.322307
240138,35.032624,25.26757
490260,41.089153,23.553479
60510,37.973402,23.773949
90376,40.599041,22.987343
330042,40.299228,21.792746
380084,39.950983,25.165668
62081,38.056277,23.80682
62088,38.063717,23.805996
62592,38.035791,23.828113
62741,37.918535,23.750227
200146,35.468354,23.9606
290037,38.279988,20.468083
320079,38.022044,22.502919
60062,37.945932,23.693435
60193,38.008248,23.698936
60200,37.993717,23.766011
60251,37.947083,23.715529
60472,37.978202,23.77299
60476,37.974518,23.775237
60478,37.972818,23.777119
40111,37.554556,22.07985
10296,38.295248,21.789841
180099,40.060204,21.277247
60518,37.970039,23.769989
60526,37.971418,23.768703
60527,37.971416,23.767805
60530,37.972969,23.769866
60443,37.972662,23.770498
60562,37.977155,23.765933
63323,38.089218,23.821621
63316,38.099421,23.808514
63385,38.079007,23.801839
40009,37.430973,22.002454
63399,38.084667,23.785422
63398,38.08872,23.787271
40021,37.285455,22.072401
63397,38.086852,23.786989
63400,38.086655,23.782027
380055,39.210642,25.854865
470031,41.107191,25.716079
350226,36.182094,22.995305
30122,37.58691,22.665997
61417,37.860928,23.753562
61242,37.880487,23.766168
61290,37.871613,23.770027
230070,40.650084,22.163601
510106,41.13944,24.88664
510168,41.129751,24.885747
510107,41.140778,24.886313
510169,41.129138,24.887679
510216,41.126985,24.884101
90065,40.66444,23.696194
470074,41.085335,25.537849
350005,36.477049,23.102861
470189,41.124672,25.406294
490133,41.090113,23.519523
130255,38.425804,23.670474
490131,41.080381,23.536844
490144,41.084432,23.537705
63471,38.055942,23.77647
63472,38.055499,23.778705
63484,38.054161,23.780409
63487,38.058935,23.779168
63488,38.056593,23.78054
63533,38.051491,23.775142
60106,38.08545,23.977012
60270,38.320039,23.796631
60213,37.954053,23.669571
60203,38.002826,23.731733
60266,38.048383,23.836618
420046,37.945997,23.646649
60323,38.026548,23.998977
520005,37.662123,20.81516
280001,40.455143,21.257794
20336,38.709288,21.290246
60211,37.989242,23.751498
150058,38.901441,22.431399
30090,37.520562,22.856579
520048,37.729989,20.972295
60780,37.837857,23.769137
200114,35.488061,24.073449
440029,40.198709,22.432167
200048,35.522204,24.131562
63609,38.066,23.768104
64185,37.952156,23.674672
64188,37.953079,23.67487
64201,37.95207,23.678633
64203,37.950987,23.678623
64210,37.946819,23.674467
64213,37.954262,23.681451
62701,37.933108,23.759664
61439,37.86585,23.751455
61292,37.870755,23.77247
61395,37.867098,23.746943
61433,37.854778,23.762904
61434,37.855926,23.764449
180018,39.947678,21.664283
10305,38.283803,21.76342
230129,40.554744,22.254435
180095,40.079677,21.183129
440284,40.448158,22.587308
60301,38.00499,23.424833
510063,40.928779,24.83365
67830,38.294341,23.890126
410024,36.807508,21.915135
67839,38.306534,23.853686
60501,37.977638,23.769926
400020,39.396099,23.062629
410154,37.155484,22.041658
150068,38.939809,22.115212
440257,40.508639,22.536948
310010,40.897107,22.550044
260089,40.777331,24.611736
62703,37.934271,23.756146
63187,38.019188,23.81852
30089,37.607004,22.820381
63182,38.020781,23.827316
250147,39.503927,21.036103
63675,37.957849,23.852223
63673,37.954219,23.847292
60923,37.920777,23.708785
60286,37.979561,23.726586
61051,37.910232,23.723655
60276,38.016111,23.736109
60253,38.010207,23.723574
60275,38.108261,23.880253
470175,41.118043,25.405965
60503,37.976986,23.772584
240177,35.336843,25.130692
60513,37.973672,23.771572
60525,37.972066,23.768917
240180,35.320131,25.169435
20034,38.423017,21.863504
61260,37.88031,23.769878
60601,37.975927,23.764226
60569,37.977585,23.768584
60591,37.979876,23.766915
60582,37.979364,23.768082
510196,41.133022,24.872882
60493,37.97603,23.771705
430026,41.099214,22.266021
63567,38.05095,23.759291
63602,38.058198,23.755521
63625,38.069287,23.760569
370140,35.189807,25.67959
63348,38.08084,23.814224
370143,35.2019,25.704693
61341,37.868797,23.76623
410130,36.915676,22.238063
61307,37.873663,23.758939
61429,37.859299,23.76023
61129,37.892491,23.760822
10287,37.809414,22.023548
350182,36.196433,22.959091
110264,35.637474,27.142174
240003,35.138849,25.001737
200077,35.408142,24.197956
60334,37.918151,23.478356
90110,40.730702,22.917343
520017,37.759205,20.808793
490192,41.088113,23.533992
490195,41.092282,23.552577
470203,41.090457,25.410504
100075,41.137132,24.267502
60741,37.848156,23.76498
60751,37.845857,23.766598
10261,38.325295,21.846032
360182,39.612061,22.420506
62999,38.012216,23.791563
20388,38.399784,21.794838
62972,38.008053,23.798124
62971,38.006733,23.795904
62969,38.010726,23.796384
20389,38.379055,21.796526
61360,37.892663,23.744987
61362,37.889848,23.742286
30085,37.713527,22.879407
470226,41.093773,25.353622
410195,37.376688,21.693105
470174,41.108249,25.357876
470207,41.119293,25.400614
60200,37.993717,23.766011
170024,38.381477,22.078209
60282,37.920762,23.700859
60282,37.920762,23.700859
60275,38.108261,23.880253
240134,35.096539,25.383835
290091,38.120703,20.558492
90002,40.715781,22.728882
90023,40.731852,22.690499
370077,35.257747,25.727889
110018,36.219286,28.115413
110224,36.29236,28.161642
60752,37.847442,23.76812
61282,37.87467,23.769861
61284,37.874601,23.771078
490183,41.078234,23.530764
90104,40.688518,22.851129
490182,41.079339,23.531703
61244,37.879046,23.765033
61513,38.07381,23.77209
61416,37.860287,23.752408
240075,35.015367,25.001177
260084,40.970716,24.580263
200153,35.483908,24.012984
61278,37.87441,23.767849
310016,40.921957,22.744032
67840,38.29095,23.897886
500029,39.590597,22.067644
420045,37.349025,23.465561
67844,38.306476,23.855975
60262,37.997519,23.716955
260080,40.904421,24.670621
340065,37.885082,24.737692
400234,39.14456,23.864729
70108,38.492517,23.160067
150117,38.908941,22.127382
190146,40.228513,23.738756
220137,37.849009,21.386584
200364,35.528697,24.077195
60257,37.98226,23.763051
60412,38.050258,23.586787
120254,40.842745,25.868068
120255,40.851719,25.870517
120256,40.851304,25.868407
60278,38.110884,23.842257
470177,41.118606,25.405639
20149,38.406613,21.277509
510180,41.136528,24.881476
510182,41.135939,24.883749
510206,41.132494,24.885143
420039,37.268018,23.154927
60534,37.974619,23.766994
60543,37.974955,23.769378
240156,35.33793,25.135552
60564,37.977296,23.767263
60589,37.980594,23.769597
60592,37.980002,23.767777
430050,40.849191,21.847845
130285,38.877305,23.436424
490078,41.284208,22.930616
110199,36.980884,27.00768
60842,37.812646,23.7753
61394,37.875565,23.735981
410182,37.033851,21.617132
61380,37.874786,23.751431
61382,37.876495,23.752055
61384,37.875013,23.753188
61354,37.882435,23.74967
450079,39.276335,20.552719
61257,37.883154,23.767291
61500,38.055846,23.747171
350178,36.219944,22.978368
61576,38.063841,23.613688
61578,38.067692,23.622254
61579,38.062217,23.624649
61583,38.068348,23.628909
61584,38.074957,23.638756
180005,40.156462,21.376955
490059,41.073163,23.462244
170001,38.480231,22.354494
270138,39.276618,21.955734
60768,37.85294,23.773864
250008,40.145647,20.89469
490141,41.085268,23.543083
60763,37.848546,23.77555
60759,37.856955,23.776366
60773,37.854888,23.783858
240158,35.341549,25.134754
60770,37.85091,23.779392
60760,37.85692,23.779346
60777,37.857887,23.782634
260133,40.944845,24.423661
260134,40.9472,24.422794
260135,40.943951,24.422703
260136,40.94416,24.42445
260137,40.950774,24.425451
260145,40.944676,24.420754
260147,40.945819,24.434083
260146,40.947994,24.430461
460062,35.203957,24.633151
240026,35.075822,25.231523
64474,38.039673,23.808535
60262,37.997519,23.716955
60262,37.997519,23.716955
66006,37.943384,23.750243
66007,37.942053,23.761884
66008,37.943509,23.751405
66009,37.942837,23.753561
66010,37.943058,23.755993
66011,37.940747,23.759656
66741,37.821519,23.959499
450062,39.38638,20.913425
65975,37.946952,23.746606
66060,37.939004,23.739416
66062,37.940173,23.735954
66068,37.933184,23.736366
66072,37.938854,23.744654
67183,37.947425,23.744136
66074,37.93629,23.745186
60202,37.961355,23.752121
60202,37.961355,23.752121
60202,37.961355,23.752121
60339,38.023176,23.802156
90237,40.640271,22.922774
370041,35.31275,25.713028
60266,38.048383,23.836618
60062,37.945932,23.693435
410077,36.978492,21.828194
60276,38.016111,23.736109
60051,38.010149,23.848731
60263,37.972506,23.647313
100146,41.151761,24.138448
64377,37.725832,24.016344
64459,38.044172,23.812071
340318,36.373803,25.480841
340319,36.399918,25.48127
340326,36.378835,25.450227
66012,37.944732,23.760129
66013,37.947728,23.761997
340348,37.447409,25.342847
340350,37.451421,25.348581
63016,37.995314,23.774602
63025,37.995737,23.773668
400125,39.477608,23.094603
63029,37.998967,23.774669
63030,37.997851,23.773765
460071,35.345995,24.729921
60231,37.965074,23.745092
60231,37.965074,23.745092
340226,37.399583,24.877374
66097,37.935997,23.742385
100133,41.141849,24.145997
270129,39.349749,21.455787
230002,40.588745,22.072947
270009,39.395728,21.735856
20403,38.408825,21.640657
100139,41.140375,24.152178
70177,38.213959,23.494454
90100,40.639976,22.934314
400045,39.109192,23.664153
90141,40.608663,23.099305
450110,39.16992,20.553014
64788,38.00993,23.705136
65130,38.011163,23.701921
360103,39.879153,22.228535
520015,37.787826,20.899928
120026,41.021389,26.198951
430001,40.695924,21.934858
430067,40.856318,22.045654
190144,40.328196,23.240966
64808,38.023257,23.69995
66098,37.939052,23.736497
66099,37.936622,23.732317
66100,37.940527,23.737653
66103,37.940341,23.734757
350058,37.169244,22.301694
67174,37.947893,23.726738
66104,37.939784,23.735503
260148,40.947152,24.440404
340062,36.627694,24.922585
500063,39.691088,21.554633
270181,39.400189,21.631778
90191,40.651947,22.912414
66143,37.942452,23.735082
67171,37.940754,23.730464
67168,37.941107,23.726107
250234,39.908082,20.567367
64791,38.011159,23.71379
63271,38.018845,23.693041
65013,38.015821,23.695005
65018,38.017953,23.696283
64793,38.012576,23.709494
64467,38.036085,23.821224
64487,38.037925,23.799652
90144,40.44174,23.088926
67134,38.043077,23.753526
67135,38.043077,23.753526
67140,38.043077,23.753526
67141,38.043077,23.753526
67608,38.042201,23.769256
67182,37.946159,23.743241
260149,40.948338,24.450313
60692,38.080073,23.736107
110440,37.118142,26.860109
230023,40.679402,21.982844
320023,38.07241,22.394165
65104,37.886173,23.879134
65107,37.882295,23.874283
65108,37.876459,23.866308
60278,38.110884,23.842257
90095,40.66709,22.896365
10258,38.234396,21.73088
60062,37.945932,23.693435
250314,39.589675,20.755135
250316,39.548674,21.011355
210163,38.375495,26.129131
370186,35.195911,25.710823
60106,38.08545,23.977012
420165,37.962392,23.638573
420164,37.958992,23.637726
67181,37.948072,23.745796
67180,37.947194,23.74263
67179,37.947372,23.724162
67178,37.947632,23.724617
67177,37.949535,23.725605
67175,37.94575,23.726256
10429,38.197925,21.732615
63040,37.997475,23.775022
90186,40.64369,22.915192
10193,38.158472,22.342887
10220,38.158472,22.342887
460007,35.226762,24.653144
470101,41.050605,25.497189
80095,39.514558,20.385261
66095,37.941171,23.746328
60263,37.972506,23.647313
460066,35.273214,24.286395
420070,37.963323,23.61963
63684,37.993011,23.848774
350036,36.760664,22.56516
420163,37.959264,23.633807
20065,38.650989,20.942687
400132,39.374487,22.934747
340127,37.103607,25.375428
420073,37.97437,23.476804
62048,38.1098,23.859294
62050,38.116749,23.860382
200077,35.408142,24.197956
63042,37.996776,23.773034
63046,37.995966,23.77447
180086,40.049297,21.202603
50075,39.082564,21.204049
70147,38.346825,23.582039
90603,40.681634,22.927333
70150,38.353452,23.574257
130063,38.484734,23.550103
340339,37.481374,25.355687
450042,38.955495,20.753068
30014,37.633725,22.73001
50024,39.105881,21.159575
480105,37.666111,26.28
62049,38.112646,23.853424
62394,38.113594,23.836181
170049,38.728858,22.228162
240107,35.329411,25.258962
60210,38.011598,23.826201
63230,37.8944,24.029759
61600,38.024224,23.679405
62052,38.11588,23.863843
62054,38.117148,23.855229
62056,38.118024,23.863626
62381,38.105698,23.838959
62064,38.101441,23.833773
62065,38.102816,23.829771
360075,39.334523,22.420423
60329,37.97002,24.005386
60276,38.016111,23.736109
60203,38.002826,23.731733
66147,37.945778,23.745977
66146,37.944749,23.742107
66108,37.937921,23.743637
66111,37.936434,23.737096
66112,37.935293,23.737732
66114,37.938354,23.734116
66116,37.936739,23.734648
50151,39.506268,21.076001
60200,37.993717,23.766011
67166,37.94183,23.728746
67164,37.945416,23.726782
67163,37.945127,23.72801
67161,37.945829,23.727732
67160,37.943399,23.730025
66145,37.943985,23.740665
67155,37.942943,23.732002
66299,37.931154,23.751242
90804,40.588309,22.950588
90806,40.586732,22.952859
90817,40.587987,22.947411
90808,40.585789,22.954464
90816,40.589671,22.947421
66307,37.925712,23.746234
64769,38.018216,23.706529
67715,38.043077,23.753526
67716,38.043077,23.753526
370029,35.208278,25.534151
65097,38.050279,23.840787
65947,38.046423,23.833635
65100,38.044609,23.836576
65101,38.049205,23.833799
65110,37.869693,23.869143
240104,35.334337,25.118779
320092,38.030283,22.606403
60104,38.031765,23.735668
50013,39.162147,20.985769
60062,37.945932,23.693435
60280,38.078062,23.703829
420069,37.955333,23.528371
110459,36.120948,28.05954
63712,37.983185,23.845377
64770,38.01854,23.70624
64771,38.020459,23.706697
64773,38.020503,23.709496
64774,38.018036,23.708415
60296,38.04198,23.541069
400132,39.374487,22.934747
10314,38.190336,21.761764
10322,38.184718,21.701489
10321,38.18377,21.696122
10315,38.192242,21.755376
50088,39.323786,21.149886
65872,38.021946,23.797473
370084,35.187139,25.620083
65868,38.019893,23.803872
10313,38.184966,21.749731
66094,37.941481,23.745025
66093,37.941378,23.743243
66086,37.945174,23.744788
66071,37.936527,23.743978
66064,37.936457,23.743094
66061,37.938211,23.745389
66058,37.937267,23.747256
63833,38.00612,23.883824
63873,37.992918,23.871848
420035,37.500276,23.452339
460038,35.394689,24.883497
60287,37.980569,23.736412
61616,38.022492,23.671434
65992,37.948923,23.752373
66004,37.942938,23.759768
66022,37.944289,23.764171
66023,37.942511,23.76402
66035,37.943613,23.756509
66053,37.942081,23.741479
62066,38.10124,23.827175
62067,38.100441,23.826574
70151,38.346226,23.580461
70153,38.344391,23.578838
70148,38.350066,23.580212
70149,38.347774,23.584456
340039,36.790551,25.79581
70152,38.344311,23.581193
210095,38.323401,26.09234
480109,37.758317,26.981776
260131,40.943351,24.421292
63018,37.996114,23.777483
90727,40.683091,22.93924
10283,38.059478,21.679181
420017,37.572744,23.239785
360037,40.0989,22.252318
350062,36.841887,22.496038
40311,37.401647,22.134388
280109,40.50408,21.238087
50157,39.085049,21.158059
70057,38.389202,22.653725
61610,38.022924,23.670184
70056,38.491917,22.977196
61759,38.026848,23.685165
320006,37.830186,23.118291
380003,39.541489,24.990576
66300,37.931307,23.749822
62392,38.118326,23.840743
62395,38.117954,23.830779
62071,38.105265,23.826106
62072,38.102239,23.825683
340341,37.444346,25.328315
340343,37.444987,25.327628
150070,38.802473,22.106121
90815,40.588219,22.94882
66101,37.939589,23.744832
66096,37.939515,23.746843
300159,39.599992,19.921528
300066,39.234933,20.135482
60202,37.961355,23.752121
65102,38.052629,23.838703
460026,35.200142,24.312721
60203,38.002826,23.731733
60210,38.011598,23.826201
60203,38.002826,23.731733
70049,38.438987,22.880481
66301,37.930656,23.753153
66306,37.922735,23.750642
67147,37.94718,23.727094
67145,37.947298,23.729185
67144,37.948416,23.725269
67143,37.9467,23.725682
67142,37.947583,23.727452
320063,37.937308,22.840894
90809,40.585439,22.95289
90810,40.586025,22.951532
90813,40.586812,22.9491
90811,40.584836,22.951092
500092,39.607902,21.422622
90812,40.583956,22.950875
64776,38.020829,23.705293
65889,38.05142,23.84174
65890,38.051536,23.839549
65894,38.046633,23.84054
65893,38.04635,23.838881
65892,38.046763,23.836529
65891,38.052543,23.839201
190100,40.288699,24.174576
65864,38.023239,23.809039
60272,37.985864,23.72381
60034,38.045126,23.804014
50061,39.125124,21.251909
50152,39.099151,21.117164
80014,39.762541,20.360966
90604,40.677714,22.923755
250163,39.599854,20.537347
480102,37.712207,26.965009
64756,38.014049,23.708731
65135,38.005231,23.702234
65134,38.005759,23.700506
65133,38.005873,23.699393
65132,38.011222,23.701297
64787,38.008994,23.70379
65131,38.012326,23.700201
340492,37.438139,24.931492
64784,38.024144,23.699934
64785,38.02415,23.697739
65023,38.023459,23.695798
64811,38.025766,23.696665
64810,38.024396,23.698935
64809,38.023217,23.697464
66054,37.939404,23.741278
10312,38.185856,21.74923
65860,38.024855,23.808413
65863,38.024546,23.807504
66076,37.939999,23.739895
66084,37.941121,23.73595
66090,37.934634,23.742467
66091,37.94286,23.74232
260132,40.945875,24.420845
66057,37.939334,23.743371
65839,38.00136,23.773072
63516,38.073502,23.775789
10023,38.081378,22.219614
340525,37.100506,25.480187
310023,40.993214,22.875728
70170,38.400406,22.974302
360010,39.745115,22.70169
440079,40.271456,22.534719
340493,37.436953,24.929143
64493,38.036912,23.795288
64490,38.039157,23.795459
64489,38.0393,23.795463
64491,38.041352,23.794999
64485,38.041353,23.800169
66005,37.941354,23.757709
360273,39.630483,22.409969
360274,39.630008,22.394416
360275,39.630483,22.409969
360276,39.623879,22.392365
360277,39.623218,22.394762
60017,37.964376,23.725013
360278,39.620471,22.392807
60266,38.048383,23.836618
64759,38.01507,23.705627
64760,38.015843,23.70615
64761,38.017065,23.70653
360284,39.618455,22.404076
360287,39.634313,22.404445
360292,39.632511,22.399735
110470,36.888397,27.296608
310125,40.991899,22.87092
66449,37.979081,23.745845
66450,37.977317,23.742427
66451,37.979148,23.742901
500252,39.558301,21.77372
66452,37.97782,23.74224
91103,40.687882,22.84354
91104,40.688847,22.841556
66665,37.88362,23.939343
66666,37.886799,23.938278
66667,37.88743,23.936675
66668,37.886098,23.935665
67059,37.994062,24.006143
220252,37.807656,21.620306
440215,40.275616,22.504045
440216,40.276043,22.505976
440179,40.272007,22.502191
440180,40.272372,22.500578
440181,40.273256,22.50189
440217,40.274442,22.50296
440182,40.273671,22.500604
440183,40.272804,22.499505
360295,39.632454,22.398557
360296,39.632636,22.397102
210090,38.34327,26.133609
360298,39.631627,22.39681
360303,39.632524,22.394235
310111,40.997024,22.867006
310112,40.993782,22.865568
310113,40.998912,22.879856
500257,39.555083,21.775175
500283,39.55147,21.775229
500285,39.552237,21.76769
64807,38.02206,23.700653
65156,38.035307,23.77587
64861,38.009874,23.690433
65157,38.033388,23.774778
64867,38.011061,23.688869
67061,37.995835,24.013403
67062,37.967134,24.006179
67279,37.720709,24.052778
220352,37.848947,21.567102
67280,37.725163,24.051603
67063,37.964658,24.005563
67064,37.961902,24.005523
220248,37.790218,21.751867
67281,37.715254,24.058604
65137,38.00805,23.694088
65136,38.008193,23.695006
65118,38.001536,23.687465
65119,38.002499,23.686571
60341,38.112424,23.420953
65120,38.002565,23.688
66729,38.053502,23.767037
310114,40.998481,22.881745
64778,38.020365,23.70236
64779,38.019655,23.701764
310115,40.996198,22.882706
90978,40.60631,22.961302
90979,40.606605,22.962026
90980,40.606608,22.962566
340025,36.832212,25.902069
64934,38.011541,23.692818
65159,38.032319,23.77789
250281,39.648333,20.847959
250320,39.64691,20.848691
250321,39.644776,20.847957
510239,41.048694,25.026162
90790,40.59105,22.954227
110454,36.089272,28.084809
330008,40.280818,21.217571
63226,37.971863,23.680436
330067,40.217894,22.071886
67656,37.989594,23.665008
90100,40.639976,22.934314
500217,39.535274,21.752259
500214,39.539625,21.759087
360164,40.033571,22.16392
90096,40.6605,22.934906
90096,40.6605,22.934906
350270,37.063495,22.433206
350271,37.064514,22.437155
350272,37.048795,22.435998
70074,38.321362,23.317261
60266,38.048383,23.836618
310106,40.996218,22.87031
250322,39.640664,20.847943
250323,39.649071,20.842253
63490,38.053821,23.781231
310126,40.990844,22.872713
490052,41.166593,23.560057
60254,37.94642,23.738443
310132,40.997375,22.879404
210169,38.37363,26.132475
410169,36.810043,21.808891
65858,38.021241,23.808006
65871,38.020509,23.806745
500299,39.54464,21.772333
500310,39.554158,21.764445
500311,39.55326,21.765152
500313,39.555031,21.761717
66669,37.887566,23.934503
40004,37.312863,22.282899
63369,38.08411,23.832299
63015,37.996699,23.77374
40072,37.493074,22.165758
20318,38.696785,21.001669
40107,37.346967,22.193437
270047,39.420506,21.627231
90461,40.526306,23.072027
330010,40.241629,21.163972
310107,40.996808,22.869033
60266,38.048383,23.836618
66704,38.066816,23.587611
360210,39.609419,22.431863
360312,39.630483,22.409969
210099,38.389821,26.138048
360207,39.607775,22.432961
310138,40.993967,22.881018
280099,40.532716,21.256237
280120,40.541934,21.262788
280122,40.516787,21.271144
500288,39.550693,21.76576
500290,39.550161,21.770088
66454,37.979523,23.745952
500291,39.549527,21.765384
66670,37.885347,23.931371
66671,37.887683,23.92943
66673,37.888296,23.932706
66674,37.887388,23.940537
66675,37.885761,23.940662
66676,37.88686,23.931633
66677,37.88848,23.943962
440170,40.272372,22.488571
90073,40.61237,22.96756
380030,39.104354,26.553049
120099,41.393236,26.307443
60200,37.993717,23.766011
280111,40.49954,21.26614
490056,41.198414,23.591038
210111,38.37609,26.136313
210117,38.366073,26.137274
210122,38.366634,26.135796
110485,36.895273,27.280904
310116,40.999506,22.883079
310117,40.988322,22.876179
310118,40.987859,22.874297
60269,38.214113,23.875824
520050,37.807337,20.876094
20148,38.393606,21.833529
64935,38.012522,23.694948
65160,38.032435,23.779639
100104,41.434197,23.827657
64936,38.013552,23.690226
65483,38.045796,23.753541
67068,37.961063,23.999466
440086,40.27129,22.482364
67069,37.958034,24.005266
67071,37.967027,24.000444
67072,37.96616,23.993309
67073,37.966701,23.990055
67074,37.964041,23.991041
67075,37.962319,23.992501
63841,38.003076,23.89953
230024,40.400525,22.154268
66266,38.027103,23.747435
66252,38.029478,23.743603
66265,38.033004,23.748721
66253,38.031369,23.746115
66254,38.032134,23.74683
66264,38.025288,23.728033
66255,38.030554,23.748073
66263,38.026181,23.72846
310119,40.99492,22.881713
64780,38.019754,23.699573
64781,38.019503,23.698122
65146,38.034775,23.773847
65147,38.036623,23.775952
350273,37.067556,22.429332
66460,37.980222,23.746841
66461,37.980988,23.745223
64937,38.012463,23.693709
65484,38.045957,23.751059
65486,38.047245,23.752998
230064,40.523205,22.203688
63507,38.070337,23.769223
63517,38.068399,23.785652
63518,38.070312,23.780963
63519,38.072721,23.781564
130180,38.533396,23.920498
63045,37.99487,23.775079
50025,39.162147,20.985769
62360,38.11824,23.844919
62368,38.11156,23.849989
62393,38.116687,23.835825
50029,39.148685,21.276235
500314,39.556003,21.761045
500315,39.555414,21.759497
60017,37.964376,23.725013
66735,37.805227,23.98506
65840,38.006711,23.770427
360281,39.630483,22.409969
66742,37.827145,23.967465
200246,35.511976,24.029725
65841,38.003094,23.775916
65808,38.010541,23.773096
66462,37.976348,23.742274
66463,37.977987,23.746091
66464,37.979492,23.744354
66465,37.976417,23.746893
90890,40.634421,22.948988
360211,39.610074,22.431652
360212,39.609487,22.428931
66693,38.055697,23.588181
63520,38.069276,23.786075
63572,38.048277,23.758116
280128,40.524169,21.262871
280130,40.522083,21.260733
280131,40.522743,21.261681
60258,37.934122,23.641061
500316,39.555733,21.758465
90884,40.639395,22.949415
90885,40.639859,22.94741
90972,40.60755,22.962705
240277,35.138849,25.001737
90886,40.640666,22.949716
66678,37.882763,23.930615
66680,37.880723,23.930804
67495,38.089522,23.978549
130457,38.468103,23.58925
270201,39.366206,21.925527
67498,38.092492,23.977241
67499,38.096155,23.972825
67500,38.085815,23.981802
67502,38.083887,23.982866
67503,38.080938,23.987309
66725,38.042424,23.584457
210133,38.361422,26.135387
210135,38.361539,26.139071
210158,38.369128,26.125014
210165,38.37396,26.131442
66699,38.059739,23.585326
250297,39.625898,20.884123
250348,39.601894,20.877774
60258,37.934122,23.641061
200122,35.361938,24.260021
510248,41.139207,24.886779
520059,37.76352,20.923203
110242,36.876797,27.204394
400082,39.366872,22.954572
90968,40.603916,22.960454
90969,40.60728,22.961528
90970,40.60545,22.961812
90971,40.607163,22.961808
350254,37.04815,22.404535
150292,38.901441,22.431399
440096,40.251445,22.51294
67076,37.96539,23.986205
280113,40.502597,21.247864
65390,37.984108,23.704012
240144,35.091355,25.161089
90757,40.690191,22.915563
90722,40.68211,22.950563
90728,40.682282,22.936109
250349,39.628318,20.878627
250299,39.62203,20.889762
250350,39.622752,20.881425
250300,39.624549,20.886022
250301,39.627564,20.875194
64782,38.021968,23.700297
65148,38.036317,23.777543
64795,38.014144,23.711958
90097,40.647624,22.946779
70133,38.334587,23.560718
64941,38.011555,23.691057
110120,36.148301,29.58502
340100,36.938431,25.605001
67283,37.716406,24.055905
440088,40.269461,22.468968
67077,37.961838,23.989469
440080,40.269168,22.467241
67079,37.965855,23.982546
440089,40.269198,22.463098
67080,37.962192,23.982978
50161,39.162147,20.985769
62396,38.107768,23.8307
110359,36.436268,28.219034
110360,36.435092,28.220266
110363,36.435523,28.215602
110399,36.437412,28.230678
90099,40.635633,22.954865
500218,39.533131,21.753673
500211,39.544581,21.753752
65149,38.034389,23.776692
64796,38.014919,23.713925
65150,38.033026,23.776843
65151,38.035993,23.773192
64797,38.016672,23.705133
250325,39.642957,20.842871
410042,37.034498,22.111926
64942,38.011138,23.690814
64943,38.013238,23.694149
64946,38.012886,23.691802
90224,40.650506,22.915436
500292,39.549633,21.768661
500295,39.548647,21.772218
500237,39.54671,21.765626
63702,37.977964,23.852205
50156,39.06242,21.141657
340357,37.449801,25.33006
110013,36.577504,26.384603
250287,39.632163,20.837088
340230,36.387725,25.463563
66242,38.032487,23.744694
62447,38.068395,23.814499
240117,35.407046,24.986418
340223,37.122599,25.234098
62951,38.015709,23.785626
110286,36.41153,28.17472
61542,37.930621,23.695647
62896,37.994766,23.803699
250324,39.642092,20.840714
250284,39.644625,20.84592
64479,38.035671,23.81301
60298,37.766157,24.074709
110493,36.891545,27.283673
66711,38.071732,23.601184
360213,39.611537,22.430879
66455,37.980864,23.746592
66456,37.980516,23.745356
66457,37.979939,23.744181
66458,37.979849,23.745826
190224,40.240536,23.284456
66856,38.021108,23.741574
64660,38.063256,23.716238
66846,38.018119,23.742642
66243,38.026333,23.75078
66244,38.027169,23.75158
240056,34.984385,24.852303
66245,38.02865,23.750206
66271,38.035126,23.748769
66246,38.030781,23.747248
66247,38.030318,23.747147
64149,37.940195,23.724468
64160,37.935933,23.718477
64162,37.936128,23.721151
64163,37.936653,23.722716
64166,37.934947,23.72236
64178,37.93051,23.719233
400094,39.112824,23.09818
370177,35.191178,25.714736
370179,35.192899,25.716104
370182,35.195598,25.712662
250302,39.618071,20.889991
250351,39.59888,20.84407
250352,39.59826,20.841583
250353,39.585456,20.836828
64667,38.062545,23.732037
64723,38.059862,23.715284
10457,38.156496,21.646553
61536,38.053611,23.720276
90097,40.647624,22.946779
340289,37.415361,25.340826
67055,37.988012,24.006199
20395,38.618765,21.428705
20396,38.616534,21.42768
20398,38.617475,21.384401
20399,38.615901,21.379546
20400,38.613907,21.380547
360270,39.630483,22.409969
360271,39.629329,22.394598
360272,39.620826,22.395842
200247,35.512099,24.030699
200221,35.515289,24.038241
200248,35.509989,24.023575
200249,35.510362,24.026773
420118,37.955374,23.62737
60266,38.048383,23.836618
310108,40.994609,22.868794
310109,40.992975,22.867829
250354,39.570116,20.835442
250355,39.604886,20.860829
20401,38.612572,21.378851
65153,38.037463,23.775822
64798,38.016631,23.708253
65154,38.036493,23.773528
64802,38.01915,23.703637
65155,38.037314,23.778961
440083,40.274718,22.542404
220250,37.854367,21.517352
440085,40.272505,22.544724
67057,37.990824,24.003934
220251,37.807656,21.620306
67058,37.991604,24.008477
65488,38.046961,23.7547
65489,38.047577,23.755428
64947,38.012333,23.689442
440090,40.267942,22.461835
440208,40.274843,22.506807
440206,40.27384,22.504086
67285,37.717029,24.054469
67081,37.970587,23.988528
67286,37.718796,24.048428
440191,40.268778,22.515721
440193,40.268018,22.516132
64764,38.015827,23.703715
64766,38.017417,23.700619
310110,40.996194,22.866967
64767,38.018502,23.700737
90887,40.639361,22.95031
90888,40.634706,22.948399
90889,40.641196,22.949597
64805,38.020908,23.700188
64806,38.022173,23.701823
100102,41.18765,24.167722
63047,37.9956,23.775749
280102,40.501765,21.246642
420057,37.537871,23.207434
250282,39.646682,20.845113
65017,38.020423,23.693776
65498,38.046724,23.759475
65020,38.021378,23.695731
65021,38.021736,23.69618
65033,38.020179,23.694884
66459,37.980213,23.745688
190058,40.214111,24.222114
490109,41.082761,23.825277
340196,36.354824,25.444209
250283,39.645866,20.844025
250279,39.648931,20.845126
250286,39.64161,20.842056
250327,39.636727,20.839427
250328,39.624434,20.833707
250326,39.639006,20.840548
90974,40.607221,22.958702
70074,38.321362,23.317261
90975,40.605995,22.958373
350269,37.043459,22.426664
62063,38.104254,23.845604
310104,40.987079,22.866493
310105,40.995465,22.869976
250288,39.626475,20.834168
250289,39.619256,20.838387
370187,35.199627,25.70767
360215,39.603525,22.421362
370193,35.187854,25.714987
370196,35.186039,25.712033
360216,39.60665,22.439911
500296,39.546508,21.770454
500297,39.54572,21.768822
500298,39.543714,21.767606
290085,38.114948,20.522703
150167,38.749027,22.950587
91090,40.683946,22.859577
91091,40.682658,22.861125
66270,38.029216,23.752518
190151,40.274193,23.271055
66248,38.030366,23.745211
66269,38.028428,23.751772
66249,38.027269,23.749022
66268,38.031852,23.751035
66267,38.029708,23.748822
64063,37.94781,23.709092
64066,37.951669,23.712129
64068,37.948733,23.709555
64069,37.952024,23.717206
64075,37.953832,23.716534
480104,37.519479,26.020033
64847,38.003689,23.69386
250342,39.830155,20.614104
10351,38.215531,21.741092
90419,40.714311,22.927358
63530,38.047973,23.76973
62981,38.008418,23.797122
63001,38.00953,23.798826
63002,38.011258,23.798848
30148,37.584727,22.821538
400078,39.361904,22.946673
240111,35.326836,25.066795
360179,39.61529,22.426874
150215,38.891423,22.408691
62749,37.92879,23.76056
62751,37.92772,23.761011
320116,37.817602,22.92628
500166,39.559442,21.843549
90586,40.64764,22.849324
430031,40.948661,22.189033
64001,37.940809,23.715353
220013,37.64273,21.624813
64848,38.002909,23.691806
64850,37.998969,23.694179
260023,40.720392,24.61846
64851,37.998445,23.695653
64852,38.005739,23.691024
110423,36.432715,28.229469
110422,36.432961,28.231216
110421,36.432185,28.233025
300078,39.599205,19.892273
370134,35.181336,25.906879
63824,38.135282,23.886091
63825,38.125182,23.854716
63826,38.128068,23.862623
63827,38.126811,23.86145
65129,37.999517,23.690752
120039,40.47953,25.514346
62953,38.007748,23.785509
62985,38.009996,23.786796
62930,38.016216,23.786714
62883,38.006464,23.809725
63486,38.060362,23.779492
65721,37.945977,23.681298
380121,39.0922,26.551901
380123,39.086929,26.550518
380127,39.093881,26.558193
380130,39.088479,26.561497
380132,39.090043,26.557978
63541,38.05031,23.777842
380138,39.094929,26.552107
280106,40.503427,21.244827
420070,37.963323,23.61963
10431,38.21182,21.716999
64653,38.038088,23.667858
60261,38.073584,23.813245
500078,39.472563,21.325226
270175,39.515108,22.11302
60200,37.993717,23.766011
60200,37.993717,23.766011
60200,37.993717,23.766011
67326,37.966495,23.564756
65722,37.946976,23.679464
65723,37.945779,23.679359
390023,38.621854,20.929481
65724,37.944802,23.680562
65725,37.95028,23.678375
65726,37.950803,23.677611
65727,37.950054,23.676431
110313,36.45382,28.220346
360113,39.741098,22.467917
220142,37.49714,21.863951
250117,40.03863,20.880977
110443,36.450091,28.222448
110334,36.439045,28.217378
110335,36.437915,28.220391
110442,36.450091,28.222448
110441,36.450091,28.222448
110524,36.414891,28.150689
110526,36.4143,28.153
110527,36.414217,28.155567
110528,36.413508,28.158636
110529,36.411848,28.154025
67700,37.982396,23.725438
110530,36.413745,28.145239
110531,36.415401,28.138047
500350,39.555716,21.754415
440113,40.271394,22.52235
67327,37.966469,23.563291
67328,37.965499,23.562483
440126,40.271973,22.505488
67329,37.965686,23.560579
500353,39.556159,21.752698
67330,37.966214,23.561683
250347,39.704133,20.793918
250332,39.701756,20.811069
250346,39.706707,20.792319
90095,40.66709,22.896365
420349,37.94631,23.642647
420348,37.94723,23.643522
500244,39.53756,21.761561
500023,39.703232,22.016795
490117,41.057682,23.874039
480119,37.750255,26.961396
480120,37.748587,26.974984
480121,37.748122,26.9749
480122,37.748195,26.979248
420092,37.941965,23.646008
65896,38.073713,23.817363
65898,38.070399,23.817002
200277,35.505782,24.031628
200278,35.506544,24.04006
200225,35.507576,24.043586
200264,35.506097,24.03242
200265,35.506547,24.033781
200266,35.507181,24.036539
360302,39.630782,22.394534
200267,35.507042,24.040271
200268,35.508893,24.024924
63013,38.000725,23.776781
63044,37.994627,23.775947
63318,38.100797,23.809511
290101,38.099995,20.808197
110221,36.344051,28.19985
340161,37.444931,24.943758
63358,38.085985,23.822538
62755,37.922358,23.759852
62764,37.923523,23.764106
62612,38.014834,23.804907
62627,38.018554,23.798502
310056,40.987115,22.543317
62656,38.028153,23.800542
490064,41.184383,23.281635
150173,38.949132,22.843787
64006,37.938704,23.713317
60265,37.964965,23.650302
90585,40.648403,22.858331
270031,39.119561,22.04823
200035,35.393986,23.942374
90412,40.641908,22.855576
380145,39.093027,26.551795
110420,36.433307,28.234713
110419,36.433844,28.228044
110418,36.43531,28.228861
110348,36.437595,28.225063
110349,36.43467,28.217021
62493,38.072982,23.804005
62492,38.068428,23.803505
62484,38.079471,23.823037
63828,38.126712,23.859381
500130,39.560453,21.769054
62903,37.99333,23.804339
63388,38.082346,23.796824
63286,38.089742,23.816292
63293,38.089032,23.819412
320154,37.956161,22.801015
10348,38.220605,21.744336
10353,38.219935,21.741623
10357,38.220921,21.736802
360172,39.614613,22.417445
63479,38.060296,23.775972
63545,38.045876,23.770506
290081,38.304977,20.466206
63444,38.10075,23.799169
63453,38.091055,23.778004
63436,38.094165,23.787541
63361,38.088345,23.825529
63408,38.095264,23.808169
110339,36.435048,28.221831
62483,38.082376,23.828508
62482,38.064822,23.832635
62481,38.081497,23.82583
62480,38.06589,23.829754
62479,38.064448,23.826771
64083,37.951513,23.717836
500054,39.780948,21.8006
60200,37.993717,23.766011
250122,40.160233,20.783249
65698,37.954728,23.682762
65700,37.95272,23.683977
65701,37.951645,23.685063
210006,38.371315,26.136303
65703,37.952364,23.681096
350222,36.805545,23.059317
410036,36.830753,21.771845
40113,37.401647,22.134388
110320,36.436158,28.204449
480131,37.756484,26.975165
110341,36.435902,28.220465
110342,36.436634,28.218145
110433,36.427981,28.225573
110343,36.434171,28.219225
110432,36.431614,28.233102
110344,36.431644,28.219194
65899,38.07779,23.814568
65901,38.072262,23.811266
64096,37.948777,23.708004
64101,37.947838,23.710032
64102,37.952919,23.71762
64121,37.941084,23.721058
64139,37.948062,23.722042
64871,38.006319,23.689171
64873,38.004302,23.687435
440127,40.271494,22.503315
67331,37.966945,23.561854
67332,37.968067,23.565958
67333,37.968304,23.565275
67334,37.969299,23.564817
67335,37.968455,23.562749
500221,39.553098,21.748832
67336,37.969391,23.565907
67337,37.968519,23.563678
500354,39.560398,21.75542
500237,39.546695,21.755825
420343,37.941452,23.643477
420338,37.942355,23.64293
480132,37.758082,26.972863
500238,39.544758,21.757012
420311,37.943033,23.649187
480133,37.759431,26.97512
420313,37.942469,23.650232
64011,37.934853,23.711635
420109,37.264178,23.156433
420110,37.258669,23.166114
420111,37.262878,23.154204
420112,37.267962,23.151542
420113,37.268601,23.149873
200250,35.510165,24.026929
200269,35.508051,24.024055
20585,38.633986,21.399538
250274,39.680726,20.835298
64886,38.008967,23.690604
65012,38.016653,23.698733
65138,38.008891,23.695667
340034,37.035552,25.078436
110411,36.437342,28.235739
110350,36.432789,28.214
60235,37.81589,23.779044
60231,37.965074,23.745092
63373,38.083098,23.836515
120129,41.247537,26.127759
63401,38.086871,23.776955
63402,38.081797,23.782187
70049,38.438987,22.880481
40109,37.298641,22.246872
64048,37.936032,23.708238
30082,37.613349,23.035716
130270,38.480925,23.450266
150149,38.606496,22.714329
200113,35.496044,23.961569
63974,37.941687,23.716214
40183,37.416246,22.765965
360173,39.610292,22.41788
250306,39.682063,20.815935
90411,40.639692,22.857706
30155,37.556721,22.85918
63994,37.93731,23.712562
200084,35.229938,23.962545
90582,40.642027,22.857141
260019,41.159632,24.549455
500233,39.550923,21.764397
110352,36.430131,28.222432
110353,36.439568,28.219454
110355,36.437126,28.220706
110401,36.440563,28.235034
110356,36.431964,28.217203
110358,36.436204,28.217117
110516,36.407113,28.118946
110517,36.406032,28.119977
63375,38.086778,23.800456
63386,38.0839,23.79794
60014,37.994463,23.674592
190068,40.348264,23.30881
480095,37.739147,26.993802
480097,37.761948,26.96884
350175,36.261588,23.077866
63477,38.058178,23.777152
360176,39.61709,22.426125
360180,39.614796,22.414042
360186,39.615966,22.408699
63550,38.04875,23.778645
360187,39.614823,22.408927
110321,36.448334,28.215084
63404,38.081701,23.776525
63403,38.083016,23.779254
66727,38.053916,23.806541
500145,39.633694,22.052381
66728,37.979561,23.726586
110345,36.432007,28.225465
110431,36.432073,28.231299
110518,36.412315,28.120244
110519,36.412708,28.119088
110520,36.410729,28.11774
110521,36.41011,28.115837
67698,37.988049,23.727606
110522,36.411867,28.116136
360283,39.619422,22.410101
65704,37.950498,23.684581
65705,37.950607,23.683162
65706,37.950932,23.683143
65707,37.95133,23.682101
65708,37.951396,23.680829
65709,37.949435,23.684139
65710,37.949721,23.682832
65711,37.950425,23.68167
420002,37.630636,23.386097
110322,36.446196,28.216546
460070,35.17872,24.444016
110323,36.446116,28.218805
110324,36.442545,28.218921
110325,36.444661,28.220395
250011,39.358327,20.714116
110327,36.442767,28.220517
110429,36.432421,28.227171
110428,36.433303,28.226208
110346,36.429789,28.224492
320125,37.976467,22.760823
40061,37.75329,22.101147
63460,38.095442,23.792982
410065,37.374332,21.883513
63521,38.068832,23.788003
210085,38.371315,26.136303
360285,39.632639,22.405361
360286,39.63361,22.403975
360288,39.635473,22.405541
210086,38.336443,26.133475
360289,39.636309,22.403597
210087,38.348478,26.130166
230083,40.630083,22.066723
90096,40.6605,22.934906
500212,39.542717,21.75438
500215,39.539591,21.755901
500216,39.537482,21.754332
90096,40.6605,22.934906
10435,38.205069,21.736922
90099,40.635633,22.954865
480134,37.758906,26.971398
90099,40.635633,22.954865
420314,37.944154,23.6493
480135,37.759712,26.971731
60145,38.020437,24.006723
64187,37.95291,23.676609
64189,37.954015,23.67771
60195,37.97626,23.710291
62580,38.029922,23.816034
64380,38.07967,23.515027
90581,40.642566,22.860632
300026,39.204225,20.163302
60388,38.087748,23.624983
60380,38.065528,23.553778
90828,40.584059,22.948218
340057,37.100795,25.794379
90827,40.584395,22.949839
90826,40.586128,22.942481
62282,37.92902,23.694431
63467,38.057866,23.774761
63595,38.062359,23.762364
63465,38.059547,23.770239
100099,41.346351,23.802128
90429,40.721583,22.905339
100103,41.304894,23.846669
250474,39.645963,20.515309
90588,40.653751,22.85236
63980,37.942118,23.714462
63983,37.939911,23.714412
63988,37.940029,23.713815
63989,37.935672,23.712704
340065,37.885082,24.737692
64381,38.077672,23.518011
90580,40.642882,22.864214
310048,41.147772,22.973569
200211,35.508253,23.978357
60290,37.961524,23.74683
64181,37.928704,23.723956
63979,37.942863,23.714883
260091,40.937601,24.408921
63822,38.125309,23.879093
63823,38.124424,23.878083
65122,38.00369,23.688368
480098,37.76673,26.967467
480100,37.738152,26.998837
440042,40.414216,22.60109
270021,39.238127,21.798195
480014,37.793157,26.705798
63405,38.088606,23.798666
65712,37.950524,23.680643
63549,38.048281,23.780551
63542,38.049497,23.779001
63536,38.046547,23.770327
380118,39.092356,26.553337
63527,38.051714,23.771947
380119,39.090231,26.548674
60279,38.053611,23.720276
370081,35.161253,26.114803
64825,37.998219,23.694195
64832,37.999779,23.694904
64835,38.003422,23.695729
90094,40.654458,22.926833
65123,38.002067,23.68999
65124,38.003134,23.690148
65125,38.002204,23.691739
65126,38.001308,23.692122
65127,38.000445,23.691966
65128,37.998966,23.691868
20586,38.635449,21.399644
65714,37.948051,23.681945
65715,37.948969,23.681046
65716,37.949144,23.680228
65717,37.947257,23.681152
65718,37.947772,23.679863
65713,37.94775,23.683443
350078,36.847265,23.001544
65720,37.945801,23.682553
450085,38.945586,20.761214
110328,36.442694,28.217646
110329,36.444443,28.217603
430088,40.793091,22.025355
110331,36.442555,28.216557
110332,36.440901,28.218677
110333,36.439711,28.2208
350008,37.030031,22.371219
250248,40.10993,20.758289
400039,39.328929,23.149312
110425,36.433784,28.232263
110424,36.433745,28.230779
370046,35.148814,25.559981
62742,37.918612,23.750763
100085,41.197361,24.014836
62505,38.070657,23.796822
20589,38.638376,21.400163
20592,38.623027,21.406697
440095,40.258712,22.508959
440091,40.26693,22.532125
67323,37.964975,23.565562
67324,37.964395,23.564419
500349,39.555564,21.756581
10344,38.21927,21.733638
10437,38.202459,21.736924
10393,38.201681,21.74311
10394,38.201514,21.743508
10395,38.201871,21.741445
65897,38.075378,23.818366
64800,38.018881,23.708086
64801,38.020119,23.709612
250331,39.707189,20.802397
480136,37.760567,26.972901
60145,38.020437,24.006723
420330,37.942864,23.64479
420329,37.94289,23.645644
420316,37.943259,23.65134
420326,37.94579,23.643273
420318,37.944308,23.651711
420322,37.941957,23.646453
420320,37.942592,23.649499
420089,37.946257,23.643733
150072,38.567392,23.22034
62503,38.072498,23.794717
62500,38.069836,23.801589
62499,38.069068,23.801937
62495,38.072133,23.803992
64051,37.940094,23.709383
64055,37.935179,23.709219
60279,38.053611,23.720276
60255,37.974386,23.749163
470090,41.086543,25.778276
90755,40.718813,22.969811
90712,40.704284,22.945254
110483,36.896302,27.28244
360290,39.632571,22.402224
360291,39.633851,22.402198
110221,36.344051,28.19985
340234,37.00536,25.391509
360293,39.634347,22.399596
360294,39.630483,22.409969
360310,39.630483,22.409969
360311,39.633033,22.38865
60301,38.00499,23.424833
210100,38.391749,26.134871
210101,38.391261,26.131237
63598,38.062358,23.760094
63600,38.063543,23.763603
90831,40.584961,22.946572
90832,40.584392,22.94579
90833,40.584727,22.944405
340344,37.446236,25.335086
340351,37.440463,25.329247
10016,38.251325,22.085218
340355,37.455774,25.337056
110486,36.894361,27.285747
110487,36.896158,27.286081
10403,38.211375,21.764862
10405,38.206339,21.779413
10406,38.214435,21.773146
10412,38.217714,21.750524
10424,38.233361,21.7555
66088,37.938217,23.742234
66109,37.935538,23.744631
60254,37.94642,23.738443
65987,37.949429,23.748609
65991,37.948004,23.751434
65993,37.945906,23.755769
63601,38.055701,23.753453
63604,38.062546,23.759888
63606,38.06447,23.761635
63607,38.064992,23.765051
63610,38.060866,23.755264
120033,41.501716,26.531983
340352,37.460433,25.329257
340353,37.465783,25.326557
340358,37.479767,25.311712
150299,38.892736,22.430238
150300,38.893154,22.428443
64708,38.051082,23.700374
64709,38.050256,23.701593
64714,38.057157,23.711922
61772,38.051775,23.785661
66395,37.735353,23.949224
63768,38.007178,23.848583
63751,38.02627,23.85305
60027,38.023176,23.802156
61556,37.9851,23.888031
90788,40.641342,22.917398
90952,40.644504,22.926064
400180,39.377283,22.963943
350206,37.098669,22.365051
60276,38.016111,23.736109
200293,35.506704,24.021514
90960,40.609071,22.961923
90079,40.591439,22.957607
90079,40.591439,22.957607
66466,37.978803,23.746177
66467,37.978588,23.743425
66468,37.978773,23.743212
110541,36.412658,28.150249
150301,38.892266,22.433864
150302,38.88766,22.428647
200337,35.4876,23.994412
64990,38.022241,23.683281
64985,38.024282,23.683292
64983,38.023239,23.681182
64982,38.02156,23.6817
64978,38.022624,23.685053
230076,40.529744,22.26704
63667,37.934469,23.863538
66432,38.04172,23.999191
120342,41.498556,26.525886
20603,38.622933,21.402134
20604,38.624165,21.399787
66433,38.043209,24.001295
66434,38.042621,23.994108
64920,38.010383,23.680149
64914,38.008825,23.681016
64919,38.005745,23.680494
64915,38.011209,23.683703
64916,38.00703,23.682851
64918,38.003774,23.680946
64917,38.005869,23.682084
500090,39.82653,21.492588
60177,38.264819,23.974584
110542,36.412274,28.152801
110543,36.418321,28.152259
110544,36.422296,28.153483
110545,36.419428,28.157619
110546,36.419515,28.160017
110547,36.415361,28.16075
210102,38.386049,26.134594
210103,38.3816,26.125016
64970,38.015508,23.689328
64968,38.016652,23.691351
64963,38.014004,23.689863
64962,38.012898,23.687817
90835,40.585878,22.947814
60155,37.671583,24.046819
250053,39.806178,21.002102
66435,38.044926,23.998704
20605,38.621559,21.399026
60254,37.94642,23.738443
60203,38.002826,23.731733
66211,37.988802,23.759887
270142,39.349751,21.455836
60262,37.997519,23.716955
210089,38.355424,26.135087
66716,38.060495,23.592312
210091,38.335379,26.139617
210092,38.353381,26.137593
210093,38.346708,26.125827
210094,38.336883,26.142123
210104,38.383787,26.134666
360203,39.60581,22.435192
360204,39.604289,22.431532
360205,39.600684,22.4289
210105,38.385287,26.137301
360206,39.607382,22.43279
120084,40.855068,25.745238
150037,38.834636,21.974082
60199,37.989594,23.665008
350245,37.292435,22.502454
340354,37.449801,25.33006
63796,38.141404,23.855588
63800,38.147698,23.855605
63801,38.149169,23.856142
10427,38.235699,21.762181
440132,40.270506,22.505215
290086,38.122383,20.625038
30048,37.565198,22.801926
10224,38.072871,22.316281
10171,38.136934,22.311841
100120,41.368483,24.231042
63770,38.002208,23.847672
66015,37.943479,23.761685
64877,38.002855,23.684059
64925,38.008607,23.676305
64878,38.004168,23.683744
64924,38.007423,23.676605
64879,38.005769,23.68406
64923,38.005595,23.677993
64880,38.006811,23.681382
64881,38.006947,23.683435
63611,38.06182,23.75628
63612,38.067431,23.763193
63616,38.066241,23.76594
63620,38.066096,23.75608
90754,40.72205,22.969484
350284,37.080142,22.404522
350285,37.07328,22.422489
66640,37.970646,23.750364
63802,38.151437,23.856794
110070,36.953039,26.980266
350200,37.023891,22.440738
90896,40.641632,22.951566
110464,36.891396,27.295569
110474,36.895073,27.282506
110465,36.88955,27.294901
90590,40.572593,22.987611
410091,37.138087,21.816015
360282,39.618961,22.411737
420051,37.964821,23.497938
60279,38.053611,23.720276
470032,41.11727,25.403166
200294,35.505319,24.021186
90961,40.608147,22.961923
200296,35.504338,24.020717
110105,37.296248,26.770738
64674,38.055243,23.736155
64677,38.055522,23.737395
380183,39.108819,26.557389
64691,38.045235,23.725608
350286,37.074519,22.425384
66641,37.970611,23.748132
350287,37.076228,22.424964
66642,37.967927,23.747129
63267,38.026545,23.687362
64888,38.012683,23.683259
63266,38.02408,23.683893
64891,38.003615,23.679905
210107,38.388771,26.129685
210108,38.393553,26.129077
66694,38.060761,23.595227
210112,38.377076,26.133996
64961,38.016714,23.688024
64899,38.010228,23.677964
64958,38.012628,23.685371
64901,38.012272,23.679128
60279,38.053611,23.720276
500009,39.604845,21.4664
500003,39.657203,21.61858
370090,35.045879,26.231558
70171,38.428302,22.672392
90759,40.702391,22.909138
90758,40.702461,22.912963
400082,39.366872,22.954572
67038,38.006701,23.776359
90039,40.695254,23.4302
64876,38.003875,23.685787
60286,37.979561,23.726586
360242,39.626191,22.420767
65837,38.006997,23.771481
65036,38.023431,23.687788
64892,38.005687,23.679609
63264,38.024076,23.69143
64893,38.006609,23.678686
63258,38.025084,23.69143
210106,38.39411,26.136013
110494,36.89019,27.28168
110495,36.888638,27.281493
64904,38.00311,23.683147
64957,38.016139,23.690239
64906,38.005064,23.684041
64907,38.005004,23.682771
64954,38.014629,23.688893
190020,40.240536,23.284456
350024,36.507436,22.977184
280112,40.50228,21.249026
280103,40.500355,21.243694
280104,40.498211,21.242024
110510,36.412574,28.123021
450098,38.963381,20.727287
67695,37.987233,23.728457
110512,36.410712,28.118509
110513,36.41056,28.121121
210098,38.386978,26.132236
66705,38.064661,23.587652
68141,38.021101,23.749798
66717,38.073012,23.593759
68141,38.021101,23.749798
68141,38.021101,23.749798
110301,36.885554,27.311293
110496,36.889955,27.279739
110472,36.889782,27.301703
110302,36.887099,27.305795
90708,40.699014,22.948894
90714,40.716488,22.962339
90715,40.70841,22.955552
60201,38.012936,23.659206
60199,37.989594,23.665008
250329,39.624405,20.838098
60255,37.974386,23.749163
64071,37.953823,23.719233
67696,37.987653,23.729235
110514,36.409842,28.119489
110515,36.409107,28.117583
60193,38.008248,23.698936
40271,37.438214,22.647095
64922,38.007806,23.679368
64890,38.005007,23.680949
63278,38.02809,23.685436
63277,38.02509,23.68512
64870,38.011676,23.687493
64882,38.007901,23.683956
65039,38.026019,23.689664
64883,38.009116,23.687653
64884,38.009451,23.685177
500008,39.71931,21.93233
90716,40.679961,22.958615
90718,40.682161,22.953885
90724,40.685465,22.941263
90725,40.686296,22.938067
90726,40.685424,22.931215
110098,36.380284,28.211208
64079,37.954947,23.71769
220013,37.64273,21.624813
64095,37.956414,23.71888
64091,37.953227,23.718656
66695,38.056673,23.593981
210114,38.380255,26.134237
110484,36.896909,27.285523
210115,38.381281,26.135898
250209,39.54681,20.780308
110179,36.450091,28.222448
66423,38.019672,23.97093
510261,41.139207,24.886779
66424,38.0226,23.975515
66425,38.030779,23.9916
66426,38.031465,23.999486
66393,38.004368,23.672148
66672,37.885753,23.938232
66679,37.885693,23.929303
150296,38.901441,22.431399
110235,36.313361,28.09572
61495,37.98226,23.763051
110532,36.418607,28.169155
400130,39.392381,22.804411
250333,39.696414,20.81667
320119,37.906294,22.88211
350288,37.07772,22.427563
64894,38.008868,23.680809
65035,38.024041,23.685737
64895,38.010716,23.681491
66696,38.059936,23.588022
210116,38.384227,26.136112
210118,38.362937,26.143272
90001,40.672834,22.602957
90981,40.605167,22.959003
90984,40.604069,22.961111
90891,40.631548,22.952261
90985,40.603678,22.960086
66427,38.035679,23.998459
510262,41.139207,24.886779
66428,38.035737,23.997426
66430,38.038659,23.991946
66431,38.041389,24.001299
10277,38.054228,21.806336
64483,38.035263,23.819194
150052,38.596845,23.038455
40104,37.498269,22.120486
320101,37.775877,22.965003
110533,36.41712,28.169351
340221,37.446868,25.391311
67701,37.983135,23.726413
110534,36.416693,28.147188
110535,36.419659,28.146678
110536,36.416762,28.153762
67702,37.982961,23.726574
68141,38.021101,23.749798
64896,38.008103,23.677818
64897,38.003707,23.686596
65034,38.02233,23.686517
64898,38.008598,23.674599
65032,38.020112,23.693408
65031,38.022826,23.687909
110473,36.893228,27.284731
110303,36.882185,27.313389
90892,40.633778,22.944027
290060,38.154481,20.769811
420061,37.54476,23.372536
220069,37.675638,21.686733
190212,40.084631,23.976714
190213,40.034625,23.987701
190214,39.97225,23.916875
220063,37.928112,21.438003
220023,38.032793,21.366597
220067,38.032793,21.366597
220218,38.032793,21.366597
65910,38.074994,23.809729
480126,37.767718,26.926848
65826,38.004423,23.78227
500052,39.665691,21.451853
70174,38.286089,23.330038
360297,39.633418,22.396846
360299,39.629929,22.387563
360300,39.631584,22.39588
360304,39.632465,22.393186
360306,39.631517,22.391743
360307,39.631509,22.389732
63270,38.02157,23.690617
63268,38.027784,23.687041
110455,36.092176,28.080853
500130,39.560453,21.769054
420069,37.955333,23.528371
90733,40.68522,22.934104
90737,40.690071,22.941629
90760,40.72191,22.974215
60329,37.97002,24.005386
210083,38.391379,26.094434
400038,39.408354,22.657498
64112,37.956027,23.719066
64118,37.949985,23.722258
64120,37.949228,23.723328
64138,37.950304,23.722871
90825,40.585652,22.945669
90824,40.586323,22.948414
65973,37.94386,23.748636
65974,37.942152,23.748941
90805,40.587724,22.951313
90818,40.589302,22.944947
90807,40.584587,22.952915
64887,38.009681,23.682665
63591,38.061374,23.760969
63594,38.060521,23.758771
63596,38.063082,23.763545
63597,38.063359,23.765195
350268,37.051557,22.435518
90977,40.606736,22.960036
360105,39.566767,22.603922
63037,37.999294,23.773303
450042,38.955495,20.753068
350289,37.075695,22.421271
350290,37.078362,22.415676
64695,38.048761,23.733334
64696,38.045502,23.733194
64698,38.041739,23.731003
60255,37.974386,23.749163
210119,38.36334,26.139514
210120,38.363978,26.137822
210121,38.364585,26.13288
210123,38.36459,26.13515
66697,38.055378,23.584083
210124,38.363513,26.135042
90114,40.73797,22.984443
300047,39.787565,19.692537
40293,37.503448,22.36433
310101,40.987614,22.869036
110453,36.054449,27.97132
40294,37.502018,22.36249
40295,37.517094,22.371171
40296,37.51738,22.369546
64908,38.011351,23.674856
90894,40.634298,22.949621
90989,40.603879,22.962356
30048,37.565198,22.801926
120033,41.501716,26.531983
110537,36.415874,28.153385
110538,36.416484,28.156042
150297,38.894405,22.428419
64702,38.050651,23.706916
150298,38.892432,22.431839
64707,38.048976,23.699968
65030,38.018499,23.68968
65029,38.020598,23.687635
65028,38.018437,23.692171
65026,38.017405,23.6912
65022,38.022003,23.694155
210125,38.362515,26.136106
66698,38.060991,23.58571
90986,40.60518,22.961341
90893,40.6403,22.951956
90988,40.605597,22.96251
510038,41.139207,24.886779
370065,35.00871,25.583377
60304,37.883295,23.935476
64909,38.004597,23.686986
64911,38.006348,23.684622
64952,38.018302,23.680537
64944,38.014187,23.684865
64912,38.01021,23.686871
64933,38.013747,23.675584
64929,38.010086,23.67439
64913,38.009223,23.684018
64921,38.009757,23.679744
110525,36.415401,28.138047
110308,36.101682,28.072854
110539,36.414371,28.156334
110540,36.412187,28.155803
360308,39.629372,22.38943
10137,38.153875,22.140747
360309,39.630614,22.389474
65019,38.021262,23.693465
65015,38.02018,23.690531
64995,38.024328,23.682168
64991,38.021317,23.679716
60199,37.989594,23.665008
90829,40.583896,22.947974
90830,40.583248,22.949285
90993,40.608879,22.956106
90994,40.608537,22.956006
60329,37.97002,24.005386
60307,37.724808,23.944946
420051,37.964821,23.497938
420121,37.957958,23.628629
65902,38.070339,23.814112
65903,38.07003,23.812655
480123,37.74643,26.979356
420123,37.957992,23.626411
65904,38.070733,23.812879
63692,37.992397,23.859782
63726,38.016313,23.856477
65356,38.024163,23.745752
65054,37.977709,23.753457
65056,37.972638,23.746248
64507,38.043663,23.69757
64508,38.04451,23.696539
90753,40.700372,22.606453
350010,36.882347,22.5455
64570,38.030946,23.690319
64568,38.03256,23.688842
64567,38.032617,23.690491
64566,38.033052,23.690198
64565,38.034567,23.687893
330258,40.516464,21.674747
330259,40.517875,21.678794
64745,38.010854,23.704039
60253,38.010207,23.723574
64762,38.013229,23.704237
64775,38.011251,23.708888
440121,40.27054,22.530264
60203,38.002826,23.731733
440077,40.27027,22.532307
63764,38.000853,23.860533
63771,37.999638,23.848876
63733,38.019493,23.854694
63228,37.970608,23.67877
63229,37.972074,23.678452
500228,39.566403,21.750904
510250,41.139207,24.886779
66402,37.719335,23.94752
66438,38.04723,23.993172
270206,39.369067,21.922812
150354,38.886078,22.420183
64407,37.980147,23.755836
150355,38.895682,22.429019
64409,37.980176,23.756212
64410,37.980988,23.756727
63221,38.084649,23.564696
330260,40.519134,21.678411
330268,40.509455,21.681211
330262,40.512874,21.671642
330263,40.513196,21.680117
330265,40.516858,21.67599
330269,40.514097,21.676942
20022,38.623911,21.41029
90946,40.643479,22.944352
260194,40.94384,24.409365
90947,40.643809,22.945226
260195,40.943785,24.404857
90948,40.643825,22.946732
260196,40.94303,24.403644
63881,38.026744,23.874921
63850,38.003865,23.882395
65320,38.022733,23.744129
65304,38.012866,23.746435
65319,38.022445,23.744703
65318,38.021979,23.745847
65305,38.0123,23.747617
65317,38.021078,23.74393
65316,38.020936,23.745789
63222,38.084484,23.566375
63223,38.089028,23.566331
63224,38.085582,23.555611
63225,38.101888,23.556442
63215,38.092693,23.593635
330042,40.299228,21.792746
65270,38.011933,23.749846
60104,38.031765,23.735668
60233,37.952261,23.705442
100132,41.142774,24.147114
100134,41.143899,24.150596
60097,37.994297,23.346995
60193,38.008248,23.698936
90136,40.637828,23.033583
370175,35.290939,25.707553
65792,37.935914,23.703579
65798,37.937507,23.697528
65793,37.93486,23.703358
60014,37.994463,23.674592
90666,40.597787,22.983225
90684,40.59977,22.957129
90683,40.599828,22.959248
90674,40.591419,22.966632
90680,40.599758,22.958038
65202,38.022254,23.753124
65347,38.024824,23.747287
65273,38.013022,23.75538
65339,38.018611,23.746295
65280,38.015043,23.758134
65294,38.01365,23.750686
65306,38.011386,23.74512
65312,38.010529,23.758648
65770,37.942979,23.70145
60097,37.994297,23.346995
65773,37.944327,23.702682
65774,37.945023,23.703641
65775,37.945036,23.703272
65776,37.941221,23.703606
64564,38.034355,23.689726
65795,37.937551,23.700698
65796,37.937434,23.701085
65797,37.937542,23.699064
340157,37.660258,24.375461
40044,37.428817,22.043973
450099,38.975684,20.760471
65016,38.015915,23.692758
64792,38.01102,23.715128
64794,38.014493,23.707552
65334,38.016541,23.745415
65333,38.016146,23.746011
65286,38.012538,23.756236
65332,38.017095,23.746092
65291,38.012719,23.750156
65292,38.012254,23.757281
65293,38.011693,23.749076
65331,38.016139,23.746409
60200,37.993717,23.766011
64619,38.036235,23.683525
64514,38.046356,23.69231
64615,38.035636,23.684489
64515,38.047172,23.691002
64614,38.036632,23.685799
460121,35.365719,24.497741
64563,38.045499,23.701566
64562,38.044694,23.699818
480090,37.613159,26.139172
60202,37.961355,23.752121
450017,39.237391,20.601352
440172,40.276239,22.502109
65010,38.014799,23.698275
64818,38.003515,23.704236
66295,38.031765,23.735668
60231,37.965074,23.745092
440122,40.27231,22.529333
63842,38.002836,23.903492
63843,38.002318,23.905661
90928,40.641781,22.943674
66419,38.018112,23.980272
500230,39.570557,21.747528
510258,41.139207,24.886779
66420,38.017738,23.978957
66421,38.01253,23.974262
510260,41.139207,24.886779
66422,38.014406,23.976639
110371,36.43182,28.216997
150356,38.889417,22.426745
150357,38.891153,22.424563
64411,37.980601,23.756271
120343,41.496326,26.528802
120344,41.496339,26.526761
120345,41.494351,26.532246
67275,37.715797,24.057541
120346,41.492789,26.532875
440209,40.275248,22.509616
440210,40.277756,22.50382
440211,40.274047,22.50656
30007,37.752,22.4256
66802,37.750571,23.906117
66803,37.751605,23.903164
66805,37.756415,23.902888
66807,37.750846,23.912914
100135,41.138598,24.147994
63847,38.010743,23.878324
63849,38.00312,23.880851
63853,38.001541,23.884123
63860,37.997379,23.900515
61553,37.99255,23.881622
230038,40.523205,22.203688
460113,35.256946,24.593744
260091,40.937601,24.408921
480038,37.584444,26.035556
480058,37.5775,26.030278
60293,38.005789,23.876095
130259,38.573965,24.113118
210029,38.539557,25.562797
65905,38.069325,23.812632
90103,40.597768,22.965018
90103,40.597768,22.965018
300052,39.653289,19.83109
190023,40.222628,23.669416
200038,35.197617,24.0791
390027,38.791116,20.719326
63022,37.998477,23.777989
65728,37.94887,23.677932
100136,41.141351,24.153166
100137,41.139485,24.152481
100142,41.136798,24.143949
100143,41.135932,24.144031
90600,40.679498,22.915413
30180,37.461312,23.173468
61554,37.988263,23.885673
61555,37.987867,23.882917
110011,37.458102,26.971918
63676,37.957964,23.848548
180096,40.029624,21.268681
450101,38.953684,20.746617
450104,38.973684,20.788966
450105,38.983384,20.779407
480124,37.745659,26.973827
70173,38.33633,23.324943
65906,38.070186,23.810662
70175,38.303659,23.310965
65907,38.068521,23.811867
65908,38.071166,23.80898
480125,37.755423,26.950538
420125,37.959455,23.626609
90579,40.65455,22.882515
60232,38.03776,23.691172
60202,37.961355,23.752121
60202,37.961355,23.752121
250341,40.009439,20.596516
64516,38.046519,23.689308
64581,38.032703,23.684089
65804,37.934988,23.70085
65777,37.943207,23.704171
65799,37.936775,23.696338
65778,37.942844,23.704221
65779,37.940883,23.704684
65780,37.942201,23.70638
65766,37.939496,23.696533
65771,37.94361,23.70176
410187,37.327621,21.884666
110398,36.438263,28.230932
110397,36.437385,28.229038
110366,36.433183,28.217118
110367,36.433301,28.219031
66293,38.031765,23.735668
500243,39.533774,21.749724
66222,38.037782,23.737537
64402,37.976955,23.885165
500021,39.607489,21.501269
240002,34.991578,25.225074
90079,40.591439,22.957607
90096,40.6605,22.934906
64517,38.047791,23.688024
64580,38.031786,23.683327
64577,38.03088,23.685896
64518,38.047964,23.69287
64519,38.045786,23.699292
120347,41.491947,26.532852
500366,39.560453,21.769054
65772,37.945305,23.703939
480067,37.631016,26.177106
65789,37.938244,23.706074
65794,37.9341,23.701854
340299,37.656677,24.31181
65493,38.049095,23.747321
66809,37.749943,23.915032
66810,37.747013,23.915373
66231,38.041577,23.737833
65976,37.944008,23.748126
90814,40.586452,22.948092
500209,39.542587,21.756804
500210,39.543907,21.755677
61763,37.979462,23.890717
63867,38.001923,23.86685
63869,38.000354,23.876082
65296,38.010618,23.747441
65328,38.018821,23.743881
65297,38.012568,23.751633
65327,38.019507,23.744479
65302,38.013903,23.747576
65321,38.023031,23.743747
65303,38.013071,23.747749
330245,40.511356,21.66931
500367,39.560453,21.769054
330246,40.513196,21.680117
330247,40.513196,21.680117
330249,40.506009,21.670011
500236,39.548434,21.764748
190022,40.311944,23.061892
66811,37.748428,23.916095
66812,37.753844,23.915948
66813,37.745885,23.917298
66814,37.743316,23.922538
66815,37.740851,23.92371
90599,40.681387,22.917798
63870,37.998831,23.875273
63872,37.997066,23.867843
63875,38.010706,23.87315
63876,38.013297,23.871742
63878,38.017606,23.877918
510024,41.253648,24.934241
30249,37.57005,22.806886
90918,40.639128,22.946735
90921,40.639567,22.946093
64601,38.041918,23.675714
110364,36.43329,28.214885
110370,36.435065,28.225316
110374,36.431781,28.219384
110405,36.437232,28.237749
370088,35.317267,25.733033
60014,37.994463,23.674592
63879,38.021522,23.877396
63851,38.001596,23.88055
63846,38.004669,23.88124
63837,38.010155,23.891485
100145,41.144244,24.154108
100130,41.143441,24.146842
60202,37.961355,23.752121
90602,40.6823,22.924938
64371,38.023496,23.850589
65105,37.886331,23.878874
340321,37.46511,24.928857
110219,36.413493,28.210201
65800,37.935497,23.697707
20601,38.622183,21.403996
350317,37.071058,22.432883
350318,37.065511,22.427164
350319,37.071278,22.429717
110396,36.436276,28.226882
10027,38.284052,21.85862
110395,36.434949,28.225595
65281,38.014248,23.75868
65337,38.015297,23.745774
65282,38.014181,23.757497
65336,38.023625,23.742492
65335,38.024569,23.742419
65283,38.013702,23.754435
65284,38.014051,23.755539
65285,38.013424,23.757585
65695,37.955298,23.683756
65697,37.95405,23.683264
65729,37.948926,23.676386
65734,37.945251,23.676826
65730,37.947549,23.677534
65731,37.946772,23.677296
65732,37.946686,23.676181
64576,38.029571,23.686252
400156,39.343095,23.08506
65781,37.941881,23.70742
65782,37.942504,23.706289
65783,37.940438,23.706672
65784,37.942106,23.707448
65785,37.939881,23.702746
65642,38.040937,23.747924
250205,40.011731,20.558345
65604,38.035687,23.758553
110394,36.436443,28.225454
60211,37.989242,23.751498
110393,36.437608,28.225317
10397,38.204158,21.7562
65807,38.008617,23.77074
65809,38.011017,23.775121
65810,38.012651,23.774676
90932,40.640717,22.94773
90933,40.641552,22.945755
90934,40.642878,22.942904
440128,40.269449,22.504881
65061,37.97824,23.744786
440129,40.269582,22.502979
440130,40.269957,22.506017
64520,38.045549,23.696408
64521,38.047264,23.696415
64522,38.046533,23.698516
64523,38.047516,23.695173
64524,38.048412,23.694325
330250,40.516245,21.679344
330251,40.515072,21.676146
65585,38.036667,23.752209
65509,38.042753,23.761526
65573,38.039272,23.756387
67119,38.040814,23.764166
65572,38.039787,23.754257
66816,37.73995,23.927047
66819,37.738461,23.905245
67276,37.715867,24.059248
270210,39.367773,21.928515
420138,37.957961,23.624989
65811,38.010976,23.778386
65812,38.010181,23.779804
420139,37.957405,23.625458
330106,40.450737,21.520178
63882,38.03019,23.875798
63883,38.03156,23.879106
64505,38.047783,23.689685
61773,38.051128,23.786546
66396,37.735988,23.949869
66397,37.734837,23.949775
66398,37.736273,23.947526
420324,37.941393,23.647303
420346,37.941285,23.643249
500241,39.543385,21.758075
330252,40.516098,21.676615
330253,40.513573,21.674015
330254,40.513666,21.675262
330255,40.514686,21.673996
330257,40.516621,21.678366
100138,41.14315,24.156944
440120,40.270349,22.528913
60203,38.002826,23.731733
270212,39.370103,21.926
360101,39.636192,22.421966
190020,40.240536,23.284456
420042,37.51076,23.383702
63874,37.991419,23.870529
90154,40.632696,23.190449
63689,37.990178,23.860356
350320,37.071897,22.42708
90923,40.642142,22.942708
500355,39.561379,21.754473
510246,41.253648,24.934241
420350,37.947101,23.642497
420334,37.941703,23.644703
64367,38.016209,23.860372
63213,38.085594,23.569649
63214,38.086999,23.577114
63216,38.082576,23.567609
63217,38.077535,23.572737
63218,38.075863,23.567783
63219,38.080759,23.566413
220081,37.673441,21.4379
100140,41.13805,24.146638
100141,41.141157,24.155772
65733,37.94584,23.677016
65763,37.941638,23.699453
200217,35.314227,24.295604
250129,39.357538,20.742363
63709,37.982594,23.847255
63671,37.92863,23.872452
65801,37.934126,23.696702
65786,37.938179,23.701978
65787,37.939563,23.703862
500356,39.56194,21.751863
90926,40.637344,22.943574
500224,39.562667,21.745674
510249,41.139207,24.886779
500227,39.561124,21.74435
110392,36.438773,28.225219
110380,36.42951,28.222516
110379,36.429128,28.221057
63220,38.077111,23.563317
66436,38.046471,23.997899
20607,38.620022,21.399177
66437,38.045803,23.993428
65370,38.010085,23.747813
65239,38.017081,23.751969
65363,38.011419,23.753669
65361,38.012445,23.753004
65764,37.941253,23.698144
65765,37.940021,23.699391
65767,37.938851,23.697252
65768,37.940431,23.700976
65769,37.941873,23.701133
64575,38.031897,23.685547
64571,38.031078,23.688587
65788,37.938814,23.705658
65802,37.935657,23.699226
65790,37.937535,23.703889
65803,37.934296,23.699312
65791,37.937075,23.702827
64744,38.012266,23.705904
340364,37.669282,24.346511
110377,36.429245,28.218969
110375,36.430953,28.219522
110373,36.430975,28.216751
110372,36.433973,28.225847
110369,36.432532,28.222186
420141,37.956553,23.627177
420119,37.957611,23.628477
65990,37.947538,23.749738
65994,37.945873,23.755125
65995,37.947677,23.75513
65996,37.946604,23.753837
65997,37.947462,23.756541
67146,37.946624,23.728482
66149,37.943129,23.74045
66303,37.930959,23.752974
340328,36.395358,25.450403
340329,36.382997,25.473681
340330,36.384069,25.483085
90072,40.633778,22.944027
60264,37.957945,23.731942
300014,39.619755,19.919074
450004,39.317136,20.868203
65485,38.047119,23.750453
60275,38.108261,23.880253
70146,38.347508,23.579836
100128,41.151761,24.138448
65109,37.871566,23.858742
65617,38.032872,23.765394
65615,38.033718,23.765643
65502,38.049802,23.745361
65503,38.048311,23.746761
65490,38.046684,23.757205
63257,38.022177,23.69449
400184,39.378636,22.968648
400185,39.366872,22.954572
66308,37.926327,23.745385
330042,40.299228,21.792746
64783,38.021636,23.70356
67136,38.043077,23.753526
340363,37.665881,24.323889
64742,38.009731,23.702789
64743,38.012163,23.704155
90097,40.647624,22.946779
30109,37.461312,23.173468
340103,37.585617,24.273915
110549,36.417224,28.173965
110550,36.415193,28.174167
67025,37.953297,23.854004
30011,37.67635,22.958229
66284,38.032953,23.750297
66280,38.028067,23.747975
120314,41.505736,26.529541
66979,38.223459,23.874508
120315,41.506001,26.526426
65063,37.981385,23.750362
400186,39.38304,22.954424
420181,37.955155,23.634871
420145,37.95501,23.637567
420146,37.955072,23.639998
65588,38.035834,23.75752
65506,38.041024,23.757619
65587,38.036834,23.757224
65507,38.041807,23.758713
260157,40.927691,24.390406
260158,40.927997,24.387227
260159,40.927172,24.38688
260160,40.926673,24.38754
10410,38.2247,21.754391
10411,38.219849,21.751005
62051,38.114762,23.861833
10413,38.222759,21.762257
66820,37.736569,23.907542
66821,37.728374,23.907396
66822,37.733663,23.905551
66823,37.734594,23.910992
66824,37.732619,23.916379
430105,40.803745,22.051683
430113,40.796168,22.045147
430115,40.797113,22.044316
120316,41.507345,26.53245
120317,41.507899,26.53068
66980,38.209135,23.870903
66981,38.211137,23.879629
60260,38.043077,23.753526
61598,38.022253,23.679637
60253,38.010207,23.723574
65584,38.036214,23.753353
65583,38.03724,23.755828
65511,38.043654,23.76264
90868,40.632134,22.951124
350242,37.097389,22.432645
90869,40.631299,22.951181
350243,37.101199,22.434065
10414,38.219876,21.757269
10415,38.218066,21.755654
10416,38.214437,21.754705
10417,38.213027,21.756783
67739,37.753462,23.959509
66404,37.717267,23.9464
66405,37.716809,23.948071
67738,37.753225,23.953971
66406,37.716441,23.947202
430116,40.798106,22.044753
90876,40.637619,22.947913
90877,40.637915,22.948839
270144,39.336409,22.013349
64352,38.120103,23.750767
64353,38.119698,23.748441
65391,38.045126,23.804014
250192,39.555645,21.112876
66047,37.942518,23.763397
66048,37.943223,23.743675
66049,37.940533,23.743108
66050,37.9432,23.745288
110219,36.413493,28.210201
40299,37.456479,22.432426
90870,40.63092,22.952276
350244,37.110131,22.432513
350251,37.063438,22.423901
90153,40.717793,22.638465
250232,39.441908,20.815755
360073,40.043728,22.030334
360082,39.622641,22.623908
65835,38.001835,23.775186
65834,38.002959,23.774419
66407,37.716132,23.946561
67737,37.750367,23.955043
66408,37.716543,23.951551
66409,37.735029,23.942504
64821,38.00551,23.707321
64824,38.007843,23.703673
64826,38.007564,23.708303
380029,39.876848,25.060232
64355,38.117856,23.753717
64358,38.11479,23.748231
64360,38.111738,23.749074
65815,38.006159,23.776965
60087,37.713661,24.053943
350278,36.477438,23.143937
40300,37.458801,22.436332
65487,38.047191,23.750729
65491,38.048698,23.751118
65651,38.037489,23.747661
65650,38.038016,23.74881
65645,38.038482,23.747156
60264,37.957945,23.731942
120003,40.84542,25.873993
65825,38.006039,23.782209
65823,38.006748,23.78104
65816,38.005686,23.779146
420148,37.960085,23.635182
420154,37.956537,23.6378
420159,37.961615,23.635579
340365,37.641388,24.340242
60253,38.010207,23.723574
64749,38.009471,23.714803
64748,38.012866,23.707065
91318,40.633778,22.944027
340406,37.429596,24.931336
340407,37.423964,24.921324
66019,37.945074,23.749063
66020,37.942311,23.749345
66021,37.943439,23.747605
66025,37.94885,23.753618
66825,37.732632,23.910948
66826,37.728398,23.914832
66827,37.724438,23.912886
66234,38.043182,23.736894
470032,41.11727,25.403166
66272,38.022049,23.72603
340150,37.157301,24.504678
65040,37.681631,24.052328
66983,38.216778,23.869103
90126,40.825697,22.596674
420179,37.953613,23.636476
420177,37.962597,23.631187
65582,38.036616,23.751011
65580,38.036848,23.75898
65579,38.037156,23.751426
65513,38.042074,23.763822
340408,37.428311,24.938991
340409,37.418717,24.940839
340410,37.416667,24.936781
340411,37.418315,24.948284
340386,37.415346,24.951288
65998,37.94686,23.758307
65999,37.94976,23.751361
62057,38.109583,23.858982
66808,37.747769,23.913454
120348,41.490745,26.53065
120349,41.491314,26.527465
220254,37.781937,21.56124
280138,40.520598,21.266574
380181,39.106679,26.556736
380182,39.107683,26.556671
230084,40.630122,22.064403
120318,41.508478,26.527407
66984,38.216284,23.86826
120319,41.510769,26.530596
66985,38.214734,23.869098
120320,41.512643,26.530901
70190,38.328406,23.33035
66037,37.94802,23.757099
66051,37.943891,23.74246
65578,38.037913,23.751931
65514,38.042256,23.765873
65577,38.037163,23.756603
65576,38.040617,23.756916
65516,38.043604,23.767903
90871,40.630196,22.951775
350252,37.053878,22.416467
150234,38.894248,22.47205
66000,37.945838,23.759138
66001,37.944896,23.761382
66002,37.944422,23.75756
66003,37.948798,23.755401
67137,38.043077,23.753526
67139,38.043077,23.753526
65096,38.044432,23.836694
230085,40.62895,22.064066
230086,40.629226,22.066091
230088,40.63099,22.063409
230089,40.628564,22.061733
230090,40.623955,22.055669
64361,38.112098,23.744966
64364,38.136755,23.751065
63212,38.14252,23.747983
66038,37.944996,23.758422
66039,37.940768,23.758544
66040,37.942198,23.760038
66041,37.943161,23.759001
64997,38.016998,23.674628
65492,38.04859,23.748844
65644,38.039137,23.748251
65643,38.039274,23.748166
150235,38.899767,22.487451
150236,38.899807,22.490773
150237,38.919472,22.429696
150238,38.92295,22.42153
150239,38.918952,22.427344
65829,38.007007,23.779223
65824,38.004537,23.778355
65827,38.007556,23.778294
65098,38.054491,23.839103
65895,38.051035,23.834355
65103,38.054728,23.838727
10168,38.021765,21.602355
370031,35.330283,25.665547
64751,38.011821,23.707606
65145,38.012804,23.697678
64752,38.012006,23.715747
250058,39.66616,20.852682
130008,38.856324,23.043402
210073,38.316935,26.126551
65116,37.802263,24.003987
66026,37.946895,23.751742
66028,37.947376,23.753943
320089,37.956161,22.801015
65641,38.03884,23.749616
65494,38.051818,23.748613
65640,38.039208,23.75106
65639,38.041083,23.749293
65495,38.051783,23.746779
66250,38.028695,23.746147
310100,40.988707,22.868613
65817,38.004845,23.781449
130328,38.711722,23.746565
65977,37.940603,23.751704
65978,37.941051,23.749937
66056,37.940644,23.744874
160014,40.779445,21.409362
64754,38.009847,23.711943
65144,38.011287,23.698353
64755,38.00951,23.713703
65143,38.011468,23.697777
40312,37.363863,22.013346
440076,40.275087,22.541954
340295,37.068896,25.356482
10404,38.208238,21.770474
66029,37.940793,23.749739
66030,37.939814,23.751206
66031,37.941745,23.752998
66032,37.94781,23.758185
66033,37.941088,23.75525
280139,40.520598,21.266574
340294,37.066993,25.35696
280140,40.520598,21.266574
64757,38.015461,23.710624
64763,38.014519,23.705066
64768,38.017942,23.702384
220270,37.790218,21.751867
67289,37.711836,24.050042
120323,41.513632,26.525881
220271,37.790218,21.751867
67290,37.709582,24.049708
67042,37.972373,24.005829
400132,39.374487,22.934747
66059,37.939696,23.738619
40119,37.507227,22.376137
67118,38.038775,23.762363
65575,38.038421,23.752404
450093,39.331823,20.88606
450054,39.341676,20.906366
340296,37.075524,25.351769
10407,38.211272,21.77776
340298,37.02369,25.377931
10408,38.212891,21.784292
66399,37.737506,23.952175
420122,37.957512,23.627409
66400,37.737021,23.949064
280141,40.520598,21.266574
220255,37.848947,21.567102
64426,37.985866,23.7633
220256,37.848947,21.567102
67026,38.004659,23.949143
220236,37.848947,21.567102
440168,40.271154,22.491406
65011,38.017853,23.695239
65009,38.016989,23.69324
120324,41.5183,26.529879
440169,40.27069,22.489171
67291,37.708093,24.050738
63253,38.021483,23.692306
40297,37.517834,22.368606
40298,37.558961,22.402325
66897,38.01473,23.72718
66918,38.011153,23.734768
65574,38.040085,23.755464
65518,38.039437,23.762879
450061,39.358992,20.863325
67120,38.03935,23.765339
65571,38.041569,23.756568
65522,38.040573,23.767562
130082,38.953613,23.152209
420071,37.952937,23.630392
66401,37.740831,23.953592
66403,37.718159,23.946897
420126,37.960025,23.625933
420130,37.961975,23.628421
420131,37.961481,23.62625
67525,38.074476,23.977559
520075,37.804754,20.894309
520076,37.784635,20.897232
64812,38.005104,23.700782
64814,38.003042,23.699024
64813,38.004003,23.700826
500032,39.539661,21.255087
65007,38.013296,23.69697
64815,38.006125,23.703461
65117,37.803468,24.009327
490071,40.907864,23.501769
66919,38.011227,23.733124
90865,40.634339,22.949108
90866,40.632955,22.94994
65638,38.039822,23.750263
65496,38.050499,23.746914
65637,38.04124,23.748649
65636,38.041404,23.748966
110015,36.809446,27.098239
340254,36.899424,25.977293
280129,40.522097,21.260574
66951,38.019711,23.730976
110257,36.883661,27.242905
65979,37.94074,23.753186
66055,37.941075,23.742179
65980,37.940633,23.756939
67526,38.07026,23.982197
440194,40.26811,22.513705
67082,37.958335,23.987702
440195,40.262664,22.513746
67084,37.960417,23.979807
67085,37.956806,23.989673
260154,40.933512,24.390052
260155,40.932855,24.390918
260156,40.934008,24.38848
190079,39.971946,23.401476
240101,35.328045,25.310826
60195,37.97626,23.710291
66034,37.939804,23.756438
66044,37.94731,23.760815
66046,37.944928,23.763746
250219,39.418236,20.898853
65630,38.034047,23.7699
65629,38.032899,23.768092
60276,38.016111,23.736109
65152,38.037151,23.773855
40005,37.626594,22.22063
65158,38.034595,23.779624
65981,37.939674,23.749992
65982,37.942065,23.751785
65983,37.9499,23.746639
65984,37.948613,23.746988
65985,37.94897,23.747908
90098,40.585098,22.9597
400042,39.141767,21.790271
67173,37.940382,23.729849
66014,37.944763,23.762757
66016,37.94952,23.74596
66017,37.948837,23.748986
66018,37.945093,23.747085
63255,38.021394,23.688496
64960,38.013403,23.686378
64900,38.009938,23.676516
66036,37.945931,23.756749
340309,36.934202,24.690706
90601,40.679864,22.920396
220257,37.807656,21.620306
70182,38.32733,23.321146
120312,41.503486,26.526301
66975,38.216733,23.876665
67027,38.007942,23.959695
65481,38.046003,23.758007
65482,38.045242,23.75886
64938,38.010569,23.692322
340086,37.621657,24.356636
120326,41.497043,26.533007
67046,37.973714,24.003829
120327,41.504905,26.534436
67047,37.977485,24.00401
67050,37.983724,24.005548
66118,37.935321,23.735826
66144,37.942475,23.737722
67165,37.944186,23.728197
67157,37.941979,23.731019
66298,37.927972,23.753872
65555,38.044281,23.769034
65543,38.040226,23.762575
30083,37.487632,23.008904
60270,38.320039,23.796631
64889,38.008288,23.681855
340412,37.436287,24.924578
110548,36.415401,28.138047
150240,38.919303,22.425112
150242,38.927165,22.420398
90872,40.633778,22.944027
66976,38.216289,23.878345
120313,41.505123,26.527427
66978,38.215556,23.881776
65006,38.016321,23.695992
64816,38.004127,23.703784
60091,38.064693,23.512836
64817,38.002104,23.704344
67051,37.984636,24.003892
67052,37.985907,24.012451
67053,37.991945,24.01203
67054,37.986804,24.00861
350250,37.07865,22.409405
350238,37.106618,22.429572
350240,37.088303,22.441568
150231,38.898997,22.456683
150232,38.897762,22.462318
65554,38.042992,23.767584
65544,38.042492,23.76399
65552,38.040309,23.765994
65550,38.041024,23.765241
65546,38.043919,23.760857
65549,38.043221,23.766058
66070,37.933732,23.741093
66077,37.936646,23.733328
90873,40.638404,22.948089
90874,40.637814,22.949057
430096,40.803754,22.05064
430099,40.805873,22.053421
90875,40.635799,22.949787
340327,36.399655,25.451065
65005,38.014993,23.696427
64819,38.003751,23.706411
130257,38.471138,23.582985
60195,37.97626,23.710291
320043,37.938625,22.930735
150233,38.895737,22.47028
90867,40.631247,22.949886
350241,37.088022,22.445562
65623,38.039743,23.758249
65497,38.052469,23.745661
65621,38.034004,23.768474
65619,38.033855,23.768041
65501,38.049904,23.750717
260197,40.940535,24.406755
90949,40.642998,22.948854
260198,40.940592,24.405885
340405,37.431732,24.93515
91316,40.633778,22.944027
65986,37.946271,23.747333
65988,37.945954,23.750411
65989,37.94987,23.750122
470032,41.11727,25.403166
65590,38.034683,23.755047
310088,40.831709,22.84651
150341,38.901441,22.431399
30255,37.576252,22.802646
30263,37.564298,22.806735
320118,37.976901,22.977173
500352,39.557506,21.753952
65329,38.018031,23.744418
520057,37.767046,20.916794
65037,38.020003,23.696775
65139,38.010337,23.693285
65140,38.010892,23.695252
65504,38.046201,23.761842
65505,38.046633,23.763263
65652,38.036597,23.744837
65649,38.036242,23.745467
250243,39.950592,20.615068
65648,38.036129,23.745379
65647,38.037499,23.74604
65646,38.036584,23.747814
65635,38.041871,23.747687
65634,38.042661,23.748718
65633,38.043768,23.748782
65632,38.045261,23.750362
65612,38.034419,23.763711
120003,40.84542,25.873993
65611,38.035424,23.762595
65610,38.033398,23.763346
65609,38.033147,23.759229
120003,40.84542,25.873993
65608,38.033423,23.762785
66616,38.020917,23.721331
66615,38.019386,23.719065
66613,38.017662,23.724219
66612,38.018425,23.723881
430095,40.798982,22.042554
400196,39.381004,22.974912
430098,40.805761,22.0509
430102,40.804887,22.038653
400183,39.366872,22.954572
130269,38.397246,23.620968
270205,39.369295,21.921529
290089,38.2007,20.390402
330208,40.518846,21.680058
330209,40.518764,21.681342
370133,35.197796,25.69523
330210,40.516466,21.684206
350326,37.071964,22.428354
350327,37.067412,22.432151
350328,37.06976,22.427537
350329,37.071571,22.419714
350330,37.070505,22.419159
64404,37.980405,23.758995
60020,38.050258,23.586787
65541,38.037735,23.771666
66635,38.004146,23.723208
66571,38.016271,23.726701
66634,38.007914,23.729581
66572,38.016302,23.726177
66573,38.017596,23.727644
66632,38.004019,23.724256
66574,38.018077,23.726305
66575,38.005877,23.724693
66576,38.005595,23.725992
66577,38.005953,23.723995
62456,38.083389,23.816374
62457,38.070365,23.819342
62433,38.076022,23.824037
62434,38.077796,23.824288
62435,38.075204,23.822167
62437,38.075341,23.832029
62508,38.075248,23.805751
40267,37.327379,22.547096
65561,38.038736,23.769914
65562,38.038788,23.771003
65570,38.040806,23.776555
65569,38.04338,23.777456
65563,38.035835,23.770788
65564,38.035704,23.769846
65568,38.042122,23.773109
65565,38.038921,23.772983
65566,38.0422,23.774742
90900,40.632077,22.950469
150303,38.88874,22.426259
150304,38.892177,22.428338
150305,38.891093,22.428914
150306,38.888247,22.431422
200339,35.481798,23.994016
150307,38.888339,22.434701
150308,38.887422,22.425939
250359,39.745508,20.782491
90904,40.633778,22.944027
270177,39.430367,22.041334
300137,39.620647,19.904061
90907,40.637759,22.942769
500323,39.553167,21.76099
500325,39.551644,21.761415
450087,39.06275,20.751957
62642,38.025585,23.794209
90029,40.65147,22.872071
30005,37.637948,22.807353
100026,41.342672,23.865755
230021,40.551789,22.246455
340027,36.353192,25.769017
63298,38.092694,23.813897
62729,37.922644,23.74943
62794,37.932149,23.744045
64731,38.056251,23.703073
66952,38.019943,23.729362
64732,38.069,23.716552
64735,38.068814,23.710308
70119,38.36842,22.842011
64736,38.061245,23.705828
64737,38.059128,23.702328
110097,36.892389,27.290065
66083,37.934977,23.730563
66928,38.018729,23.734418
65206,38.023546,23.7522
65214,38.02583,23.75219
160039,40.697789,21.398239
65216,38.024538,23.752788
65232,38.018084,23.751147
65233,38.017963,23.754153
65252,38.01515,23.755773
65358,38.025979,23.746645
65253,38.014782,23.756856
65357,38.02519,23.750601
65254,38.01532,23.757125
65255,38.014598,23.755076
65355,38.024723,23.745086
65263,38.014839,23.758671
62798,37.929516,23.742433
62799,37.928668,23.741479
62801,37.928637,23.739635
62803,37.928513,23.738424
62805,37.928893,23.737141
170118,38.5791,22.534058
63814,38.130882,23.87303
65508,38.045125,23.760753
60020,38.050258,23.586787
65141,38.012047,23.695791
65510,38.04468,23.765476
65512,38.044853,23.764788
65515,38.04567,23.763733
65142,38.010063,23.693501
65520,38.03873,23.763539
65531,38.041669,23.770985
65631,38.043338,23.749565
65532,38.043514,23.772604
65533,38.040239,23.771048
65534,38.036785,23.770524
65628,38.031962,23.760569
65535,38.038316,23.772068
65537,38.037192,23.770916
65538,38.037345,23.773546
65542,38.036681,23.769208
470032,41.11727,25.403166
65606,38.032571,23.760829
65545,38.038552,23.766927
65547,38.044946,23.763658
65548,38.045962,23.766053
65551,38.038965,23.763521
65553,38.037314,23.764695
65215,38.018501,23.756646
65217,38.018211,23.758564
65226,38.0216,23.756857
65276,38.013247,23.753047
65289,38.014015,23.751667
64635,38.031568,23.679054
64625,38.039133,23.681702
330211,40.517643,21.680701
330212,40.513196,21.680117
330215,40.515794,21.685723
250058,39.66616,20.852682
330216,40.519864,21.681396
330217,40.518394,21.686962
330222,40.523848,21.683384
400182,39.379261,22.960283
400209,39.378374,22.960707
400208,39.366872,22.954572
400195,39.378729,22.974405
400197,39.376477,22.979828
400199,39.388849,22.98391
380162,39.100452,26.55408
250058,39.66616,20.852682
66578,38.00503,23.726051
66581,38.004919,23.724378
66582,38.006749,23.721931
66583,38.005887,23.721696
66584,38.005277,23.722392
66629,38.010537,23.729186
66586,38.004185,23.721773
66628,38.019901,23.713976
66587,38.003664,23.723053
66627,38.019152,23.714081
65342,38.016044,23.747017
65277,38.012807,23.752835
65278,38.013354,23.755582
65341,38.024501,23.740075
65340,38.020434,23.745132
65279,38.013125,23.754322
65338,38.019778,23.745559
65567,38.041243,23.772254
60280,38.078062,23.703829
190188,40.284808,23.393673
66700,38.061305,23.590696
110488,36.898378,27.286299
66701,38.061161,23.587739
110489,36.89865,27.284112
200340,35.512171,24.009777
200341,35.51424,24.011931
150310,38.897355,22.438537
150313,38.901441,22.431399
150314,38.893441,22.435086
200342,35.514249,24.010237
200343,35.515147,24.009241
200344,35.512905,24.008908
200345,35.512571,24.006359
440075,40.273637,22.539541
500326,39.553911,21.758311
67712,37.980119,23.740201
67713,37.977018,23.738677
65599,38.031635,23.758021
65598,38.034722,23.75881
65597,38.035004,23.760096
65596,38.033759,23.758001
65595,38.032475,23.755476
20608,38.621355,21.397232
66440,38.053509,23.989881
66441,38.052837,23.985709
66835,38.019457,23.989296
66836,38.016473,24.003764
66837,38.014875,23.998999
66840,38.0181,23.990282
90931,40.638458,22.943659
110097,36.892389,27.290065
60017,37.964376,23.725013
61521,38.053611,23.720276
61522,38.047576,23.732853
61523,38.053611,23.720276
61524,38.044306,23.727976
61525,38.053611,23.720276
65369,38.010379,23.748773
65236,38.018465,23.753018
65237,38.018478,23.754506
160070,40.718588,21.364592
65238,38.017768,23.752511
65368,38.010545,23.752858
65539,38.035848,23.772233
65354,38.025559,23.743655
65264,38.016195,23.754838
65352,38.024373,23.74795
65266,38.013796,23.748812
65351,38.024203,23.74324
65350,38.023456,23.745213
65349,38.023306,23.750333
400187,39.366872,22.954572
430108,40.803288,22.052911
430110,40.807258,22.046575
90038,40.521116,23.219127
430112,40.807298,22.049045
430111,40.800194,22.048137
430100,40.805545,22.045136
65523,38.037601,23.76621
65524,38.037918,23.766479
65525,38.036435,23.768009
65526,38.03647,23.768154
65527,38.037704,23.770294
67608,38.042201,23.769256
65529,38.04064,23.770457
330223,40.509597,21.682895
330224,40.513196,21.680117
60104,38.031765,23.735668
90768,40.640998,22.919303
60104,38.031765,23.735668
60104,38.031765,23.735668
65627,38.031821,23.756459
65556,38.044666,23.771643
65557,38.043003,23.770462
65603,38.032231,23.759516
65602,38.035387,23.756482
65601,38.033371,23.75988
65500,38.04869,23.752669
90771,40.646795,22.921611
65622,38.034142,23.750913
110457,36.106609,28.045597
62475,38.06819,23.82789
62455,38.07138,23.819549
62443,38.073432,23.833893
62431,38.073317,23.821909
62429,38.073895,23.825491
62445,38.071465,23.834104
62446,38.081502,23.815773
62448,38.08512,23.816874
330229,40.512554,21.676334
330231,40.513196,21.680117
270207,39.369786,21.924292
250058,39.66616,20.852682
270209,39.366555,21.9269
330234,40.509388,21.678604
65315,38.008879,23.761223
65307,38.010907,23.744707
250058,39.66616,20.852682
60272,37.985864,23.72381
230053,40.600049,22.195333
400190,39.380451,22.963867
66588,38.002634,23.722683
66589,38.002412,23.723744
66626,38.020011,23.715819
66625,38.01896,23.715808
66624,38.018199,23.715339
66590,38.001621,23.721794
66623,38.017103,23.7134
66591,38.001542,23.722479
66622,38.019843,23.717573
66593,38.013736,23.723529
62409,38.095011,23.886853
62410,38.103499,23.873371
62413,38.105372,23.867804
190115,40.302723,23.207777
490259,41.086585,23.55141
60260,38.043077,23.753526
220167,37.894178,21.292863
65314,38.008287,23.760045
65308,38.010494,23.744989
65313,38.00976,23.759659
65309,38.011222,23.758809
65310,38.01015,23.757872
65311,38.009516,23.745029
61526,38.053611,23.720276
61527,38.045821,23.734962
200346,35.513391,24.008531
200347,35.515757,24.012156
200348,35.515547,24.010416
200349,35.512279,24.003947
64720,38.05819,23.709686
64728,38.06526,23.714356
64733,38.069719,23.71405
64734,38.069283,23.711507
64741,38.069414,23.707644
66734,37.80197,23.979547
200245,35.511327,24.028824
450113,39.196339,20.526308
30240,37.570316,22.813969
64495,38.0412,23.68661
64652,38.036129,23.669712
64643,38.031598,23.675031
200002,35.291535,24.176083
200018,35.201296,24.137003
200047,35.20201,24.22915
190073,40.095051,23.979566
60255,37.974386,23.749163
60253,38.010207,23.723574
62727,37.922647,23.752274
61528,38.053611,23.720276
61529,38.041931,23.727743
61530,38.042741,23.732676
61531,38.053611,23.720276
61533,38.040457,23.730775
66920,38.009845,23.733875
61534,38.053611,23.720276
61532,38.053611,23.720276
60256,38.031404,23.709343
65367,38.010394,23.75222
65366,38.010998,23.755454
60256,38.031404,23.709343
65240,38.016748,23.752476
65267,38.011783,23.756817
65268,38.014866,23.754311
190217,39.987516,23.616935
60233,37.952261,23.705442
65269,38.0115,23.75779
60233,37.952261,23.705442
63813,38.137451,23.861744
63815,38.138413,23.861455
63818,38.141879,23.864095
480078,37.68881,26.942239
63779,38.130666,23.854634
63781,38.135595,23.857114
63783,38.136519,23.857563
63810,38.137996,23.858339
60258,37.934122,23.641061
60258,37.934122,23.641061
60258,37.934122,23.641061
65530,38.038637,23.768561
65653,38.035433,23.74633
65626,38.032273,23.753399
90772,40.648047,22.919477
65625,38.032744,23.753376
60104,38.031765,23.735668
65624,38.034698,23.749747
65620,38.033693,23.754651
65618,38.033465,23.75334
65616,38.033408,23.760319
65614,38.033819,23.764995
65613,38.034162,23.75912
120003,40.84542,25.873993
65540,38.039012,23.775002
65607,38.03356,23.762199
65605,38.033629,23.756592
65600,38.035358,23.753185
470032,41.11727,25.403166
500362,39.560453,21.769054
500364,39.560453,21.769054
500365,39.560453,21.769054
370035,35.009385,25.739336
65076,37.97867,23.749869
65083,37.976053,23.754297
65594,38.03236,23.754927
330235,40.511266,21.675216
150347,38.901441,22.431399
150348,38.880987,22.439191
150350,38.891834,22.427156
350322,37.072454,22.425525
350323,37.071554,22.430658
350324,37.073189,22.422924
350325,37.069793,22.429448
400191,39.384287,22.96127
400193,39.384553,22.972424
66639,38.005997,23.723248
66568,38.01467,23.725971
66638,38.000137,23.721721
66637,38.000471,23.722204
66569,38.014915,23.726311
66636,38.003006,23.723461
66570,38.015716,23.726511
66621,38.01905,23.717651
66620,38.022408,23.721134
66619,38.021782,23.72052
66595,38.013558,23.722621
66596,38.012985,23.720613
66597,38.015005,23.724503
66618,38.020682,23.719546
66598,38.014881,23.724058
66617,38.020056,23.720017
65593,38.033803,23.752566
65592,38.033785,23.75417
65558,38.03905,23.767701
65591,38.03539,23.751398
65589,38.035372,23.755657
65586,38.036155,23.756231
65581,38.036871,23.754695
65560,38.037512,23.767658
360301,39.632643,22.395774
65265,38.012914,23.757338
280108,40.505297,21.241459
230026,40.632509,22.068259
290013,38.177861,20.487443
90897,40.632874,22.950304
200338,35.487909,23.992381
90898,40.63066,22.952817
90899,40.641212,22.9525
65658,38.051686,23.725322
65659,38.051518,23.723741
500317,39.553061,21.764514
90901,40.630803,22.950721
500318,39.553129,21.763565
90902,40.633778,22.944027
500319,39.551912,21.765393
90903,40.630619,22.951389
65047,37.978192,23.752541
65057,37.982229,23.752038
65058,37.976788,23.743822
65082,37.970668,23.742638
65235,38.01955,23.75355
65209,38.019838,23.753938
65246,38.01656,23.750385
210113,38.378036,26.131761
66954,38.020604,23.731211
66956,38.021195,23.731002
66957,38.01886,23.730803
66958,38.021446,23.730015
66959,38.021295,23.728282
66961,38.016997,23.730802
66962,38.020035,23.726221
65295,38.011037,23.748281
64688,38.05163,23.729806
66921,38.015306,23.731749
66922,38.015956,23.731145
66923,38.014653,23.73104
66924,38.014702,23.727932
66925,38.013949,23.726345
66926,38.013108,23.726409
66082,37.938225,23.728893
66927,38.018901,23.733601
65243,38.017409,23.755009
65362,38.011143,23.752927
60256,38.031404,23.709343
65245,38.016006,23.754437
65360,38.02629,23.744181
65247,38.015971,23.75349
65359,38.02511,23.743549
65271,38.012542,23.758249
65272,38.016684,23.753501
65346,38.024573,23.749879
65345,38.024194,23.751018
65344,38.023772,23.749151
65343,38.013331,23.745654
65275,38.013958,23.753915
440149,40.270001,22.497961
440150,40.263242,22.500264
440151,40.262411,22.497451
440152,40.27186,22.499461
67517,38.075195,23.966057
66684,37.881066,23.932784
10373,38.190503,21.723303
10436,38.202575,21.734693
66964,37.730688,23.952305
66417,37.722378,23.920362
66415,37.730477,23.930547
64831,38.00506,23.69497
64836,38.003533,23.701761
64966,38.01581,23.69243
64949,38.014238,23.691746
360224,39.630483,22.409969
60256,38.031404,23.709343
60203,38.002826,23.731733
66291,38.027914,23.752676
66290,38.028635,23.751128
440176,40.275158,22.4971
440177,40.271612,22.504464
440097,40.285566,22.465093
440178,40.272375,22.502324
60203,38.002826,23.731733
60203,38.002826,23.731733
10438,38.206654,21.737565
66685,37.878098,23.933198
10439,38.209458,21.739309
10396,38.200959,21.746048
10440,38.2013,21.76471
360263,39.62608,22.397485
60017,37.964376,23.725013
360264,39.627226,22.396872
64837,38.005068,23.698251
64948,38.014549,23.692795
64855,38.005432,23.69497
260169,40.940841,24.395017
260170,40.940089,24.389976
260171,40.941107,24.392566
260172,40.941404,24.391476
260173,40.940396,24.376339
60203,38.002826,23.731733
66218,38.026901,23.729396
66219,38.029486,23.729726
65865,38.019751,23.804616
200224,35.509186,24.044625
360233,39.629529,22.417299
200270,35.506987,24.024958
60203,38.002826,23.731733
60264,37.957945,23.731942
200239,35.513357,24.021674
65838,38.002832,23.772939
66730,37.815711,23.997946
480112,37.7483,26.981645
480113,37.746822,26.982727
67506,38.075418,23.982948
67507,38.071634,23.993389
67508,38.070293,23.994274
67509,38.069029,23.991414
67510,38.068156,23.993863
90739,40.691107,22.92875
90742,40.690061,22.920652
66551,37.979561,23.726586
60391,38.095299,23.604437
66442,37.977303,23.745348
66275,38.023227,23.726618
66274,38.025828,23.728361
66273,38.026553,23.729979
60235,37.81589,23.779044
60256,38.031404,23.709343
360235,39.624758,22.40983
360236,39.630483,22.409969
64444,37.986128,23.765991
440133,40.266861,22.501931
440134,40.269889,22.505057
440135,40.270921,22.503896
440136,40.264367,22.502024
480114,37.748281,26.983421
480115,37.745697,26.983485
420135,37.960446,23.627057
60264,37.957945,23.731942
60290,37.961524,23.74683
60091,38.064693,23.512836
270017,39.365219,21.920051
63877,38.017539,23.872144
250293,39.644067,20.838065
480063,37.604722,26.192222
190221,40.332398,23.919847
420073,37.97437,23.476804
420073,37.97437,23.476804
66414,37.72992,23.925543
66413,37.727557,23.929752
66412,37.736041,23.930906
66411,37.735523,23.939081
440137,40.267955,22.50543
440153,40.266457,22.496507
450111,38.954335,20.74721
360225,39.634354,22.41306
360226,39.630631,22.416563
360227,39.631353,22.416881
360228,39.631095,22.418283
360232,39.62598,22.41163
60290,37.961524,23.74683
60334,37.918151,23.478356
440213,40.273276,22.503559
440078,40.271571,22.542007
440214,40.275188,22.505354
220249,37.848947,21.567102
310102,40.991077,22.868946
240071,35.247726,25.307561
310103,40.989118,22.868892
64750,38.012246,23.711488
64753,38.013708,23.712972
420137,37.958848,23.624876
200259,35.510191,24.035145
200260,35.509989,24.037185
66410,37.739354,23.946736
65819,38.008209,23.782366
420183,37.955533,23.628486
65820,38.003051,23.779806
64854,38.005489,23.696823
64846,38.003686,23.697366
64845,38.00409,23.699517
66416,37.722269,23.924752
60256,38.031404,23.709343
66220,38.036997,23.739928
66289,38.030875,23.751535
66221,38.03777,23.740227
66288,38.030827,23.750525
66287,38.029148,23.750105
440084,40.276155,22.542866
67277,37.717486,24.058224
67060,37.994878,24.010983
67065,37.961776,24.001115
66281,38.028028,23.749719
66279,38.032227,23.74239
66278,38.027659,23.746238
66277,38.028001,23.745182
360265,39.630483,22.409969
360266,39.630054,22.398613
200244,35.512214,24.027942
360267,39.624108,22.395923
360268,39.630128,22.397358
380173,39.098969,26.550216
380174,39.099409,26.549148
410068,37.077483,22.105453
64844,38.009289,23.710758
64843,38.009759,23.708331
64842,38.007388,23.710321
64841,38.007521,23.706534
64840,38.006067,23.710837
66392,37.996598,23.669187
66443,37.977227,23.745165
66439,38.048915,23.987722
20610,38.621678,21.386665
330138,40.562262,21.694851
66223,38.038995,23.736153
360239,39.630483,22.409969
200262,35.507518,24.032309
200271,35.505293,24.025765
360240,39.630483,22.409969
360241,39.624835,22.41969
61614,38.024868,23.676457
90720,40.682246,22.945436
230098,40.635904,22.071282
230099,40.637143,22.07189
420136,37.958921,23.625633
200251,35.510294,24.027988
200252,35.510237,24.0297
460021,35.33852,24.685843
66736,37.801944,23.993374
40119,37.507227,22.376137
66737,37.807191,23.971327
66738,37.806352,23.968542
67520,38.073438,23.9622
520072,37.797931,20.894277
67521,38.079814,23.980337
320118,37.976901,22.977173
66834,38.018794,24.000451
500363,39.560453,21.769054
66235,38.042148,23.739592
66236,38.042603,23.740698
40284,37.453331,22.146072
66237,38.042135,23.736693
60286,37.979561,23.726586
360244,39.624306,22.421589
200263,35.507216,24.034428
440154,40.270801,22.49755
440138,40.268748,22.505675
450123,38.951744,20.745698
440155,40.271824,22.495532
200253,35.510394,24.030217
200254,35.510019,24.029613
60017,37.964376,23.725013
200256,35.508737,24.031665
60334,37.918151,23.478356
60203,38.002826,23.731733
520073,37.791902,20.892086
67522,38.079355,23.980898
520074,37.790204,20.882577
67523,38.078005,23.976222
67524,38.073214,23.982515
66686,37.87954,23.931423
10447,38.207004,21.72733
10448,38.20654,21.727126
66238,38.04328,23.73871
66239,38.042247,23.738131
66240,38.043026,23.738339
66241,38.030825,23.743827
65821,38.003951,23.783276
420194,37.955368,23.626452
65831,38.005364,23.780217
65822,38.00651,23.777168
440139,40.266874,22.505279
450124,38.958349,20.733999
440156,40.263761,22.504609
440157,40.269806,22.495372
360229,39.631065,22.419178
360230,39.631658,22.418321
360231,39.630483,22.409969
360234,39.630338,22.419357
510038,41.139207,24.886779
510038,41.139207,24.886779
510038,41.139207,24.886779
67066,37.963897,23.997349
67067,37.956111,24.005825
440171,40.274414,22.486931
67070,37.957231,24.00095
66687,37.879266,23.933809
10449,38.203296,21.723158
66688,37.875746,23.933927
66689,37.874815,23.931739
61597,37.877326,23.934567
66690,37.876154,23.932344
360269,39.630161,22.395852
65832,38.00383,23.771502
65833,38.002844,23.776187
10133,38.126379,22.313507
200261,35.509805,24.039433
64839,38.005379,23.708604
64838,38.00391,23.705354
190186,40.30603,24.159827
60231,37.965074,23.745092
360237,39.625137,22.417178
360238,39.622372,22.409767
360243,39.622184,22.420377
200240,35.513819,24.027527
64488,38.03713,23.798665
70131,38.257199,22.909328
66224,38.039181,23.734965
66225,38.038984,23.738618
440087,40.271112,22.479783
440081,40.27018,22.474275
67078,37.963516,23.982663
440207,40.27598,22.50727
440192,40.266971,22.515894
66682,37.884562,23.929167
230100,40.629889,22.06999
230101,40.627338,22.071013
230102,40.625823,22.071721
60254,37.94642,23.738443
340494,37.438694,24.937121
340495,37.439289,24.938078
340413,37.441636,24.933966
440082,40.273201,22.539268
340414,37.441916,24.935403
340415,37.443337,24.936726
90407,40.678481,22.93483
66212,38.034761,23.744117
66296,38.031765,23.735668
320118,37.976901,22.977173
250058,39.66616,20.852682
250058,39.66616,20.852682
330219,40.518505,21.683138
66227,38.040603,23.738206
450103,38.976907,20.764953
66228,38.041117,23.736295
66229,38.0403,23.737233
360245,39.623997,22.422635
200272,35.507811,24.026597
360246,39.626641,22.422397
360247,39.619214,22.414745
230103,40.628372,22.070364
230104,40.627262,22.072191
230105,40.625435,22.073157
66683,37.885494,23.927956
200241,35.513944,24.028312
200257,35.509959,24.033433
200274,35.508765,24.028439
200242,35.512311,24.026928
200275,35.507669,24.029538
90408,40.685044,22.931126
90732,40.685059,22.931561
90734,40.684379,22.93218
90409,40.683427,22.93226
90410,40.681514,22.932644
90738,40.691827,22.934664
66262,38.023831,23.727108
330232,40.509606,21.679863
150342,38.887721,22.441985
300141,39.627187,19.895158
10418,38.228899,21.751918
10419,38.228004,21.749532
300158,39.602747,19.921902
10420,38.22844,21.74904
10421,38.229718,21.74895
360248,39.618753,22.414458
360250,39.619489,22.427218
360251,39.621115,22.428844
360252,39.624509,22.402941
440158,40.268065,22.492746
440159,40.265832,22.493983
450125,38.95958,20.750054
260174,40.939494,24.413454
66731,37.803886,23.979999
200276,35.506658,24.030342
360254,39.630483,22.409969
66733,37.803466,23.982281
360255,39.622036,22.402919
230091,40.630303,22.062027
230092,40.627514,22.060135
230093,40.625595,22.058779
230094,40.635241,22.071521
66261,38.025005,23.727663
66256,38.030169,23.750234
66260,38.032862,23.744374
66257,38.029758,23.751047
66259,38.026912,23.750354
66258,38.031979,23.749798
10389,38.186641,21.703157
300168,39.616389,19.907688
10422,38.230374,21.755215
10423,38.231436,21.757984
60282,37.920762,23.700859
360217,39.63336,22.409479
60256,38.031404,23.709343
360218,39.633244,22.408267
360219,39.633545,22.409367
200222,35.510015,24.041715
260175,40.938803,24.414391
260176,40.941442,24.412893
440160,40.269754,22.491578
440161,40.272383,22.491122
260177,40.939579,24.414767
200255,35.509975,24.031752
360280,39.630483,22.409969
66743,37.827991,23.969685
200258,35.508472,24.034704
230095,40.634846,22.072804
230096,40.633378,22.07365
230097,40.635906,22.070386
150192,39.187773,22.390453
300067,39.22553,20.161661
340297,37.388957,24.398001
67496,38.091345,23.980838
440140,40.271508,22.502458
480116,37.748398,26.977237
480117,37.747866,26.972956
480118,37.748491,26.973006
480127,37.756846,26.976111
480128,37.758084,26.976377
480129,37.757117,26.974437
480130,37.757568,26.974574
67504,38.077578,23.989826
67505,38.072332,23.99314
360220,39.63439,22.407551
360221,39.633996,22.409302
60231,37.965074,23.745092
66213,38.03388,23.742585
66214,38.035141,23.741257
66292,38.030004,23.752405
66215,38.036044,23.741786
10409,38.225642,21.759723
64415,37.985587,23.762066
120321,41.501716,26.531983
67056,37.989023,24.008621
440173,40.272257,22.504964
66230,38.041197,23.73892
450100,38.981257,20.773645
66232,38.041644,23.738045
440141,40.263981,22.506572
440142,40.265921,22.505137
440143,40.265195,22.503333
440144,40.268975,22.501751
440145,40.263807,22.497318
230106,40.626057,22.077463
230107,40.627432,22.068504
230108,40.629356,22.068451
64828,38.009227,23.706762
64829,38.008683,23.709068
64830,38.009336,23.706557
65004,38.014101,23.698206
260161,40.926546,24.383165
260162,40.925383,24.387212
260163,40.924473,24.38921
260164,40.923847,24.388977
66216,38.02797,23.729053
66217,38.028997,23.729781
150351,38.901441,22.431399
150353,38.891602,22.420386
64405,37.980021,23.75728
66251,38.028429,23.747044
310095,40.994113,22.884162
66286,38.03063,23.749112
66285,38.029919,23.748085
66233,38.041774,23.740731
66283,38.030998,23.74562
66282,38.027382,23.750685
360253,39.623991,22.403258
60286,37.979561,23.726586
230109,40.62906,22.068325
230110,40.626473,22.068487
230111,40.624891,22.0711
230114,40.626369,22.069863
230115,40.623648,22.071606
360256,39.62527,22.400716
360257,39.630483,22.409969
200243,35.513041,24.027002
260165,40.938201,24.393633
260166,40.939047,24.394613
260167,40.939182,24.39237
260168,40.935751,24.394378
60296,38.04198,23.541069
66226,38.039583,23.737989
66276,38.029205,23.744832
64758,38.015572,23.707919
10374,38.191114,21.724462
420178,37.963488,23.631012
10425,38.234069,21.75439
10426,38.234988,21.75578
10428,38.236755,21.765834
67692,37.986372,23.727417
90950,40.633778,22.944027
67693,37.986538,23.729113
60256,38.031404,23.709343
60286,37.979561,23.726586
200236,35.515115,24.02558
200238,35.514055,24.02745
440162,40.270501,22.493837
440163,40.272557,22.490282
440164,40.268553,22.495665
360258,39.623315,22.400089
360259,39.624412,22.398918
360260,39.622268,22.397574
360261,39.624264,22.398127
360262,39.625716,22.397902
370075,35.322836,25.693013
380169,39.098799,26.551954
380170,39.09668,26.55106
60296,38.04198,23.541069
60231,37.965074,23.745092
420132,37.963223,23.626148
66970,37.730342,23.945223
200235,35.515848,24.02511
66969,37.718155,23.95761
66966,37.72285,23.959093
67694,37.986982,23.728858
440131,40.271487,22.505453
64413,37.982836,23.757492
60286,37.979561,23.726586
360222,39.633622,22.410484
360223,39.634046,22.411277
200223,35.508917,24.042472
440165,40.265842,22.500459
440166,40.264284,22.496088
440167,40.271917,22.49277
110511,36.411172,28.119536
90647,40.599732,22.973599
440174,40.277131,22.498914
440212,40.273507,22.505946
440175,40.274027,22.498709
380171,39.096071,26.55531
380177,39.097011,26.548608
380172,39.099734,26.55119
66740,37.811799,23.971847
110299,36.064772,27.985192
440146,40.268295,22.500535
440147,40.267215,22.497367
440148,40.268422,22.498195
40289,37.523163,22.379068
40287,37.519203,22.382342
40290,37.520806,22.379011
63780,38.137835,23.85127
40282,37.540566,22.375049
40283,37.529876,22.383513
40288,37.522432,22.391867
360101,39.636192,22.421966
62809,37.930229,23.734358
62812,37.928225,23.739074
20062,38.474196,21.41553
62817,37.9355,23.749407
62722,37.926912,23.758996
62726,37.92656,23.756115
62728,37.923822,23.75352
64133,37.94202,23.723603
64134,37.943074,23.726738
64135,37.949437,23.720313
64140,37.945956,23.722373
64146,37.943387,23.726184
64147,37.942244,23.72593
64217,37.9512,23.663433
63725,38.013669,23.856153
440058,40.270983,22.511121
63738,38.010785,23.857579
63755,38.008217,23.856822
63760,38.008581,23.855365
63765,38.007865,23.859908
110273,36.425437,28.226842
62293,37.930642,23.690064
62327,37.932123,23.70046
62303,37.928004,23.691004
62313,37.923745,23.69479
90100,40.639976,22.934314
110102,36.153275,27.932554
240225,35.318012,25.099151
240241,35.322738,25.100793
240243,35.320836,25.102164
60274,38.053916,23.806541
60874,38.051247,23.740974
63126,38.006625,23.831124
300037,39.789336,19.815434
90084,40.962418,23.204711
63121,38.010298,23.835406
110283,36.41217,28.167792
10365,38.0079,21.913755
40026,37.807336,22.202995
10073,37.853934,22.116223
220172,37.720916,21.656552
63085,38.021411,23.844373
400064,39.163847,23.487525
90662,40.601678,22.981163
130097,38.676872,23.78178
90686,40.598257,22.960213
90664,40.5983,22.981234
60265,37.964965,23.650302
90685,40.596765,22.959468
64956,38.018495,23.67561
63958,37.814163,23.79938
63959,37.811921,23.799431
90533,40.59247,23.035846
90540,40.588587,23.034153
90541,40.581077,23.021584
90542,40.579454,23.023529
90543,40.581602,23.018375
10355,38.220896,21.739509
10358,38.234396,21.73088
10359,38.218293,21.736873
110284,36.417805,28.176083
63423,38.093773,23.798617
110285,36.418194,28.17644
110288,36.407464,28.173435
63886,37.831201,23.80252
62917,38.003513,23.793447
63007,38.003688,23.789808
420073,37.97437,23.476804
63887,37.833584,23.818959
63894,37.835594,23.806203
240223,35.328486,25.16346
64988,38.019094,23.678415
64964,38.016164,23.67357
64986,38.02086,23.675359
64974,38.015788,23.678789
64967,38.015335,23.684546
64973,38.016499,23.681141
64969,38.013038,23.682439
64965,38.017102,23.671158
66081,37.935016,23.731617
63380,38.080224,23.805051
63343,38.090838,23.832531
240054,35.306684,25.084931
63111,38.031686,23.841418
62897,37.990888,23.801165
62927,38.012924,23.783574
62732,37.921177,23.753295
60254,37.94642,23.738443
63305,38.096188,23.809633
63285,38.090862,23.815863
63009,38.005211,23.79153
110179,36.450091,28.222448
62976,38.007261,23.793842
190158,40.325903,23.267839
300014,39.619755,19.919074
10013,37.859531,21.926126
61768,38.047603,23.795062
310083,40.950765,22.498203
480088,37.663037,26.881058
30116,37.679349,22.624562
63729,38.008883,23.860766
66857,38.010965,23.738154
66888,38.013371,23.734479
66889,38.012906,23.732681
66841,38.020649,23.737531
66842,38.023341,23.737758
66890,38.01034,23.730553
66843,38.022386,23.738756
66891,38.011228,23.732084
20519,38.621654,21.414834
170021,38.361264,22.227607
64014,37.931487,23.712194
60300,37.831632,23.864347
64028,37.945337,23.710659
60267,38.295631,23.902158
64041,37.94554,23.707039
64043,37.946346,23.707625
300074,39.635227,19.875976
64276,37.952949,23.658426
64279,37.949866,23.658143
410107,36.91213,21.695455
63987,37.935622,23.714192
63991,37.932532,23.711847
450036,39.28504,20.400957
90566,40.648412,22.814215
63731,38.009835,23.860983
63737,38.010058,23.863456
63758,38.006527,23.863503
63767,38.006779,23.864224
63795,38.139572,23.853559
63803,38.139401,23.848945
63804,38.139525,23.84633
63091,38.019304,23.841372
130239,38.623864,23.500269
90206,40.633778,22.944027
62400,38.104406,23.889318
62401,38.103591,23.892098
62403,38.096851,23.881062
62405,38.101867,23.883377
260128,40.926656,24.376696
61782,38.045592,23.741554
300075,39.631612,19.882864
110224,36.29236,28.161642
410136,37.250576,21.668968
90544,40.583609,23.015147
110287,36.410144,28.174104
10340,38.216009,21.735928
10343,38.234396,21.73088
40258,37.189835,22.903845
150179,38.949858,22.909107
90474,40.552325,23.023708
63287,38.090729,23.81757
63289,38.088539,23.8164
63158,38.01344,23.821688
63049,38.01674,23.828395
63050,38.016048,23.830962
63156,38.015545,23.825754
63077,38.017886,23.845209
62441,38.077309,23.830106
63895,37.833507,23.801216
220200,37.587793,21.586171
220207,37.586352,21.589932
220202,37.588261,21.563763
80016,39.670726,20.430741
60123,37.997205,23.796123
63782,38.135559,23.855122
90547,40.577948,23.011747
130176,38.809016,23.230753
90553,40.591232,23.034151
90554,40.591719,23.032996
130259,38.573965,24.113118
80054,39.407152,20.242735
410057,37.120196,21.786923
60265,37.964965,23.650302
350089,37.074908,22.430664
110018,36.219286,28.115413
63333,38.098857,23.823209
240168,35.345615,25.033817
62925,38.013069,23.782109
63896,37.838762,23.802686
63903,37.840243,23.817963
70003,38.392817,22.927078
63928,37.835748,23.825079
500144,39.608426,21.982536
320064,38.029728,22.949532
63941,37.820486,23.794674
10290,38.068619,21.653194
63784,38.142421,23.857642
63789,38.14071,23.85801
63808,38.141472,23.859399
63809,38.138558,23.857639
63785,38.14018,23.859773
63787,38.139569,23.86263
63812,38.136081,23.864707
10109,38.143334,21.553352
63299,38.094041,23.81326
360074,39.737615,22.286221
63303,38.094963,23.812185
30132,37.565198,22.801926
420046,37.945997,23.646649
62952,38.016203,23.788245
60278,38.110884,23.842257
60293,38.005789,23.876095
60201,38.012936,23.659206
62932,38.014483,23.787416
360153,39.629844,22.453876
64009,37.936291,23.714529
60324,38.029749,23.906318
130067,38.392817,23.794139
170004,38.527876,22.378299
500125,39.453221,21.490432
220164,37.411921,21.671923
63805,38.143101,23.850412
60727,37.94642,23.738443
150026,38.790853,22.411834
150061,38.948765,22.513508
150085,38.738973,22.402213
370104,35.074902,26.045937
190114,40.380738,23.925994
230022,40.520346,22.395233
62466,38.071353,23.822009
62469,38.072306,23.823627
180140,40.073642,21.418157
70057,38.389202,22.653725
40068,37.166953,22.861989
64086,37.953818,23.714982
64090,37.947823,23.711082
64092,37.95031,23.710048
64100,37.950255,23.71782
64109,37.950985,23.718481
500170,39.458632,21.619761
290068,38.250832,20.647654
340277,37.020549,25.111582
90072,40.633778,22.944027
64176,37.930003,23.724143
63347,38.082995,23.809523
20175,38.600283,21.79074
63806,38.140808,23.85253
20261,38.687882,21.864974
63786,38.145966,23.857855
63788,38.145631,23.859905
62439,38.07847,23.830059
180141,40.084763,21.425523
61760,38.026017,23.682029
60263,37.972506,23.647313
90688,40.599586,22.960971
90660,40.602593,22.974908
90661,40.598971,22.975992
420080,37.963323,23.61963
80102,39.523194,20.250868
80104,39.524068,20.255491
60873,38.05203,23.741334
61780,38.044308,23.739174
61789,38.044534,23.742522
61790,38.044888,23.743033
440043,39.992326,22.623917
63396,38.083812,23.790895
63292,38.094044,23.817698
63301,38.093359,23.815474
63302,38.094557,23.816496
63311,38.095685,23.817367
63312,38.098464,23.818514
62509,38.073965,23.805684
63194,38.020935,23.825422
63176,38.016746,23.821392
63052,38.017201,23.830994
63070,38.018633,23.830891
63919,37.849412,23.818987
63920,37.852292,23.830399
30063,37.788252,22.436766
64996,38.017577,23.67519
64994,38.019338,23.676163
64993,38.016499,23.676226
20386,38.598371,21.1786
64992,38.014004,23.676162
64989,38.018074,23.678312
30261,37.564894,22.809738
30264,37.564725,22.810557
62507,38.076272,23.807712
62472,38.078103,23.820626
62468,38.084133,23.821611
62462,38.078124,23.817572
62432,38.076969,23.817025
62464,38.080383,23.817598
62467,38.071274,23.823516
62449,38.068223,23.815775
60202,37.961355,23.752121
63036,38.001274,23.779537
62996,38.006602,23.788231
62989,38.002098,23.78764
62986,38.003242,23.785025
62980,38.004875,23.78525
60407,38.152022,24.046328
60408,38.15732,24.052453
360071,39.759193,22.579192
60409,38.152603,24.057391
60343,38.045126,23.804014
410202,36.810365,21.864044
10360,38.15776,21.489932
62821,38.088237,23.808159
30265,37.563599,22.808524
30266,37.567385,22.809561
30267,37.570156,22.814367
30268,37.563786,22.814675
30270,37.569209,22.817552
30271,37.571804,22.817982
66552,37.983303,23.729332
66553,37.982774,23.729555
20501,38.627217,21.416987
410212,37.024033,22.146368
410211,37.0268,22.142595
410208,37.05252,22.10448
63374,38.085427,23.802323
63346,38.088012,23.816204
63349,38.083526,23.813256
63325,38.090868,23.826006
90107,40.658852,22.992553
63627,38.002891,23.816985
150028,38.974367,22.453357
80025,39.312801,20.485817
400173,39.175521,23.246916
490104,41.236163,23.391612
490105,40.982048,23.869243
200180,35.51458,24.03117
200181,35.514633,24.032838
240169,35.224065,25.462115
200183,35.514575,24.03392
200184,35.513688,24.035136
150166,38.629292,22.762952
40286,37.51933,22.376958
60314,37.665177,23.986962
20509,38.63276,21.413943
20510,38.63468,21.409781
20511,38.636035,21.410496
91025,40.602507,22.955367
20512,38.636374,21.413246
20513,38.633364,21.416767
20514,38.634026,21.417742
90687,40.599561,22.960298
64114,37.948121,23.720137
64115,37.948616,23.721429
64128,37.943248,23.722377
64129,37.943612,23.723772
64131,37.94532,23.724372
64132,37.942271,23.719518
240112,35.299279,25.148102
64000,37.932817,23.710477
63717,37.973894,23.85334
63722,38.011725,23.854826
63723,38.009809,23.857462
63724,38.013127,23.857766
480088,37.663037,26.881058
190179,39.968187,23.425404
63790,38.147619,23.861927
63791,38.143586,23.859712
63793,38.14433,23.862933
62262,37.928611,23.698163
62270,37.924356,23.695395
63817,38.128003,23.867568
63819,38.126048,23.870807
63821,38.125693,23.88079
500164,39.460591,21.734524
240226,35.321492,25.102981
240087,35.232912,25.467563
63944,37.816876,23.795482
320034,37.875676,22.770786
110280,36.409924,28.154175
110281,36.410214,28.157441
90109,40.615029,22.956364
270008,39.396418,21.693302
90099,40.635633,22.954865
370077,35.257747,25.727889
63335,38.100559,23.819189
90436,40.543983,23.019068
90437,40.545688,23.019486
90441,40.545825,23.022825
90445,40.550167,23.01919
250225,39.723116,21.062614
62978,38.004925,23.784164
62280,37.927499,23.690671
140037,38.915217,21.793509
230038,40.523205,22.203688
330114,40.317011,21.549689
480047,37.692431,26.587281
260140,40.933589,24.384475
440072,40.004306,22.591387
300037,39.789336,19.815434
300039,39.43768,19.971926
63947,37.815068,23.800561
63948,37.816429,23.801149
350032,36.993742,22.703253
63949,37.813345,23.798488
180010,40.007223,21.124937
65702,37.952516,23.685598
420008,37.747941,23.429644
63315,38.092632,23.818855
60199,37.989594,23.665008
10350,38.213072,21.744438
63038,37.999213,23.772443
63035,37.999202,23.775983
63034,38.000194,23.773223
62947,38.002716,23.786592
340196,36.354824,25.444209
60193,38.008248,23.698936
260141,40.930672,24.382303
260142,40.932204,24.382476
260144,40.928794,24.383791
200185,35.51354,24.038268
60263,37.972506,23.647313
63288,38.091439,23.816329
60118,37.953297,23.854004
63367,38.084207,23.828649
63306,38.095663,23.811036
63389,38.078063,23.799759
63384,38.078115,23.804324
410210,37.052935,22.102842
62987,38.008616,23.78353
62962,38.004877,23.790444
20068,38.695839,21.18693
63308,38.097569,23.810131
63307,38.097488,23.812203
20231,38.919259,20.889948
350233,37.206721,22.321655
80094,39.327161,20.604933
230062,40.466829,22.166767
470098,41.06943,25.621719
310081,40.856052,22.841916
90100,40.639976,22.934314
20375,38.411489,21.25965
190127,40.286921,23.343617
200189,35.512581,24.041196
220201,37.594059,21.550624
260126,40.923263,24.38067
350215,36.805685,22.915843
150154,39.089466,22.155838
63794,38.146972,23.865231
340335,36.431789,25.424926
430004,40.972584,22.058679
10463,37.889331,21.672329
60113,37.99365,23.731034
66313,37.928414,23.744068
61748,37.932803,23.744901
66312,37.927345,23.743773
490167,41.086022,23.542366
490306,41.093426,23.642583
490307,41.093118,23.641051
490169,41.086296,23.541876
490170,41.08587,23.539599
490172,41.083747,23.540299
490175,41.086077,23.53442
290099,38.177861,20.487443
350230,37.074908,22.430664
90271,40.571926,22.959793
90262,40.568208,22.962175
90255,40.566686,22.963688
130255,38.425804,23.670474
90256,40.565703,22.963007
40256,37.452821,22.096124
62418,38.108998,23.867857
62419,38.103483,23.86724
38114,39.279897,26.377166
62411,38.100108,23.87215
62487,38.071138,23.807534
90523,40.58452,22.967853
200065,35.289466,23.786364
66297,37.930024,23.751671
66302,37.928706,23.754267
66311,37.928186,23.745336
66304,37.931315,23.753973
66305,37.923669,23.751669
66310,37.933095,23.747022
66309,37.923838,23.749032
90791,40.59112,22.952566
90792,40.592136,22.950886
62977,38.006442,23.783167
62979,38.007062,23.797541
63381,38.08038,23.80277
63354,38.08147,23.810845
62975,38.011304,23.800606
150214,38.892477,22.410931
90433,40.720618,22.907821
460107,35.363149,24.444428
460109,35.364651,24.441277
460108,35.362406,24.438292
110179,36.450091,28.222448
130001,38.41304,24.193212
490231,41.088696,23.555173
63687,37.989043,23.854073
63688,37.988172,23.856591
63690,37.987395,23.861196
63693,37.984213,23.851341
63694,37.986991,23.85746
63695,37.984791,23.855021
63696,37.987616,23.85828
420170,37.955678,23.636418
420169,37.955153,23.636148
420168,37.962372,23.6376
420167,37.959092,23.631042
420166,37.960801,23.633842
61609,38.024028,23.67051
61611,38.025037,23.673159
90467,40.548167,23.012597
60287,37.980569,23.736412
90439,40.546878,23.018754
90469,40.548861,23.02348
190134,40.038021,23.361164
10347,38.219342,21.742877
40089,37.285499,22.208519
250188,39.716341,20.792058
260006,40.984748,24.702271
260091,40.937601,24.408921
440060,40.270983,22.511121
40083,37.539609,21.963639
62923,38.007192,23.769092
62450,38.084513,23.820156
62452,38.084879,23.818528
62454,38.08395,23.818296
62461,38.066818,23.821003
62471,38.071905,23.826807
62474,38.08213,23.823174
62489,38.068261,23.805597
62490,38.068886,23.808297
61757,38.02667,23.682165
60062,37.945932,23.693435
61762,38.027844,23.677541
62047,38.114156,23.853061
90801,40.591687,22.94832
90822,40.58692,22.943638
200110,35.533339,24.076951
60062,37.945932,23.693435
63066,38.01947,23.843748
100078,41.131879,24.209659
63062,38.020705,23.837059
62604,38.017643,23.804467
490177,41.08367,23.533475
64113,37.946961,23.719359
250303,39.567163,20.865853
64116,37.950875,23.72023
64124,37.944928,23.721914
64126,37.944592,23.718755
360192,39.671266,22.449989
64130,37.943222,23.725228
150069,38.620571,23.232959
64029,37.945663,23.704931
64030,37.94216,23.712783
64032,37.940074,23.711551
64034,37.946249,23.710992
64036,37.946843,23.708512
90517,40.579859,22.958086
90802,40.591093,22.949484
90821,40.588051,22.94474
90820,40.587963,22.945089
90803,40.590208,22.948213
90819,40.588879,22.945006
60017,37.964376,23.725013
490149,41.07955,23.555411
490154,41.084402,23.54406
490158,41.083215,23.543718
490160,41.078933,23.548814
20138,38.368997,21.431419
340127,37.103607,25.375428
380125,39.089892,26.562853
350234,37.074908,22.430664
90261,40.567512,22.963749
420053,37.906926,23.417208
120033,41.501716,26.531983
190020,40.240536,23.284456
90260,40.568486,22.9576
90493,40.584026,22.951852
62271,37.926973,23.699784
63079,38.022325,23.832123
90452,40.549741,23.046755
90456,40.524626,23.051554
90458,40.523678,23.053082
63697,37.983079,23.856444
60331,38.23965,23.79669
90793,40.592755,22.950165
90794,40.588859,22.952767
90795,40.590852,22.950312
64492,38.043471,23.795064
250056,39.652178,20.842256
380139,39.095646,26.553047
63540,38.051455,23.778487
63547,38.045977,23.775492
90421,40.712333,22.928729
90423,40.710465,22.92916
50026,39.457372,21.03802
110097,36.892389,27.290065
60212,38.053502,23.767037
490238,41.087712,23.561154
490243,41.099385,23.580342
490258,41.087417,23.551381
490262,41.085574,23.556604
62240,38.066599,23.791802
350100,36.829105,22.576092
63698,37.981962,23.856545
63699,37.981728,23.858768
63700,37.983731,23.86027
63701,37.981309,23.851743
63703,37.986123,23.860718
62491,38.06814,23.806844
62494,38.070656,23.80441
60097,37.994297,23.346995
140008,39.137353,21.649472
300006,39.87896,19.578735
410123,36.887344,22.231353
65055,37.972931,23.74239
60113,37.99365,23.731034
90110,40.730702,22.917343
63434,38.092058,23.790687
63435,38.093789,23.791716
470067,41.10417,25.763785
40073,37.393938,22.016375
63363,38.087235,23.828473
63313,38.099241,23.81095
63008,38.0022,23.790154
63010,38.005903,23.793576
63021,37.997966,23.771001
63031,37.996771,23.770869
63043,37.997149,23.775544
90440,40.547152,23.019042
90450,40.549451,23.048888
60150,37.747546,23.908209
62498,38.071106,23.799575
62504,38.070347,23.798968
62506,38.075353,23.807583
62511,38.076831,23.804248
63123,38.01138,23.833316
64037,37.94513,23.711171
340222,36.462051,25.373803
60113,37.99365,23.731034
220007,37.795263,21.349432
360099,39.825919,22.309234
50155,39.04257,21.139029
50031,39.065999,20.958331
50043,39.01534,20.917332
340161,37.444931,24.943758
110291,36.358046,28.210378
340122,37.449801,25.33006
60290,37.961524,23.74683
64250,37.966622,23.684375
64252,37.956873,23.667178
90546,40.577849,23.018704
90548,40.580216,23.010331
90551,40.575712,23.025982
90555,40.591501,23.027937
90556,40.591546,23.019701
360004,39.719308,22.757545
10100,38.031554,22.111821
64039,37.944376,23.708169
64040,37.943839,23.708835
64042,37.945367,23.70699
90459,40.524226,23.055396
60264,37.957945,23.731942
120082,40.944995,26.311037
90729,40.679202,22.938465
90723,40.681755,22.940138
90730,40.67766,22.937857
90731,40.679331,22.93488
250007,39.544125,20.633939
250318,39.523086,21.10204
260153,41.0396,24.613574
64486,38.039223,23.799328
10109,38.143334,21.553352
350036,36.760664,22.56516
60027,38.023176,23.802156
68141,38.021101,23.749798
90092,40.465349,22.860726
450049,39.327841,20.736614
340171,37.539835,25.162117
350236,37.078401,22.358376
90259,40.567243,22.957948
90264,40.569065,22.96058
90269,40.570465,22.95828
90267,40.569949,22.956621
330041,40.194547,21.23445
430030,40.76783,22.153381
110185,37.036365,26.954681
360151,39.680919,22.826238
320049,38.126579,22.505393
150030,38.804919,22.383134
360088,39.630483,22.409969
63704,37.975079,23.854018
60195,37.97626,23.710291
320043,37.938625,22.930735
420173,37.954816,23.638218
420176,37.957277,23.63769
420175,37.955911,23.638444
420174,37.955492,23.638772
70074,38.321362,23.317261
160080,40.788102,21.079394
160046,40.743934,21.011186
160081,40.829948,21.030356
160082,40.776213,21.038801
62147,38.04696,23.811626
460093,35.364456,24.509942
410023,37.354879,21.872387
62813,37.930178,23.731891
62814,37.926168,23.73598
110290,36.374745,28.197746
210022,38.514677,26.218044
63553,38.046505,23.781121
63555,38.046854,23.783023
320063,37.937308,22.840894
500094,39.794383,21.32946
290045,38.199998,20.437267
30065,37.665309,22.676321
10217,37.88575,22.156472
230004,40.397734,22.192183
230074,40.474102,22.245498
370119,35.13914,25.899696
90022,40.558248,22.987884
62299,37.927616,23.691944
210006,38.371315,26.136303
420114,37.945997,23.646649
250095,39.690913,20.888768
340349,37.442126,25.328281
340347,37.443392,25.32833
340346,37.444545,25.33132
340345,37.444815,25.334029
90796,40.588346,22.955148
63438,38.09859,23.799396
63437,38.09591,23.793345
63430,38.098067,23.805316
63427,38.092195,23.795433
63420,38.091875,23.796536
63410,38.09629,23.801891
380143,39.042512,26.270483
63414,38.095979,23.800611
490148,41.080499,23.553241
490168,41.084666,23.541386
490178,41.081529,23.53687
490150,41.079323,23.559102
490157,41.0816,23.547104
200032,35.493425,23.657297
90265,40.569788,22.960113
130088,38.015022,24.420561
490081,41.274635,23.292851
280075,40.610739,21.346922
150032,38.767212,22.45417
62321,37.929298,23.690789
150056,38.771232,22.375486
62312,37.931847,23.689601
64045,37.940593,23.710482
90797,40.587137,22.954859
90798,40.587015,22.95312
90799,40.588074,22.95271
90800,40.590459,22.95033
90823,40.586832,22.944239
61603,38.023158,23.674504
250312,39.596052,20.572677
260010,41.0396,24.613574
50013,39.162147,20.985769
250086,40.048305,20.752019
400071,39.462752,22.744265
90558,40.587988,23.019517
63916,37.839703,23.820424
63524,38.072351,23.787995
63912,37.833715,23.815581
64309,37.9621,23.69067
90535,40.589942,23.039471
64320,37.959718,23.672307
64015,37.942276,23.71352
64016,37.944268,23.711951
64019,37.946514,23.710033
150017,38.654974,22.998397
480086,37.801332,26.802534
110198,36.421828,27.380099
64047,37.937126,23.710106
90589,40.641789,22.859226
420070,37.963323,23.61963
63448,38.098949,23.793971
62890,38.010178,23.815113
260009,41.0396,24.613574
260031,41.0396,24.613574
260027,41.0396,24.613574
60017,37.964376,23.725013
60017,37.964376,23.725013
420172,37.954003,23.638432
420171,37.956534,23.635204
220030,37.55075,21.819663
250242,39.807703,20.661472
320095,37.865497,22.380725
90037,40.748454,23.069701
190028,40.37895,23.440378
60297,37.844169,23.927833
310030,40.997812,22.570212
62815,37.930045,23.737793
70159,38.440906,22.871462
70160,38.442122,22.865137
90164,40.80535,22.909223
62414,38.106995,23.867742
62415,38.106106,23.865119
62416,38.103665,23.864507
62417,38.106413,23.865171
62846,38.011279,23.810683
62886,38.009994,23.808141
62876,38.003821,23.805816
62845,38.010475,23.812737
380004,39.080086,26.37112
66150,37.941866,23.735182
66148,37.942964,23.73536
50158,39.450369,21.063169
63468,38.060714,23.77109
63473,38.061726,23.771351
340132,37.085997,25.149012
63476,38.06329,23.770469
63480,38.062451,23.773436
63482,38.060936,23.777036
62816,37.924638,23.737809
490236,41.09081,23.558037
490232,41.093221,23.554783
460102,35.366033,24.516615
350217,36.844267,22.606865
460103,35.362228,24.443389
50070,39.360376,21.096808
260103,40.641323,24.513998
410012,37.335835,21.850779
63592,38.061344,23.762263
63685,37.986282,23.850945
230036,40.454747,22.37385
90539,40.589173,23.037119
63686,37.987006,23.854034
110177,36.9326,27.131258
90081,40.573818,23.285311
60136,37.963987,23.571556
66314,37.931828,23.747807
61746,37.931362,23.745833
60199,37.989594,23.665008
200032,35.493425,23.657297
90447,40.551595,23.018273
90448,40.551687,23.013426
90466,40.545503,23.019232
90470,40.549002,23.023697
60014,37.994463,23.674592
40123,37.458733,22.195054
40106,37.383984,22.195342
40225,37.466459,21.962414
10281,37.991742,22.139386
160084,40.813682,21.132104
60113,37.99365,23.731034
110097,36.892389,27.290065
340008,37.624115,24.320658
90257,40.566294,22.961796
340132,37.085997,25.149012
440006,40.270983,22.511121
490299,41.088396,23.540749
62663,38.028804,23.795467
62440,38.078335,23.832565
90834,40.583617,22.946232
330115,40.497418,21.84996
300161,39.598764,19.921501
300154,39.607473,19.92282
60287,37.980569,23.736412
62444,38.078409,23.836929
62458,38.080747,23.814592
62459,38.068945,23.821092
62460,38.081777,23.81776
62470,38.081317,23.819798
62476,38.081885,23.821805
62477,38.066556,23.827712
330037,40.321452,21.175101
340285,37.42973,25.318693
500051,39.850308,21.725499
30127,37.616009,22.770401
410218,37.031549,22.133948
410226,37.026785,22.130655
410227,37.027542,22.127841
60316,38.335955,23.723965
400133,39.121846,23.727269
64024,37.940024,23.712095
70128,38.48023,22.584847
64025,37.938442,23.712319
70099,38.213263,23.321478
64027,37.939408,23.709356
60276,38.016111,23.736109
60276,38.016111,23.736109
400007,39.180307,22.761365
110458,36.858091,27.1658
340324,36.361585,25.372873
66499,37.966516,23.764372
66500,37.966021,23.764337
66502,37.966242,23.765962
340551,37.454826,25.436368
90854,40.595835,22.956262
65900,38.07191,23.812324
420199,37.947438,23.627603
420200,37.946113,23.627336
410262,37.735458,21.993023
430013,40.79592,22.415238
420198,37.94627,23.62301
100160,41.342672,23.865755
460144,35.226932,24.651385
360005,39.419278,22.617688
230082,40.631354,22.130108
460214,35.318859,24.8228
430157,40.773148,22.426253
67359,38.04999,23.534674
67360,38.044811,23.539138
67361,38.051321,23.533875
67362,38.051786,23.535829
150248,38.900142,22.438158
67364,38.052812,23.535278
67210,37.903222,23.869816
520083,37.784168,20.89647
66337,37.995612,23.689498
66339,37.997131,23.689135
66340,37.996534,23.69054
190196,39.959893,23.505803
60210,38.011598,23.826201
190197,39.965605,23.482675
430121,40.793245,22.421547
420201,37.946587,23.627661
240292,35.106632,25.067929
310121,41.165153,22.80248
240293,35.260469,25.008115
460217,35.343773,24.600915
220280,37.677605,21.4429
10631,38.245313,22.102052
10632,38.245408,22.102608
10634,38.241084,22.08491
10635,38.236964,22.083612
10636,38.234596,22.098945
430158,40.794578,22.41311
490111,40.883465,23.616598
430159,40.796459,22.409121
430161,40.792887,22.410764
430162,40.798561,22.410743
430163,40.79507,22.4098
490318,40.883465,23.616598
430165,40.792656,22.409421
190072,40.016597,23.522959
90100,40.639976,22.934314
110652,36.314986,28.188106
90097,40.647624,22.946779
60118,37.953297,23.854004
60293,38.005789,23.876095
10833,38.158472,22.342887
500308,39.553358,21.766682
430122,40.792259,22.419663
430124,40.792653,22.415135
60281,37.866011,23.746916
340546,37.433526,25.404107
340547,37.424074,25.390506
66794,37.790453,23.899782
10637,38.248253,22.081839
10638,38.249926,22.076461
10639,38.251338,22.07913
350212,36.528173,22.984903
60392,38.094973,23.590912
60393,38.094142,23.561359
60079,37.972769,23.221518
420082,38.001282,23.644619
230063,40.608066,22.372741
250363,39.999185,20.886989
250382,39.898895,20.398567
250367,39.548674,21.011355
250454,39.548674,21.011355
10724,38.109097,21.782148
10718,38.057718,21.751309
10716,38.057718,21.751309
340078,37.625426,25.049175
70183,38.327086,23.319877
67704,37.981681,23.725488
70192,38.316286,23.317879
520085,37.781953,20.895495
70194,38.31619,23.320544
520087,37.780534,20.895196
70195,38.319552,23.325242
520088,37.785222,20.898074
67353,38.049093,23.540212
60368,38.212986,23.555561
320178,37.935988,22.93226
420374,37.75821,23.455695
420375,37.760893,23.443792
200206,35.490033,24.053277
90789,40.587917,22.957845
90836,40.594259,22.955943
90837,40.592794,22.953713
420083,37.998592,23.643486
420084,37.997063,23.642008
66505,37.966643,23.76728
66508,37.966572,23.769073
500309,39.553995,21.765458
500312,39.554357,21.762845
500240,39.552888,21.766224
67287,37.709313,24.051415
67703,37.982133,23.726362
520084,37.783657,20.89686
70193,38.315447,23.318414
67705,37.981683,23.726039
67706,37.981258,23.726374
70200,38.312153,23.322529
67708,37.981148,23.727094
460215,35.370711,24.702183
440123,40.268091,22.520268
90846,40.597871,22.953521
67356,38.048611,23.53406
400128,39.327245,22.923281
40253,37.244403,22.853874
200350,35.20201,24.22915
410311,37.225321,21.967886
410306,37.298981,21.698676
90838,40.593357,22.953693
90839,40.593387,22.951851
90840,40.593806,22.951303
66341,37.99724,23.686896
66342,37.998084,23.687482
66343,37.998746,23.688277
66344,37.992809,23.689137
500320,39.553507,21.762581
500324,39.552725,21.762099
65749,37.949821,23.693188
460136,35.157896,24.7358
420205,37.945502,23.625038
420206,37.945856,23.62152
420207,37.944263,23.623061
420208,37.946085,23.62874
70184,38.327327,23.318521
70185,38.322124,23.325165
70191,38.325626,23.331324
65183,37.694848,24.054991
340443,37.098957,25.378511
430094,40.925691,22.014566
67672,37.967164,23.731986
130455,38.468799,23.586818
430166,40.791659,22.40301
60210,38.011598,23.826201
90107,40.658852,22.992553
420045,37.349025,23.465561
60195,37.97626,23.710291
60276,38.016111,23.736109
350398,36.666067,22.383709
66345,37.994064,23.690528
67661,38.007786,23.667027
360045,40.125518,22.157592
430125,40.792453,22.412536
430126,40.791614,22.412549
430127,40.792168,22.411283
70213,38.440737,22.891643
65756,37.949654,23.68863
100162,41.397062,24.010768
460212,35.343919,24.786052
10640,38.248028,22.079993
10641,38.247522,22.079904
10642,38.245947,22.079871
10644,38.251167,22.076506
10646,38.24672,22.076975
10647,38.248556,22.073906
10648,38.249685,22.073482
10650,38.251163,22.078028
430091,40.941958,21.974464
430167,40.796823,22.404746
430168,40.797929,22.417561
430169,40.79592,22.415238
470242,41.11727,25.403166
410030,37.242759,22.001249
430172,40.800614,22.420053
430173,40.801241,22.422138
62045,38.120254,23.862802
62046,38.119725,23.860345
120292,41.668292,26.354576
350381,36.666067,22.383709
350395,36.666067,22.383709
350399,36.666067,22.383709
350408,36.760664,22.56516
350414,36.687834,22.495803
450052,39.254724,20.786539
20422,38.370546,21.423941
20424,38.365099,21.427173
20428,38.372914,21.429601
430130,40.79592,22.415238
430132,40.790365,22.412087
40368,37.507245,22.369298
40369,37.505077,22.367859
420376,37.760768,23.460299
420377,37.764035,23.441306
420378,37.765668,23.468535
67852,37.782815,24.075352
360382,39.614552,22.535149
10651,38.249557,22.074745
10652,38.250591,22.07321
480085,37.676632,26.348554
90095,40.66709,22.896365
90095,40.66709,22.896365
90095,40.66709,22.896365
350337,36.48251,22.40002
420402,37.963323,23.61963
250437,39.523086,21.10204
90777,40.744125,23.035715
250433,39.410604,20.697981
60198,37.927925,23.749884
91166,40.752673,23.06846
260278,40.950067,24.183767
390050,38.829267,20.703683
20429,38.376913,21.429466
20430,38.380325,21.433923
20431,38.378811,21.427757
120009,41.128584,26.225711
410031,37.343586,21.978461
350390,36.666067,22.383709
350391,36.666067,22.383709
350392,36.666067,22.383709
350413,36.687834,22.495803
60253,38.010207,23.723574
60281,37.866011,23.746916
130059,38.462286,23.594232
91294,40.628857,22.947763
91295,40.628689,22.946642
50172,39.159334,20.991292
91317,40.63753,22.942476
91320,40.636819,22.940236
67662,38.008123,23.665321
500330,39.550096,21.764398
500331,39.550399,21.763395
500333,39.551116,21.761117
270287,39.361293,21.913559
270288,39.358438,21.915514
270289,39.359331,21.912641
270290,39.360231,21.909892
390052,38.827371,20.701298
390054,38.825687,20.703132
440218,40.279656,22.501662
440184,40.275396,22.499553
340440,37.100885,25.380605
340441,37.100557,25.379239
70249,38.438502,22.87225
70250,38.439089,22.872525
60034,38.045126,23.804014
10687,38.158472,22.342887
350393,36.666067,22.383709
350404,36.666067,22.383709
66844,38.019844,23.741734
350420,36.760664,22.56516
66944,38.018456,23.732682
40457,37.416246,22.765965
10605,38.248258,22.089162
10607,38.251046,22.091941
10608,38.247209,22.087783
10609,38.249454,22.090914
50173,39.159058,20.992444
50174,39.160178,20.994074
66470,37.973494,23.753627
200062,35.380046,23.857928
67749,37.941726,23.696741
67750,37.941831,23.697923
67751,37.942257,23.698872
67752,37.944765,23.701577
270291,39.355683,21.915029
460211,35.342961,24.869401
460218,35.309719,24.587803
220246,37.519193,21.746413
65682,37.942064,23.688654
65683,37.942163,23.688321
65686,37.943936,23.684586
65687,37.944161,23.683591
65735,37.947564,23.696539
65736,37.94706,23.697113
65737,37.947794,23.697824
70251,38.437022,22.870161
70254,38.441484,22.874017
70256,38.439451,22.873425
70257,38.439762,22.870833
70260,38.439242,22.870532
30187,37.632188,22.735713
30188,37.635329,22.735119
90096,40.6605,22.934906
10610,38.250052,22.089521
10611,38.248874,22.092229
10612,38.248013,22.087961
10613,38.248371,22.091021
10614,38.2419,22.093554
10615,38.24104,22.087275
250203,39.657417,20.711499
90032,40.778041,22.574834
350389,36.666067,22.383709
10793,37.898823,22.124914
300038,39.747636,19.765189
380047,39.365863,26.356216
420294,37.961212,23.522425
430133,40.789777,22.412818
430134,40.790171,22.408178
430135,40.789066,22.410148
410038,37.103489,21.764692
40372,37.509292,22.369634
410059,37.209417,21.88865
65738,37.944772,23.697895
10655,38.228867,22.037987
410032,37.008856,22.237706
220281,37.677688,21.441167
220282,37.680179,21.440188
410027,37.140124,21.686019
220225,37.701298,21.436455
220283,37.683103,21.439167
220226,37.690419,21.436592
220285,37.671532,21.44475
220287,37.669237,21.442393
430176,40.802197,22.423564
90109,40.615029,22.956364
430179,40.794027,22.420334
430180,40.793442,22.411506
430181,40.799621,22.415467
430182,40.799366,22.41517
100172,41.151729,24.142985
100173,41.151559,24.143553
240291,35.077772,25.359291
10837,38.21122,22.133853
10838,38.21122,22.133853
10839,38.21122,22.133853
66330,37.997508,23.685882
120088,41.084258,26.297119
200399,35.32479,24.336992
340398,37.150271,24.508764
340399,37.142119,24.514268
340389,37.144286,24.514146
50194,39.156456,20.981552
430136,40.789057,22.409383
430137,40.789129,22.411667
60193,38.008248,23.698936
60193,38.008248,23.698936
260273,40.960996,24.147503
67663,38.009689,23.665819
220258,37.498057,21.843983
460135,35.157896,24.7358
120280,40.974448,25.793677
460142,35.162072,24.518046
310123,40.997812,22.570212
160091,40.890155,21.471428
160092,40.741491,21.440833
160094,40.856392,21.313136
160112,40.741491,21.440833
160093,40.817056,21.303883
430092,40.856148,22.045523
100176,41.148895,24.143741
100177,41.148042,24.142039
100180,41.149297,24.146295
100181,41.148425,24.145813
67357,38.048448,23.535874
90847,40.597874,22.953022
70181,38.325452,23.321138
340390,37.14142,24.514
120376,41.029793,26.295263
190195,39.954779,23.511184
120378,41.029793,26.295263
40475,37.401647,22.134388
40501,37.730723,21.960061
360362,39.293092,22.382997
360363,39.293092,22.382997
360364,39.293092,22.382997
50154,39.113646,20.8995
340166,36.419793,25.432418
480146,37.693129,26.950589
360354,39.690149,22.474081
50175,39.156775,20.992436
66472,37.973125,23.75359
66473,37.973066,23.755469
66475,37.972132,23.756188
270292,39.353538,21.909944
270293,39.351509,21.912088
430145,40.78805,22.408341
430146,40.787062,22.410925
430147,40.787462,22.406733
430149,40.785808,22.41079
430150,40.786275,22.415207
430151,40.79592,22.415238
520077,37.782749,20.896471
520080,37.779727,20.895424
520082,37.775556,20.899674
70186,38.32305,23.32688
70187,38.32443,23.324574
70188,38.326089,23.326026
70189,38.328554,23.326064
220353,37.848947,21.567102
60355,38.165979,23.417577
340544,37.436862,25.419435
340545,37.441758,25.395534
10616,38.245361,22.091586
10617,38.240668,22.08194
10675,38.249134,22.088724
10619,38.24103,22.091033
10620,38.24877,22.096297
10621,38.251302,22.091477
50176,39.157973,20.994567
66478,37.970354,23.756402
66479,37.97024,23.757662
120100,41.482936,26.281195
120101,41.431497,26.347251
350336,37.184111,22.550864
60718,38.02888,23.955666
60719,38.026029,23.959594
320292,38.077504,22.636146
66801,37.810829,23.898723
250405,39.806178,21.002102
250408,39.669623,20.590652
250409,39.875631,20.705036
250413,39.531963,20.691445
250415,39.410604,20.697981
250376,40.011731,20.558345
250416,39.480936,20.882542
250417,39.404051,20.783656
250420,39.531963,20.691445
500305,39.55526,21.766618
67194,37.889903,23.889103
67351,38.047287,23.540539
90843,40.596111,22.954381
60283,37.841691,23.765129
67195,37.909827,23.875358
180024,40.084763,21.425523
10622,38.247328,22.09883
10676,38.250353,22.078847
67757,37.974386,23.749163
10629,38.248145,22.102034
66333,37.993099,23.687864
66334,37.994604,23.687701
66335,37.995741,23.688125
66336,37.994159,23.689457
60722,38.022496,23.961543
60389,38.093582,23.62592
60385,37.773403,23.963265
430140,40.788501,22.411939
150328,38.901441,22.431399
430141,40.787982,22.411109
430143,40.78809,22.409461
350026,36.611571,22.98401
410084,37.128971,21.63697
220288,37.673381,21.444004
220289,37.670885,21.444955
67767,38.053502,23.767037
220290,37.672541,21.445274
220292,37.674405,21.446832
440197,40.266212,22.515175
67732,37.982747,23.990997
66504,37.966889,23.76732
200212,35.344441,23.905267
330184,40.331477,21.880265
60014,37.994463,23.674592
110663,36.349548,28.195402
30323,37.5657,22.806819
110664,36.354004,28.18919
110665,36.364539,28.193715
30324,37.566108,22.80751
30325,37.566088,22.808995
91433,40.728938,22.998807
67358,38.050838,23.535783
420225,37.962381,23.48657
420227,37.962094,23.47973
420228,37.964821,23.497938
100222,41.149352,24.153358
100223,41.149183,24.153771
10471,38.304998,21.794166
10481,38.289935,21.769715
10495,38.227206,21.734703
10496,38.234243,21.738099
10497,38.233761,21.739616
10498,38.233591,21.74103
110243,36.76216,27.100234
220228,37.689327,21.460029
220305,37.668685,21.450219
220229,37.686284,21.474907
40401,37.510045,22.370819
50189,39.158163,20.983406
50191,39.158428,20.98114
50192,39.15772,20.982182
50193,39.156938,20.983604
50195,39.158298,20.979242
140164,38.915217,21.793509
140166,38.915217,21.793509
420257,37.956547,23.499553
420258,37.957113,23.501266
420259,37.94855,23.489581
420260,37.946801,23.48729
420261,37.94411,23.483829
67594,37.836136,23.928677
67601,37.838964,23.926537
66180,37.976137,23.751723
130409,38.471963,23.607548
10482,38.293232,21.772845
20450,38.395239,21.846543
20452,38.402537,21.859161
67250,38.079572,23.698968
220298,37.671702,21.450216
66429,38.039017,23.994796
66839,38.022218,23.990114
300207,39.6208,19.920781
110655,36.337439,28.178419
110656,36.336698,28.176319
110654,36.338702,28.177217
10238,38.245369,21.735276
280165,40.449265,21.262112
280166,40.448325,21.272308
280167,40.456009,21.263457
280170,40.455143,21.257794
20478,38.391086,21.821879
420270,37.956336,23.538194
420271,37.956979,23.540795
190220,40.374423,23.966104
140171,38.915217,21.793509
420272,37.951557,23.52786
420273,37.950894,23.528753
70226,38.440324,22.895963
70227,38.441103,22.892969
130414,38.475753,23.625154
250096,39.471043,20.746482
220333,37.670242,21.431154
130378,38.467198,23.601454
220343,37.677597,21.433423
30218,37.633725,22.73001
30214,37.633725,22.73001
180022,39.852178,21.797617
80012,39.503707,20.263673
66865,38.009767,23.736018
66866,38.009691,23.740198
66867,38.010334,23.736209
66868,38.010875,23.739828
66869,38.009316,23.736005
64722,38.060244,23.714072
66901,38.013864,23.730467
66902,38.01471,23.731923
66903,38.012822,23.733817
64676,38.064541,23.732586
20479,38.39284,21.820899
20480,38.394267,21.810605
20481,38.396916,21.800853
20482,38.386511,21.809952
20483,38.386379,21.809416
20486,38.379155,21.795886
20487,38.374682,21.787087
120102,41.561336,26.512199
70231,38.434577,22.87463
70233,38.434375,22.877133
70234,38.434864,22.871269
60257,37.98226,23.763051
60201,38.012936,23.659206
60194,37.956481,23.650933
91164,40.75162,23.067087
60198,37.927925,23.749884
200393,35.46698,23.799093
440006,40.270983,22.511121
20022,38.623911,21.41029
30217,37.638111,22.726638
30219,37.639211,22.730988
30220,37.639422,22.731925
270250,39.359542,21.922781
270251,39.358981,21.917539
270252,39.357598,21.916546
64681,38.055269,23.740923
64683,38.060423,23.739079
65654,38.058827,23.722
250296,39.623097,20.888061
500321,39.552231,21.763977
300136,39.619277,19.907682
500322,39.554405,21.759778
120306,41.352744,26.504104
110749,37.307313,26.560354
110750,37.309246,26.561159
240271,35.328976,25.361049
91414,40.63655,23.271612
370035,35.009385,25.739336
60295,37.989507,23.848313
110116,36.377262,28.115947
200416,35.292633,23.644195
340516,37.120591,25.214042
260279,40.950067,24.183767
340518,37.121497,25.240922
340519,37.120246,25.241286
66168,38.020163,23.802133
66169,38.024823,23.800192
270255,39.358309,21.921592
270256,39.356255,21.921902
270257,39.355366,21.924336
270258,39.353316,21.921942
270260,39.363328,21.92811
420263,37.952158,23.495793
420264,37.951317,23.492876
420265,37.945908,23.485822
120307,41.348103,26.502411
120308,41.35317,26.505031
120350,41.350349,26.497024
64684,38.062519,23.735697
64685,38.061647,23.739039
64699,38.050636,23.715574
65688,37.943191,23.695792
64700,38.050317,23.713383
70269,38.443237,22.878914
260078,40.845667,24.305674
320300,38.067371,22.656069
320307,38.075703,22.620798
320308,38.077492,22.618545
320309,38.080903,22.622374
320310,38.081507,22.619468
320313,38.089513,22.59704
64400,37.859926,24.032778
65388,37.864828,24.021838
65389,37.859176,24.043764
66986,37.892343,24.005849
66987,37.886702,24.003869
420276,37.949946,23.531502
420277,37.95002,23.535071
420278,37.951129,23.536756
420267,37.941261,23.487903
30181,37.634342,22.732984
30182,37.633945,22.734657
30183,37.636019,22.73224
30186,37.632172,22.734658
220320,37.671355,21.431453
220321,37.670627,21.423576
220192,37.682062,21.421543
220191,37.685619,21.412287
10665,38.261153,21.741397
90061,40.670854,22.806344
90029,40.65147,22.872071
90105,40.687845,22.950508
340591,37.538101,25.167767
91050,40.608098,22.95345
91051,40.607137,22.953395
60192,37.997205,23.796123
60192,37.997205,23.796123
30326,37.571935,22.830518
30327,37.565198,22.801926
30320,37.565198,22.801926
100255,41.15419,24.143654
100256,41.147421,24.136245
120369,40.474555,25.526376
420282,37.940461,23.538355
420283,37.940438,23.531389
420284,37.937814,23.535003
420285,37.935294,23.536228
420286,37.936071,23.524692
330186,40.29193,21.798583
330187,40.286742,21.777339
330188,40.301045,21.787524
10667,38.262263,21.740955
10668,38.26441,21.742952
10669,38.265056,21.743243
10672,38.266952,21.744287
30221,37.637061,22.722845
150264,38.901441,22.431399
150349,38.901441,22.431399
430013,40.79592,22.415238
91052,40.606452,22.953009
91053,40.606701,22.954066
91055,40.606252,22.952865
91058,40.605173,22.954189
100225,41.149343,24.155186
100226,41.150277,24.155319
20620,38.392564,21.83768
410255,36.945508,21.734402
66772,37.776642,23.90379
66773,37.778537,23.90773
66775,37.801083,23.885819
66776,37.803784,23.880927
66777,37.80509,23.878399
66779,37.808401,23.873725
66781,37.810117,23.877283
66783,37.813104,23.882506
330189,40.307598,21.789874
330190,40.310036,21.789438
330191,40.309776,21.78921
340529,37.124585,25.240879
91434,40.725545,23.002607
91435,40.723021,23.004556
520108,37.765147,20.881072
150272,38.901441,22.431399
330083,40.513196,21.680117
150283,38.916128,22.424996
270261,39.363897,21.929702
91028,40.600763,22.955575
91029,40.600832,22.956571
100228,41.150821,24.158289
67655,37.957904,23.640919
64329,37.963361,23.675445
64337,37.962494,23.68503
64339,37.963406,23.685055
67610,37.9555,23.655328
67718,37.960567,23.651165
60256,38.031404,23.709343
70074,38.321362,23.317261
230154,40.691216,22.105781
230155,40.690746,22.100905
340528,37.1171,25.234265
440107,40.273541,22.578624
440108,40.274753,22.576555
440109,40.273317,22.574869
440110,40.272422,22.573657
440111,40.269373,22.580307
520110,37.776149,20.888084
520111,37.777564,20.890485
520114,37.782563,20.870037
40406,37.513969,22.369775
66993,37.886702,24.003869
66996,37.896794,24.02955
40344,37.510475,22.375099
91030,40.602634,22.956975
91032,40.601921,22.957263
91033,40.601889,22.958108
91037,40.61142,22.953582
91038,40.611377,22.954022
220322,37.668866,21.438704
220323,37.667184,21.44212
220324,37.670003,21.428663
220325,37.664203,21.43725
470070,40.902275,25.436592
230048,40.60214,22.502493
62043,38.119867,23.858061
62044,38.119844,23.866183
62359,38.114471,23.849951
200438,35.487324,23.762072
200437,35.487324,23.762072
190301,40.396878,23.879229
64719,38.054914,23.710414
320314,38.09284,22.587839
64389,37.897323,24.031706
64390,37.868625,24.018069
64391,37.886702,24.003869
64393,37.868132,24.031511
64395,37.860322,24.037961
420239,37.963338,23.507398
420241,37.964321,23.5108
420242,37.968011,23.510419
420243,37.969005,23.505745
70272,38.450209,22.882298
340473,37.080195,25.146822
340479,37.088699,25.156724
340480,37.090362,25.159972
40333,37.515059,22.378538
40375,37.506127,22.371662
40337,37.515992,22.379785
40339,37.517258,22.37745
40340,37.51786,22.374803
460204,35.365991,24.465683
460206,35.362277,24.463486
63251,38.040066,23.903168
64721,38.05498,23.706523
66858,38.010936,23.736939
66859,38.011071,23.736297
66860,38.011294,23.733997
66861,38.010427,23.733627
66862,38.011823,23.734839
66863,38.010237,23.734882
160118,40.7852,21.414963
450069,39.203532,20.882999
140162,38.911301,21.793119
130428,38.461876,23.611057
130429,38.462347,23.612125
130430,38.461402,23.609149
130431,38.464512,23.611093
130432,38.464585,23.612181
66784,37.814242,23.884295
340488,37.098163,25.149319
340489,37.094389,25.164426
340490,37.086294,25.161262
330192,40.30332,21.804468
330193,40.307824,21.812858
64304,37.962123,23.673888
64307,37.962634,23.671942
460208,35.364824,24.463829
440124,40.2681,22.521352
67686,37.961804,23.71687
340417,37.440509,24.93924
340423,37.447692,24.935843
150284,38.917986,22.429352
150311,38.898329,22.439521
150320,38.897057,22.438238
160119,40.786986,21.413604
160120,40.787022,21.413343
220247,37.790218,21.751867
64740,38.056624,23.698007
64669,38.061573,23.730981
64670,38.063937,23.726995
64672,38.057363,23.731069
64675,38.059572,23.731487
120298,41.351776,26.495063
66785,37.809557,23.871745
66789,37.815168,23.885366
66792,37.793535,23.890711
66793,37.793526,23.894082
66795,37.799454,23.888391
66797,37.798697,23.894163
66800,37.802502,23.896167
320293,38.074933,22.6369
320294,38.074566,22.637517
250469,39.662733,20.716136
64311,37.962584,23.684502
64315,37.96157,23.669788
64316,37.960369,23.670753
64318,37.960865,23.67286
64325,37.96193,23.672569
80119,39.511666,20.260447
80121,39.515352,20.259063
80122,39.512144,20.261312
80130,39.500088,20.272519
150321,38.895605,22.436203
67639,37.957178,23.643737
150323,38.898357,22.440579
67640,37.957317,23.642266
67641,37.958375,23.641005
350049,36.965787,22.987782
60150,37.747546,23.908209
120299,41.351105,26.49827
120300,41.349494,26.498513
120301,41.348554,26.498511
120302,41.35193,26.500872
120303,41.351214,26.499942
120304,41.351034,26.501714
120305,41.35245,26.50281
63628,37.993717,23.766011
120075,41.029793,26.295263
150011,38.775484,22.586796
100234,41.09593,24.113663
100232,41.127378,24.199235
190193,39.92913,23.584171
110669,36.397251,28.069694
110670,36.399376,28.078102
100193,41.148833,24.151626
100194,41.149457,24.15181
80132,39.493994,20.261786
300132,39.626714,19.913603
80138,39.491253,20.262147
300133,39.625389,19.90981
420245,37.967525,23.508779
420246,37.956347,23.499774
420247,37.964596,23.50732
50197,39.157124,20.978946
91039,40.611548,22.953162
62361,38.122017,23.843893
60150,37.747546,23.908209
91041,40.609949,22.953553
91042,40.610483,22.95331
40342,37.521959,22.372415
40346,37.511012,22.376046
62055,38.118303,23.860638
270017,39.365219,21.920051
400039,39.328929,23.149312
230157,40.407607,22.120722
200434,35.377562,23.731637
200433,35.414926,23.760139
200430,35.430934,23.685118
200424,35.470284,23.601116
200423,35.233984,23.685363
410345,36.824975,22.280632
410334,37.034498,22.111926
410339,37.034498,22.111926
66864,38.010282,23.733047
100195,41.149822,24.152044
100196,41.147678,24.151181
100197,41.147449,24.153312
100198,41.146721,24.152473
50184,39.144226,21.020139
50185,39.161097,20.980112
130433,38.464643,23.615378
130434,38.465179,23.618758
420249,37.965559,23.509718
420250,37.962186,23.508774
420251,37.963166,23.51025
130293,38.612343,24.119763
130361,38.452478,23.59405
340510,37.102509,25.170546
300107,39.626327,19.923105
30207,37.631104,22.7218
40353,37.511304,22.374708
40359,37.50609,22.393686
40360,37.512108,22.380234
40362,37.507094,22.3905
370225,35.01036,25.750417
370245,35.006022,25.735683
340425,37.44515,24.937942
440114,40.269575,22.524656
150273,38.912741,22.427826
150274,38.913816,22.427771
91003,40.607203,22.957608
91140,40.620385,22.958462
130419,38.46423,23.599562
130425,38.464835,23.606956
130024,38.393039,23.884949
460146,35.343919,24.786052
50181,39.156542,20.99925
130435,38.46589,23.619192
130436,38.468579,23.622174
150331,38.896454,22.442389
140170,38.908313,21.792414
150335,38.894196,22.442824
320295,38.074431,22.640698
320296,38.072498,22.645311
220227,37.66448,21.458403
220301,37.667344,21.453231
300191,39.622811,19.915801
130368,38.457081,23.603077
300194,39.622948,19.915794
300200,39.616708,19.919705
64327,37.961066,23.675237
30200,37.633725,22.73001
67632,37.960196,23.648573
67633,37.960369,23.647397
340427,37.444931,24.943758
340430,37.449857,24.947368
440115,40.269283,22.526318
440116,40.270683,22.526205
91062,40.603748,22.952808
150325,38.897261,22.440601
67642,37.955647,23.642273
67643,37.954756,23.641762
50182,39.157216,20.996904
50183,39.149251,21.011827
20471,38.38975,21.818266
20472,38.392438,21.818014
20474,38.387913,21.814906
20475,38.39124,21.824278
20477,38.389341,21.821473
110744,37.330421,26.544192
220302,37.672598,21.459112
220303,37.686759,21.455506
220304,37.667719,21.447484
70245,38.43355,22.868516
70246,38.43226,22.870786
250106,39.73497,20.963844
90103,40.597768,22.965018
90778,40.747082,23.036645
30201,37.633725,22.73001
67634,37.959474,23.646844
30215,37.633725,22.73001
67636,37.958501,23.646345
67637,37.957228,23.645909
80139,39.490664,20.263768
300134,39.625374,19.906423
300135,39.62287,19.90617
67645,37.957893,23.645782
67651,37.954455,23.642277
67652,37.955414,23.642184
67653,37.95602,23.642292
67654,37.956529,23.642166
410307,37.242759,22.001249
91043,40.609082,22.953504
91044,40.609759,22.953185
300147,39.614645,19.918916
200017,35.513357,24.021674
200017,35.513357,24.021674
200017,35.513357,24.021674
90104,40.688518,22.851129
300058,39.377168,20.113704
10493,38.228488,21.736773
60198,37.927925,23.749884
91162,40.755832,23.036713
91163,40.758372,23.040598
60198,37.927925,23.749884
100174,41.150708,24.144626
100178,41.151761,24.138448
50187,39.15867,20.985105
300138,39.626704,19.902174
270247,39.360834,21.922239
270248,39.361,21.923773
270249,39.360146,21.922493
420254,37.953873,23.496155
420255,37.952466,23.494651
420256,37.95793,23.50378
50198,39.155088,20.984348
91045,40.609209,22.952067
91046,40.608902,22.953296
300148,39.614291,19.918901
91047,40.609,22.954338
91049,40.608494,22.952762
100218,41.147613,24.1498
420222,37.96753,23.4912
100219,41.149018,24.151031
420203,37.947966,23.623914
420204,37.947228,23.624822
410264,37.287186,21.817236
410265,37.298981,21.698676
40203,37.126005,22.859523
330277,40.417644,21.522608
62053,38.11465,23.865226
410304,37.298981,21.698676
80037,39.646247,20.282453
80018,39.657198,20.247526
410266,37.444207,21.954863
410309,37.300953,21.965642
64703,38.047888,23.704307
65744,37.94349,23.699196
64704,38.048683,23.707384
66940,38.022109,23.735793
66942,38.020191,23.727401
66943,38.017967,23.732666
66946,38.017995,23.731737
60201,38.012936,23.659206
66769,37.78393,23.92366
66770,37.789293,23.923708
66798,37.807282,23.898351
160122,40.696897,21.682895
260251,40.93544,24.398912
260252,40.936996,24.398733
420215,37.964821,23.497938
420216,37.965616,23.492275
67856,38.122398,23.990101
67857,38.123623,23.983946
190264,40.217278,23.665982
190265,40.215887,23.667053
190266,40.208456,23.680839
90103,40.597768,22.965018
450117,38.951641,20.751008
66894,38.011062,23.730449
64665,38.060431,23.728589
66895,38.011206,23.72916
66896,38.012168,23.73031
64666,38.068284,23.719011
66898,38.010526,23.730522
64718,38.057245,23.709638
66899,38.015538,23.727181
66900,38.013043,23.727734
64668,38.058133,23.729991
60201,38.012936,23.659206
40024,37.545978,22.211827
10103,38.079432,22.268782
90717,40.68161,22.95355
67020,37.892581,23.99287
67282,37.715236,24.059937
420217,37.965266,23.492897
420218,37.966423,23.492205
420219,37.965213,23.492223
100215,41.151153,24.153683
420220,37.964821,23.497938
420221,37.968339,23.494534
100216,41.150542,24.154321
370060,35.07959,25.588321
460139,35.310651,24.607167
450118,38.952359,20.749071
450119,38.951904,20.752132
450120,38.953634,20.750303
190238,40.015054,23.532957
190237,40.015334,23.53063
130584,38.565139,24.060554
110637,36.415878,27.38458
66886,38.010823,23.739088
66887,38.016106,23.730849
66879,38.01201,23.733011
80114,39.503707,20.263673
80117,39.503707,20.263673
80111,39.503707,20.263673
80112,39.503707,20.263673
80131,39.503707,20.263673
80127,39.503707,20.263673
270238,39.363237,21.925822
90072,40.633778,22.944027
90072,40.633778,22.944027
30009,37.471028,22.60925
180097,39.889354,21.646026
64693,38.046754,23.731258
30031,37.67795,22.5092
220036,37.978255,21.318151
220083,37.898386,21.311845
300028,39.749114,19.841932
67301,37.964954,23.579344
67302,37.965678,23.580444
220237,37.48473,21.648779
66947,38.020628,23.732974
66880,38.016111,23.736109
66948,38.020531,23.734801
220260,37.48473,21.648779
66949,38.01954,23.730851
66882,38.009622,23.73918
67172,37.939757,23.730087
67176,37.940353,23.731197
91027,40.601404,22.955232
91056,40.605543,22.952603
91059,40.605168,22.952427
270239,39.362178,21.920956
300114,39.621702,19.912191
270240,39.361467,21.923136
300115,39.623222,19.909496
130383,38.4675,23.600507
150315,38.889901,22.438576
66128,38.053611,23.720276
410097,37.171469,21.66366
60263,37.972506,23.647313
66653,37.974902,23.741632
150339,38.890094,22.437464
510247,41.253648,24.934241
65655,38.055038,23.725074
65656,38.058271,23.718134
67303,37.967398,23.579884
67304,37.965461,23.581949
170022,38.458046,22.237912
67305,37.966798,23.577913
67306,37.962913,23.583195
67307,37.963898,23.580645
67308,37.964734,23.586299
67309,37.96424,23.58895
260253,40.938542,24.396346
90110,40.730702,22.917343
67185,37.945283,23.735996
64725,38.059986,23.712422
64726,38.06247,23.711664
64727,38.060801,23.71085
10453,38.167621,21.6715
10454,38.173741,21.680825
190267,40.216944,23.676125
350034,36.910981,22.754408
130384,38.468495,23.600535
130385,38.470154,23.600875
130386,38.468722,23.601403
220306,37.66647,21.454525
220307,37.667061,21.457585
220230,37.663431,21.459558
220231,37.655366,21.46627
220308,37.673017,21.445538
220309,37.670432,21.446118
420240,37.971125,23.503203
60394,38.095817,23.576947
60087,37.713661,24.053943
65753,37.949445,23.689271
65762,37.9497,23.693085
340076,36.856563,25.46929
410267,37.436709,21.949137
100155,41.069035,24.244013
110673,36.400118,28.083841
110674,36.392542,28.061199
60104,38.031765,23.735668
91409,40.705216,22.789367
67768,38.202485,23.968529
91412,40.716214,22.77932
91413,40.705745,22.768402
420223,37.967363,23.490088
100220,41.148053,24.150089
190268,40.215226,23.670464
320398,37.925578,22.987798
320399,37.935981,22.958528
320400,37.926463,22.941133
320401,37.942853,22.952906
350419,36.830768,22.438331
320402,37.944759,22.955288
320403,37.942381,22.95788
320404,37.927776,22.959363
40491,37.681935,22.025803
91210,40.430954,22.927773
110638,36.413679,27.385177
450121,38.947496,20.74792
160108,40.778873,21.378137
160109,40.781255,21.412891
160110,40.782571,21.41328
160111,40.7782,21.402181
160115,40.786215,21.416812
160116,40.783437,21.415268
160117,40.784119,21.417702
110675,36.390357,28.050746
67427,37.994639,23.342807
200404,35.32479,24.336992
190229,40.38536,23.440983
40229,37.737071,22.012553
190228,40.381842,23.444724
190230,40.375404,23.44774
110238,36.075904,28.05525
100221,41.149777,24.153261
420229,37.965236,23.50224
100224,41.148613,24.153391
420234,37.963456,23.501814
100227,41.150403,24.156745
430041,40.972348,21.947815
67609,38.005789,23.876095
450122,38.94605,20.74119
250336,39.706058,20.744494
340028,37.895402,24.771658
65814,38.010582,23.7818
20476,38.39002,21.822297
380042,39.081404,26.183963
110016,36.067932,27.793856
66883,38.009491,23.737029
66953,38.018926,23.732593
91102,40.688354,22.846298
91105,40.688998,22.841668
64730,38.060614,23.708005
66681,37.880177,23.927102
120294,41.351497,26.491961
120295,41.352767,26.493283
120296,41.352603,26.490076
120297,41.353781,26.493319
240276,35.130913,24.948453
40056,37.361908,22.539032
10192,38.166344,22.07178
130100,38.399262,24.137194
30071,37.486778,22.657639
30260,37.564835,22.812625
110220,36.392499,28.068535
270197,39.34912,21.899832
300120,39.620187,19.912703
10318,38.186594,21.70012
10319,38.185006,21.698876
300121,39.620853,19.91318
300122,39.618532,19.908341
67310,37.963916,23.561888
67311,37.964219,23.558051
66950,38.018613,23.730531
460051,35.364052,24.477255
66955,38.021081,23.729501
10257,38.258667,21.744399
66960,38.020873,23.729487
220239,37.48473,21.648779
220240,37.48473,21.648779
10455,38.18581,21.680136
220362,37.484398,21.905548
520120,37.787826,20.899928
67184,37.94677,23.744605
250434,39.42173,21.01492
420078,37.939578,23.64084
470092,41.14281,25.532592
66941,38.022891,23.734875
90929,40.640263,22.946819
410342,36.824975,22.280632
67030,37.998488,23.918303
30262,37.564866,22.80788
30269,37.567734,22.812363
90914,40.63895,22.946505
66566,37.978155,23.731848
90915,40.640384,22.944761
66567,37.977349,23.733251
90916,40.640709,22.943416
100157,41.082924,24.193379
350388,36.666067,22.383709
67313,37.965136,23.566791
67314,37.96801,23.57202
67315,37.967025,23.572832
67317,37.966161,23.566716
67318,37.966955,23.566946
67319,37.967647,23.56923
67320,37.968109,23.570152
67321,37.96829,23.567912
260255,40.934658,24.390969
60118,37.953297,23.854004
10456,38.180312,21.686815
10458,38.155999,21.64438
10459,38.153848,21.63046
10460,38.139734,21.636322
66911,38.013124,23.730507
66912,38.012606,23.730856
66913,38.011576,23.730258
30231,37.643081,22.729096
30232,37.645573,22.728889
110092,36.751779,26.978575
10467,38.298126,21.800061
10468,38.296702,21.800911
10469,38.289209,21.799536
10470,38.300274,21.795075
10472,38.298459,21.802103
10473,38.307668,21.810371
270268,39.360169,21.928741
100158,41.083689,24.190494
65953,37.955084,23.745208
160088,40.679674,21.712884
65392,38.157498,24.000033
65955,37.955196,23.741855
67769,38.199889,23.968891
200412,35.455361,23.913692
250361,39.531963,20.691445
110784,36.067932,27.793856
67770,38.183484,23.977686
67778,38.159938,23.955549
67779,38.156811,23.959789
67780,38.144774,23.967896
350417,36.830768,22.438331
67781,38.144118,23.965196
64777,38.020541,23.701456
64717,38.058588,23.710481
64196,37.961285,23.677969
64301,37.963006,23.676057
64302,37.961687,23.675163
70243,38.436854,22.872817
70244,38.434196,22.869745
66332,37.993536,23.685943
60384,37.776713,23.951702
330270,40.262266,21.325431
66845,38.019952,23.742627
66892,38.01393,23.73127
270269,39.359063,21.924982
65086,37.977362,23.752341
65087,37.976637,23.753634
66176,37.975312,23.751325
66177,37.974636,23.752216
80141,39.490227,20.26006
80142,39.492058,20.28264
440188,40.273424,22.496566
410352,36.067932,27.793856
250457,40.011731,20.558345
100204,41.15739,24.150456
100206,41.154172,24.148738
100207,41.15789,24.147353
100208,41.151459,24.150378
100209,41.150075,24.150428
70106,38.454655,23.220339
65932,38.091504,23.805734
60212,38.053502,23.767037
110658,36.335096,28.174976
300150,39.612229,19.91895
90859,40.598236,22.955598
30014,37.633725,22.73001
66847,38.015215,23.74352
66848,38.021742,23.737272
66849,38.022254,23.73705
66850,38.022053,23.737624
66851,38.022154,23.738977
66852,38.022115,23.740021
66853,38.016017,23.743993
220267,37.48473,21.648779
220244,37.48473,21.648779
220268,37.790218,21.751867
220269,37.790218,21.751867
440219,40.279039,22.500008
440189,40.272056,22.494289
440100,40.281941,22.499795
440101,40.275853,22.491843
440102,40.28024,22.497201
440103,40.282408,22.485235
270237,39.363572,21.92609
67742,37.883741,24.010447
110234,36.225124,27.858906
240073,34.953646,25.135918
240092,34.973422,25.129326
240027,34.989017,25.193914
90917,40.639993,22.945585
200331,35.499632,24.011539
60231,37.965074,23.745092
60231,37.965074,23.745092
60231,37.965074,23.745092
67322,37.968934,23.568439
90930,40.64099,22.946621
500345,39.563825,21.757652
160095,40.780748,21.404757
160096,40.781521,21.405208
160097,40.782034,21.405384
160098,40.780574,21.403179
160099,40.77893,21.404099
160100,40.779767,21.404535
66914,38.01318,23.729521
66915,38.011266,23.731134
67743,37.882998,24.001822
67744,37.88587,24.000143
67747,37.880858,24.004236
370197,35.210652,26.104996
100179,41.150183,24.146797
100182,41.151761,24.138448
130382,38.468239,23.599859
10474,38.299221,21.785704
200332,35.499527,24.012819
200333,35.49711,24.008798
200335,35.498739,23.996533
200336,35.497715,24.001828
290088,38.249499,20.384156
500025,39.713104,21.4697
67293,37.966254,23.575242
65956,37.954395,23.744066
65957,37.956195,23.743069
500346,39.557304,21.75864
500347,39.557142,21.757823
20554,38.624254,21.405909
20565,38.626301,21.403372
500348,39.559312,21.756809
20567,38.625642,21.401758
67782,38.149259,23.990952
67793,38.161712,24.017279
66916,38.010349,23.731422
66917,38.012432,23.73458
61518,38.053611,23.720276
91089,40.683039,22.858516
91092,40.690582,22.857494
91093,40.691643,22.858513
64729,38.067358,23.715307
60390,38.091005,23.617628
10475,38.300821,21.782831
10476,38.300943,21.780529
10477,38.298284,21.778031
10478,38.304465,21.782457
10479,38.289584,21.776718
10480,38.289202,21.771473
66179,37.975649,23.753257
65959,37.954209,23.743275
65961,37.954887,23.742793
350406,36.760664,22.56516
65963,37.955197,23.743778
66763,37.79254,23.902988
66765,37.786033,23.919754
100210,41.150807,24.151374
100211,41.153413,24.151485
350372,36.904092,22.710959
67794,38.152115,24.003548
460229,35.238471,24.344017
67795,38.146534,24.006429
67853,38.12336,23.9694
67854,38.128112,23.968576
66650,37.972332,23.745374
67532,38.060516,23.978654
400158,39.310258,22.687186
460143,35.226762,24.653144
470241,41.210652,25.673478
470245,41.208687,25.692626
30104,37.663276,22.751143
65750,37.950204,23.692743
100161,41.4015,24.03031
65755,37.949969,23.689065
420202,37.947969,23.625149
66854,38.018768,23.741551
20644,38.6068,21.494484
340514,37.085997,25.149012
90093,40.42387,22.925093
500175,39.458487,21.657752
230127,40.631354,22.130108
200454,35.516781,23.909587
66904,38.012441,23.732113
66905,38.013201,23.731611
64724,38.061496,23.712885
100212,41.152131,24.150414
100213,41.152526,24.151037
100214,41.152123,24.15251
420212,37.965063,23.49471
420213,37.966064,23.490366
420214,37.965133,23.49392
110649,36.338481,28.198214
110650,36.324569,28.196753
90103,40.597768,22.965018
90103,40.597768,22.965018
60202,37.961355,23.752121
64739,38.057399,23.69979
66855,38.020996,23.740549
64712,38.048574,23.697768
64713,38.054549,23.695274
64715,38.056238,23.713132
64716,38.056791,23.71339
64663,38.055532,23.730413
66893,38.012224,23.731029
64664,38.067101,23.718349
66906,38.015397,23.731009
66907,38.015498,23.730007
66908,38.01553,23.728714
66910,38.013775,23.730474
67158,37.944509,23.730898
67159,37.944868,23.730297
300140,39.625941,19.900119
450114,39.037861,20.745072
10107,38.27108,21.83465
110023,37.384194,26.735311
340228,37.446557,24.905608
67294,37.96578,23.576206
67295,37.963818,23.577187
67296,37.964825,23.576635
10461,38.150714,21.625128
10462,38.179114,21.689219
10466,38.165808,21.673086
66884,38.011682,23.737908
66885,38.011642,23.738814
20569,38.628786,21.406297
20571,38.629399,21.398362
20572,38.628458,21.393413
160101,40.778922,21.402156
160102,40.778707,21.400617
160103,40.778755,21.399142
160104,40.779816,21.399451
160105,40.778221,21.396327
160106,40.778684,21.395837
160107,40.777887,21.392115
520086,37.781918,20.896351
520115,37.773905,20.875939
60263,37.972506,23.647313
90910,40.638387,22.944484
460086,35.356493,24.402853
65689,37.94192,23.697117
64701,38.048238,23.711333
65743,37.943218,23.697298
67297,37.963483,23.578991
67298,37.96561,23.578916
60233,37.952261,23.705442
67299,37.962688,23.580427
67300,37.964337,23.579207
360101,39.636192,22.421966
66768,37.791021,23.907318
65353,38.025567,23.744976
67162,37.945863,23.728833
67167,37.940832,23.728154
67169,37.940851,23.731333
67170,37.940283,23.728998
440009,40.105269,22.504191
67855,38.117399,23.989113
91094,40.689973,22.854836
91095,40.68942,22.857653
91096,40.690177,22.855665
91097,40.686182,22.859093
91098,40.685767,22.861086
91099,40.686381,22.861527
91100,40.687139,22.85987
91101,40.689447,22.859099
260207,40.938545,24.422478
320186,37.939696,22.945092
270213,39.370469,21.923555
320188,37.938246,22.947987
270214,39.371583,21.925107
320189,37.939069,22.948496
270215,39.37184,21.922076
320197,37.937776,22.941939
340281,37.53644,25.212752
10601,38.23532,21.738578
40310,37.515055,22.363601
10123,38.206472,21.997349
40355,37.510691,22.382168
91206,40.426862,22.92981
370198,35.212404,26.104977
10604,38.236356,21.745253
370207,35.207708,26.099229
270275,39.359618,21.931106
320259,37.94297,22.930452
320183,37.935693,22.939743
270278,39.360713,21.918591
270282,39.362396,21.915889
110553,36.42325,28.209165
110554,36.420472,28.205643
20439,38.37954,21.426804
20440,38.382958,21.423993
110592,36.422744,28.222844
110593,36.420905,28.224626
110594,36.422502,28.220207
110595,36.419601,28.226591
110596,36.419364,28.22561
300016,39.42434,20.064801
110597,36.421046,28.226783
340512,37.085642,25.195843
340278,37.538792,25.181495
340382,37.531076,25.1789
270262,39.363696,21.930431
65053,37.972804,23.742711
270264,39.361811,21.9269
270267,39.360084,21.926347
270225,39.364027,21.935639
270229,39.372585,21.926814
91207,40.428139,22.928916
370251,35.206046,26.104464
40402,37.512034,22.369044
91214,40.407626,22.895288
91216,40.431468,22.894185
91217,40.42387,22.925093
300174,39.609503,19.899175
20441,38.382515,21.435152
20442,38.383816,21.435448
20443,38.395169,21.440016
20427,38.370994,21.42753
20445,38.388361,21.437075
70261,38.437923,22.868899
70262,38.43677,22.867435
91081,40.601083,22.954025
70258,38.438987,22.880481
130362,38.450732,23.592606
30203,37.633836,22.721994
130363,38.449433,23.5913
30204,37.632999,22.723664
66998,37.886702,24.003869
67001,37.884804,24.012379
67002,37.882324,24.012881
67435,37.995832,23.340315
67436,37.996902,23.338321
67437,37.997937,23.33523
110794,36.385763,28.212796
67438,37.993433,23.339006
67439,37.992897,23.339896
110795,36.38943,28.215002
67440,37.991069,23.338369
480155,37.793493,26.696383
340541,37.443073,25.398799
300175,39.617069,19.897806
66181,37.976214,23.751549
66136,37.976485,23.901841
66137,37.966179,23.917114
220057,37.936828,21.262901
320249,37.933831,22.910778
340470,37.081088,25.147847
91082,40.600016,22.956072
91083,40.60067,22.955501
91084,40.600246,22.954255
300177,39.60714,19.894887
300178,39.605639,19.893999
300179,39.603657,19.887323
420309,37.966976,23.518479
280143,40.516673,21.253761
440204,40.264214,22.508465
200230,34.850194,24.114611
440205,40.266098,22.508482
340416,37.441283,24.94032
440094,40.261621,22.508566
340418,37.441859,24.939842
340420,37.441834,24.938028
340542,37.447722,25.415651
260283,40.897478,24.243168
260284,40.898125,24.24209
420224,37.964821,23.497938
420226,37.961993,23.47611
10075,37.939075,21.677232
60294,38.001451,23.940206
190312,40.281464,23.411309
190310,40.277927,23.438593
340491,37.086452,25.171834
70229,38.438987,22.880481
70239,38.438987,22.880481
300108,39.626947,19.923226
130366,38.457901,23.600359
300192,39.622157,19.914847
30190,37.633725,22.73001
370199,35.212425,26.108289
60205,38.086846,23.183305
67621,37.95817,23.658721
67622,37.958837,23.660411
67626,37.959482,23.647626
67628,37.95827,23.643646
67629,37.958375,23.642359
70203,38.491917,22.977196
110555,36.423609,28.211109
280151,40.379875,21.291967
400247,39.382056,22.854354
280154,40.516673,21.253761
280155,40.579606,21.079642
300014,39.619755,19.919074
90073,40.61237,22.96756
440235,40.269597,22.514553
440098,40.283493,22.508749
470266,41.066042,25.7129
500287,39.551265,21.768584
500289,39.551013,21.767532
410075,37.060778,22.152514
500293,39.548205,21.768942
500294,39.549276,21.771113
500238,39.545686,21.766766
100237,41.11372,24.145411
370200,35.208927,26.102148
370202,35.201464,26.104703
370203,35.20618,26.100174
370205,35.207299,26.101513
370208,35.205753,26.099121
370209,35.197925,26.103269
370210,35.209592,26.100666
170107,38.413575,22.058104
110556,36.423969,28.211036
110558,36.426424,28.210436
110559,36.426424,28.211327
110560,36.426778,28.212714
110562,36.428265,28.214711
110563,36.429063,28.213974
70263,38.438077,22.867031
110598,36.420056,28.228007
110602,36.413493,28.210201
110605,36.400971,28.19958
110606,36.393758,28.199661
110607,36.405214,28.206263
110608,36.405068,28.205815
110609,36.400722,28.202405
110610,36.40402,28.196653
270313,39.364012,21.924734
270236,39.364371,21.925757
320225,37.936094,22.918446
320226,37.934501,22.927929
320227,37.936441,22.920129
320228,37.933568,22.925704
320229,37.933541,22.924054
67014,37.88608,23.9943
67016,37.894222,23.985624
91219,40.422557,22.891506
91220,40.42191,22.891498
130345,38.460879,23.601781
160038,40.621136,21.505739
440224,40.271514,22.514859
440225,40.27415,22.513553
440236,40.256181,22.526523
440237,40.269144,22.507594
70264,38.438902,22.866744
70265,38.454706,22.862054
70267,38.445184,22.855429
70268,38.439189,22.844647
70271,38.443701,22.881311
170031,38.685714,22.321281
340469,37.081168,25.144265
340474,37.07807,25.147414
67003,37.879705,24.014664
40410,37.514096,22.364932
50196,39.155841,20.982724
420230,37.96576,23.505557
40411,37.513468,22.36279
420233,37.967243,23.505663
420235,37.965794,23.51085
420237,37.964483,23.505315
67018,37.895462,24.003815
67019,37.893051,23.999221
67022,37.897229,23.995755
67024,37.894344,23.987056
67740,37.889631,24.008016
67741,37.8846,24.008165
270216,39.365219,21.920051
320199,37.934853,22.938326
67689,37.986331,23.755736
260200,40.942476,24.409701
260201,40.944939,24.40535
260202,40.938192,24.416814
50074,39.068896,21.051452
67690,37.98522,23.757698
450136,38.963489,20.752153
67710,37.982098,23.731505
450137,38.962008,20.75262
300180,39.6027,19.89538
65348,38.025832,23.747483
320176,37.938151,22.934359
60287,37.980569,23.736412
60258,37.934122,23.641061
190020,40.240536,23.284456
60264,37.957945,23.731942
340421,37.440587,24.938243
340422,37.445557,24.937136
340424,37.446084,24.934397
340426,37.445366,24.934793
340428,37.447883,24.938493
340429,37.448596,24.93702
340431,37.449398,24.941885
340459,37.44338,24.940096
270217,39.369877,21.928032
270218,39.365027,21.930095
320201,37.938438,22.941021
270245,39.360788,21.918898
270246,39.360587,21.920694
67028,37.999518,23.934487
67029,37.997755,23.925195
67354,38.050056,23.536464
67355,38.047319,23.53309
360041,39.982575,22.328788
420287,37.936629,23.520423
420288,37.932069,23.526189
420289,37.929551,23.526203
420290,37.929238,23.522265
420291,37.928433,23.534501
420292,37.927112,23.533123
420293,37.927378,23.538019
67631,37.954917,23.642281
130443,38.466177,23.595693
130444,38.46725,23.596233
130446,38.467529,23.594171
130447,38.467839,23.595342
130448,38.468971,23.597671
130347,38.462325,23.602767
70235,38.433643,22.872067
350368,37.074908,22.430664
440099,40.28319,22.503632
40408,37.515666,22.369464
66997,37.900265,24.023429
66999,37.886663,24.010877
380059,39.330165,26.178504
67000,37.883033,24.012498
40409,37.513289,22.366988
91264,40.629729,22.951876
91270,40.629399,22.952728
91271,40.6274,22.952342
91273,40.628744,22.946748
91276,40.629869,22.948194
91282,40.62725,22.948474
200440,35.487032,23.69038
430034,40.770388,22.318243
370211,35.209059,26.098949
370212,35.208184,26.098241
370213,35.207469,26.094604
370215,35.205757,26.102315
370216,35.204794,26.099901
370217,35.20418,26.098421
370218,35.204701,26.095895
370219,35.211005,26.103393
67666,37.966158,23.729762
110564,36.422651,28.204452
110565,36.425488,28.206522
110566,36.428684,28.210659
110567,36.429514,28.208472
110569,36.425406,28.211146
110571,36.424711,28.208656
110572,36.427251,28.208724
110611,36.396738,28.199501
110612,36.391074,28.20032
110613,36.387248,28.198986
60195,37.97626,23.710291
370045,35.01932,26.029636
490101,40.986492,23.670805
270283,39.361396,21.916308
30098,37.387293,23.246065
200447,35.493425,23.657297
67428,37.99727,23.34325
67429,37.999052,23.343612
67430,38.000594,23.343877
470041,41.224879,25.432681
67431,38.003058,23.34345
360360,39.293092,22.382997
130082,38.953613,23.152209
490110,41.070103,23.808209
67668,37.965659,23.730775
67677,37.962779,23.720412
480081,37.777051,26.893686
67680,37.960242,23.719297
67682,37.959231,23.717366
10284,38.057718,21.751309
220195,37.666046,21.425224
220327,37.667285,21.43702
70252,38.454595,22.797081
67711,37.987397,23.730989
340475,37.076739,25.146125
340476,37.078021,25.13974
340477,37.067731,25.131459
340481,37.086489,25.15553
340482,37.085086,25.1545
340483,37.089444,25.156657
340484,37.085822,25.160427
120371,40.463423,25.512864
120372,40.464742,25.505983
100245,41.151761,24.138448
120373,40.503885,25.523725
120370,40.47953,25.514346
91398,40.628291,22.73565
91399,40.630083,22.738745
91400,40.628169,22.733013
360361,39.293092,22.382997
100088,41.11372,24.145411
60316,38.335955,23.723965
110222,36.364465,28.004796
480153,37.800776,26.709825
480154,37.800548,26.718692
240361,35.327868,25.250772
240362,35.331229,25.245271
240363,35.330054,25.244441
450138,38.959113,20.754404
450139,38.959221,20.750863
450140,38.959872,20.749613
450141,38.959656,20.748248
91070,40.602456,22.953473
91071,40.601457,22.954319
91073,40.601401,22.953462
420295,37.962092,23.524254
30272,37.569287,22.806202
320253,37.941603,22.928987
320254,37.942239,22.929669
270270,39.358743,21.927151
410042,37.034498,22.111926
67681,37.959445,23.718571
67683,37.958835,23.717479
67684,37.961388,23.71765
440125,40.267034,22.524885
340462,37.444013,24.93884
440117,40.270939,22.527735
340465,37.447451,24.941037
440118,40.26865,22.528923
340466,37.449184,24.946359
440119,40.266387,22.528601
340498,37.444697,24.938606
90073,40.61237,22.96756
67455,37.997764,23.338559
67456,37.999483,23.343184
67457,37.999216,23.347
340221,37.446868,25.391311
67458,37.996701,23.334504
67459,38.000013,23.340605
190309,40.278059,23.429862
100171,41.157015,24.103778
67363,38.051653,23.53199
420296,37.96444,23.52522
420297,37.964834,23.526474
420298,37.964572,23.523271
420299,37.962723,23.521521
420301,37.964361,23.520649
420304,37.964443,23.518059
420306,37.965455,23.513701
91208,40.427894,22.930121
70238,38.43385,22.878955
70241,38.43629,22.874081
70248,38.437718,22.87254
70247,38.437323,22.87402
90784,40.555575,22.996312
91326,40.558248,22.987884
91322,40.558248,22.987884
380063,39.907737,25.200781
40422,37.059478,22.888865
67004,37.874938,24.009329
10196,38.295248,21.789841
420231,37.965835,23.507129
420232,37.966412,23.502224
40412,37.510066,22.365874
420238,37.968046,23.502369
40413,37.510016,22.364508
67211,37.90469,23.870164
67212,37.905314,23.868223
67370,38.051781,23.538659
150251,38.899498,22.43947
67217,37.908405,23.873113
30168,37.297599,23.19501
67432,38.001879,23.338459
67433,38.000405,23.3362
67434,37.994272,23.341973
40376,37.507865,22.36743
91209,40.429135,22.929079
91211,40.42868,22.92621
91215,40.40547,22.902347
10033,38.26305,21.977569
320255,37.941701,22.927571
270271,39.357991,21.92342
320256,37.941587,22.932584
30199,37.633894,22.724477
110578,36.417287,28.22305
110579,36.411596,28.225365
110585,36.421271,28.2183
110586,36.42199,28.218647
110587,36.423288,28.218541
110588,36.423609,28.220529
390009,38.833253,20.704361
110590,36.421146,28.222449
270284,39.362575,21.914696
270285,39.358823,21.917247
60195,37.97626,23.710291
360128,39.983512,22.390935
60195,37.97626,23.710291
260203,40.938229,24.418277
260205,40.938108,24.41474
67015,37.88841,23.984653
67021,37.896127,23.999517
67023,37.898345,23.992672
67748,37.883983,23.999122
130387,38.470023,23.599488
10602,38.234846,21.74075
10603,38.234932,21.744303
300165,39.611082,19.919014
130350,38.460718,23.605706
20432,38.378837,21.429008
20433,38.370326,21.425615
20434,38.371523,21.423912
20436,38.375592,21.427624
20437,38.372273,21.426817
20438,38.374817,21.429813
91074,40.601382,22.95204
340486,37.095801,25.155891
340487,37.098564,25.156469
30202,37.634688,22.722119
340506,37.072026,25.141392
340507,37.061857,25.120069
340508,37.097967,25.14347
340509,37.111066,25.164452
340511,37.093674,25.178262
67685,37.960679,23.717321
91401,40.628495,22.731379
60192,37.997205,23.796123
220007,37.795263,21.349432
340585,37.534366,25.164639
340586,37.535856,25.165603
340588,37.532989,25.164269
340590,37.534052,25.169491
300166,39.611987,19.914647
300167,39.614663,19.912485
300169,39.596298,19.920157
300171,39.614704,19.903441
300172,39.610985,19.90391
300173,39.595588,19.917452
270241,39.362389,21.922768
270242,39.362052,21.924044
450142,38.958596,20.749196
91075,40.600791,22.952312
91076,40.60005,22.952665
91077,40.601136,22.950412
450143,38.957574,20.748337
91080,40.599647,22.9513
300051,39.544728,19.914177
67687,37.963106,23.718183
440200,40.265241,22.516052
67688,37.963559,23.718083
440201,40.264787,22.514337
440202,40.262439,22.515045
280142,40.516673,21.253761
440203,40.26684,22.508023
200352,35.20201,24.22915
320369,37.845274,22.406161
30274,37.567405,22.805406
91026,40.60263,22.956393
270203,39.365365,21.925438
270204,39.366609,21.926427
270211,39.366326,21.928189
270222,39.365793,21.931842
270223,39.36374,21.931733
270224,39.363389,21.932384
300116,39.624622,19.909356
270243,39.361483,21.920853
270244,39.361336,21.919749
300117,39.625535,19.91068
91063,40.603221,22.952956
91064,40.604553,22.952874
220310,37.672477,21.449119
220311,37.671785,21.453275
130388,38.470399,23.600054
10261,38.325295,21.846032
67612,37.954804,23.656197
420308,37.966281,23.516277
67616,37.956298,23.657391
67617,37.957166,23.656434
67618,37.956664,23.657605
67620,37.957816,23.658418
270274,39.359132,21.930371
320258,37.94225,22.93134
30027,37.711805,22.425904
320379,37.8504,22.999724
320376,38.022044,22.502919
320377,38.022044,22.502919
350351,37.074908,22.430664
40274,37.508942,22.403293
90195,40.687324,22.813291
350346,36.804056,22.851209
280148,40.565941,21.429462
350366,37.229436,22.251863
110591,36.422222,28.222582
420252,37.962281,23.504878
67005,37.879639,24.012407
67007,37.877392,24.015645
67008,37.871589,24.013326
67010,37.874177,24.00701
67011,37.869406,24.010258
67013,37.892241,23.992829
260206,40.939932,24.419887
40371,37.5068,22.37331
430164,40.797704,22.408617
430171,40.79592,22.415238
220272,37.484398,21.905548
430174,40.803837,22.418469
10003,38.206145,22.075848
470247,41.11727,25.403166
67346,38.04659,23.536223
67347,38.044994,23.53466
67188,37.90469,23.877309
520043,37.729572,20.84465
20392,38.628243,21.442623
20520,38.625623,21.413805
20521,38.624247,21.415819
20522,38.624769,21.416547
20523,38.623872,21.418507
480168,37.621078,26.288427
50204,39.148992,20.986185
320221,37.939617,22.923664
50205,39.136789,20.994718
50206,39.15465,20.979974
20559,38.62498,21.404354
50207,39.152133,20.978509
90849,40.59722,22.955948
20564,38.630949,21.408332
91290,40.628357,22.952699
91291,40.628187,22.951931
91293,40.630043,22.945987
410015,36.996728,22.182794
340502,37.001153,25.131808
340504,37.004943,25.123171
340505,37.043919,25.120874
20393,38.630363,21.444229
110676,36.386044,28.037582
110677,36.392499,28.068535
230005,40.672986,22.199813
200431,35.487032,23.69038
190076,40.19568,23.328689
190078,39.987516,23.616935
200439,35.487032,23.69038
420008,37.747941,23.429644
100250,41.1569,24.133856
360346,39.685582,22.884508
260280,40.914428,24.255299
260281,40.914428,24.255299
230156,40.688813,22.116005
330300,40.384747,21.964544
210149,38.369132,26.131566
210152,38.366263,26.130886
210153,38.369919,26.132033
67445,37.995955,23.343835
10624,38.246434,22.100479
500303,39.555525,21.765072
430120,40.79532,22.419673
430160,40.793644,22.41024
67187,37.911426,23.892403
90844,40.597042,22.954287
220349,37.790218,21.751867
67365,38.054904,23.534149
220295,37.673421,21.448083
240351,35.312258,25.397125
240352,35.310629,25.400129
240353,35.308265,25.40256
240354,35.306328,25.405118
240355,35.306268,25.409907
480172,37.753118,26.981632
480173,37.749617,26.981942
480174,37.749076,26.974265
480175,37.750597,26.975519
390061,38.667673,20.642712
350348,36.847265,23.001544
91218,40.429817,22.923145
130342,38.461255,23.59966
130344,38.462069,23.600761
91223,40.429834,22.923446
520135,37.787826,20.899928
520132,37.787826,20.899928
520126,37.876567,20.663739
66197,37.973511,23.74792
67446,37.994538,23.340263
67447,37.996557,23.342771
67448,37.997208,23.342309
120383,40.894498,26.171823
67449,37.991622,23.340725
200425,35.359778,23.594949
220138,38.032793,21.366597
67450,37.995867,23.33878
240111,35.326836,25.066795
220266,37.438126,21.832092
190241,40.336756,23.720951
63250,38.036376,23.902834
510030,40.981036,24.952676
460131,35.193063,24.374657
410194,37.035289,21.86185
60256,38.031404,23.709343
91329,40.887952,23.10089
91330,40.91656,23.043338
180152,40.084763,21.425523
220238,37.524475,21.773724
220263,37.445703,21.859346
290134,38.154481,20.769811
290132,38.41154,20.564346
290136,38.41154,20.564346
290135,38.41154,20.564346
60126,38.080073,23.736107
40135,37.733906,22.194382
200448,35.493425,23.657297
50108,39.37182,21.18361
100230,41.252494,24.024418
290138,38.364905,20.720566
100069,41.197361,24.014836
110787,36.614986,27.83478
65877,38.023216,23.796323
66482,37.967905,23.756062
66491,37.96699,23.758849
130364,38.459681,23.600864
300102,39.624559,19.918763
300106,39.626512,19.924005
30206,37.6312,22.723701
60289,37.91901,24.025973
350439,36.85434,22.678207
350440,36.868358,22.676746
20653,38.343995,21.72543
110667,36.612676,27.838988
20654,38.344683,21.724715
110668,36.61271,27.840267
20655,38.347442,21.71959
20656,38.339395,21.767543
20657,38.357712,21.775742
20525,38.622402,21.416775
20659,38.437441,21.360308
20660,38.437979,21.364212
20661,38.459048,21.36509
20662,38.436022,21.347223
20664,38.432887,21.336849
60007,38.193737,23.854037
220364,38.053186,21.38237
220366,38.049273,21.345343
110225,36.101682,28.072854
67847,37.756073,24.068062
420367,37.72114,23.456828
420368,37.757178,23.426751
40478,37.730723,21.960061
180124,40.067845,21.521004
40472,37.401486,22.277307
350433,36.841887,22.496038
40456,37.416246,22.765965
40477,37.730723,21.960061
480151,37.79656,26.704619
40455,37.416246,22.765965
10811,37.883596,22.011386
60199,37.989594,23.665008
410348,36.994842,22.155702
220065,37.602434,21.724336
220086,37.611075,21.667032
410347,36.994842,22.155702
220026,37.621573,21.702543
220068,37.606242,21.744316
60217,37.99365,23.731034
410325,37.155484,22.041658
10544,38.227992,21.728141
65882,38.019479,23.797614
65883,38.018524,23.796612
65884,38.025618,23.802385
65885,38.025965,23.800014
65886,38.026631,23.799388
410257,37.096542,21.743897
65887,38.026776,23.801789
210154,38.370454,26.130222
50208,39.151896,20.978362
20566,38.630409,21.407103
90850,40.597793,22.955627
20568,38.629338,21.406668
20573,38.625071,21.402998
90851,40.598681,22.954988
20570,38.627862,21.403278
50209,39.154502,20.9814
65880,38.01963,23.799107
20524,38.622744,21.417396
65881,38.019995,23.796196
500204,39.538904,21.768917
260245,40.937601,24.408921
260246,40.937601,24.408921
260247,40.937601,24.408921
20575,38.632743,21.406635
420359,37.736445,23.444328
420371,37.754214,23.43979
420372,37.754656,23.44601
420373,37.751477,23.444185
420360,37.729267,23.444151
10815,38.031554,22.111821
67849,37.770034,24.068428
40459,37.431197,22.680626
67850,37.777533,24.069863
360359,39.293092,22.382997
210155,38.366085,26.13177
210156,38.365933,26.129552
330301,40.3717,22.066123
340499,37.002335,25.149235
340503,36.996867,25.136964
67244,38.076702,23.685814
220293,37.6759,21.445535
240288,35.167514,25.094172
20447,38.392668,21.840338
20448,38.394421,21.840728
66782,37.811168,23.879631
66787,37.813748,23.874803
66788,37.811872,23.867582
66790,37.794241,23.887574
60212,38.053502,23.767037
490116,41.028827,24.040002
480176,37.755964,26.978126
480177,37.756014,26.976952
66804,37.751182,23.906985
50186,39.160803,20.981361
50188,39.158734,20.987185
50190,39.158114,20.982016
50213,39.165564,20.983886
50219,39.162147,20.985769
330291,40.191526,22.012244
190245,40.001259,23.881885
100236,41.102911,24.175701
67453,37.992624,23.336605
300228,39.485933,19.924907
120377,41.024836,26.258122
200426,35.359778,23.594949
200427,35.359778,23.594949
280168,40.455143,21.257794
110732,36.079541,28.019846
110733,36.083177,28.014852
240358,35.328966,25.269853
240360,35.326828,25.275267
220265,37.490378,21.819005
220264,37.555193,21.888266
220241,37.504154,21.766855
60280,38.078062,23.703829
220356,37.530742,21.925786
220357,37.512333,21.962137
410268,37.422831,21.948453
220358,37.511508,21.797027
410296,37.143015,22.231262
220359,37.530648,21.812229
220360,37.54361,21.753596
410273,37.362039,21.731181
460133,35.277091,24.410951
440222,40.270983,22.511121
10681,37.918074,21.744862
10682,37.929713,21.754863
60268,38.283837,23.86524
380008,39.014159,26.285946
180147,39.846783,21.356799
180150,39.88339,21.365121
180149,39.98432,21.412061
170019,38.590296,22.422827
460130,35.192184,24.451016
220262,37.477669,21.837673
460004,35.102886,24.565683
350396,36.666067,22.383709
350397,36.666067,22.383709
350386,36.760664,22.56516
66600,38.014764,23.720475
350401,36.666067,22.383709
460012,35.413653,24.780682
360051,39.284348,22.551357
350402,36.666067,22.383709
40416,37.807319,22.203033
350409,36.760664,22.56516
420268,37.956619,23.533337
350410,36.760664,22.56516
470249,41.11727,25.403166
500336,39.548009,21.76329
500361,39.560453,21.769054
220351,37.807656,21.620306
90842,40.594614,22.953915
67350,38.047757,23.543675
67352,38.051881,23.540133
90845,40.597131,22.953652
20658,38.364454,21.778422
250467,40.048305,20.752019
440252,40.150188,22.540443
20651,38.693452,21.352108
20652,38.697071,21.347207
110799,36.612728,27.13977
91421,40.66483,23.702278
91423,40.66444,23.696194
20671,38.584532,21.440418
380010,39.233476,26.208732
120042,41.192262,26.303783
290091,38.120703,20.558492
250337,39.703311,20.751595
110623,37.150192,26.858695
300237,39.747257,19.758528
110624,37.142454,26.857005
360387,39.895697,22.187763
40494,37.730723,21.960061
60277,38.130942,23.858555
40454,37.416246,22.765965
40493,37.730723,21.960061
100243,41.075061,24.243421
40492,37.730723,21.960061
200110,35.533339,24.076951
240270,35.326853,25.364803
10820,38.031554,22.111821
40428,37.401647,22.134388
190047,40.257949,23.558231
65071,37.976631,23.745349
65070,37.97781,23.745212
65067,37.976988,23.743841
65072,37.977461,23.743643
65049,37.976677,23.741825
65423,38.005411,23.661613
65424,38.005684,23.660342
350365,37.074908,22.430664
65888,38.027162,23.800146
66167,38.020375,23.800114
500300,39.558659,21.766551
500301,39.556566,21.766237
10600,38.2347,21.73737
66766,37.780307,23.895642
260242,40.937601,24.408921
260243,40.937601,24.408921
260244,40.937601,24.408921
50210,39.154646,20.983046
90852,40.595625,22.956278
20574,38.629116,21.404402
50211,39.151069,20.982434
20576,38.633612,21.406098
20577,38.634965,21.407537
50212,39.150145,20.982811
90856,40.59764,22.955869
340500,37.015061,25.147292
410118,37.059192,22.265667
10606,38.250615,22.092925
10674,38.25193,22.089925
10628,38.248191,22.099314
10630,38.246202,22.100257
10643,38.252397,22.076265
10645,38.248204,22.077104
10649,38.250102,22.077864
350263,37.023891,22.440738
320371,37.932507,22.341046
10695,38.057718,21.751309
10692,37.939075,21.677232
10691,37.939075,21.677232
10704,38.031554,22.111821
60113,37.99365,23.731034
520119,37.787826,20.899928
520127,37.787826,20.899928
210006,38.371315,26.136303
520130,37.787826,20.899928
130176,38.809016,23.230753
270302,39.369527,21.920633
410281,37.047998,22.008588
230026,40.632509,22.068259
220273,37.412415,21.85101
20446,38.394053,21.838851
220296,37.672233,21.447615
20449,38.395708,21.843939
67248,38.073968,23.688189
60212,38.053502,23.767037
360159,39.985967,22.254111
40447,37.730723,21.960061
280172,40.481521,21.286893
64456,38.04694,23.80023
280175,40.477881,21.288667
280173,40.488619,21.278905
40449,37.730723,21.960061
100261,41.1539,24.16215
190231,40.37895,23.440378
190232,40.37895,23.440378
60199,37.989594,23.665008
190233,40.37895,23.440378
350423,36.298512,22.964267
340594,37.119351,25.236603
340595,37.131827,25.2179
340596,37.112343,25.216107
66527,37.966778,23.768058
66209,37.977915,23.745068
66196,37.973673,23.748562
66210,37.977274,23.743729
66476,37.970391,23.75391
66664,37.970656,23.752367
66477,37.969534,23.753864
66469,37.969598,23.753358
40418,37.314054,22.302818
350373,36.666067,22.383709
470246,41.305111,25.670573
410270,37.287186,21.817236
180011,40.033989,21.080739
90109,40.615029,22.956364
220354,37.709996,21.719893
390060,38.628179,20.610819
330273,40.313408,21.388389
330275,40.23491,21.287501
20672,38.584859,21.438919
450163,39.131767,20.632961
220261,37.510467,21.819892
500124,37.126005,22.859523
120290,40.963543,26.331526
300183,39.590268,19.894267
300184,39.587556,19.886504
10680,37.939075,21.677232
300143,39.617602,19.882178
260006,40.984748,24.702271
90105,40.687845,22.950508
470018,40.960094,25.135907
10540,38.229193,21.728551
310084,40.99492,22.72806
400220,39.000747,22.876106
90864,40.63357,22.948789
90927,40.638242,22.942224
91067,40.60285,22.951895
20484,38.383198,21.805609
350367,37.074908,22.430664
70279,38.454655,23.220339
410315,37.075441,21.863889
390062,38.667673,20.642712
410335,37.034498,22.111926
410340,37.034498,22.111926
390063,38.664785,20.599755
410344,36.887344,22.231353
10465,38.263285,22.052288
150149,38.606496,22.714329
120260,40.84542,25.873993
220025,37.586347,21.668097
60300,37.831632,23.864347
90097,40.647624,22.946779
10483,38.158472,22.342887
60195,37.97626,23.710291
300039,39.43768,19.971926
260139,40.937601,24.408921
200455,35.517136,23.906412
110625,37.136652,26.856112
110626,37.134915,26.8556
200456,35.517534,23.916512
120033,41.501716,26.531983
150083,38.953604,22.640847
230118,40.638544,22.536033
230121,40.634721,22.497759
230122,40.636083,22.493785
40465,37.401647,22.134388
40476,37.401647,22.134388
40467,37.401647,22.134388
40468,37.401647,22.134388
40474,37.401647,22.134388
40470,37.401647,22.134388
40471,37.401647,22.134388
360358,39.293092,22.382997
360380,39.561688,22.466115
360381,39.560045,22.465865
30314,37.637948,22.807353
360388,39.891265,22.191718
30077,37.724916,22.502273
65425,38.005812,23.662623
65426,38.011006,23.665682
65427,38.003645,23.659568
65428,38.003681,23.660925
65429,38.003505,23.663699
65431,38.011756,23.656642
65432,38.01208,23.655312
520131,37.787826,20.899928
350370,36.959996,22.452459
260248,40.937601,24.408921
320209,37.936443,22.945878
320211,37.935204,22.949237
320212,37.92887,22.939475
320215,37.93826,22.954352
320216,37.93152,22.951368
320218,37.93513,22.928669
320219,37.938223,22.92599
320220,37.938347,22.925635
67249,38.075715,23.696424
90855,40.596869,22.957069
50214,39.153022,20.986981
91283,40.627689,22.94819
91284,40.626959,22.949213
91285,40.62815,22.950692
91286,40.630129,22.945999
91289,40.628847,22.952635
360356,39.673958,22.45454
10654,38.238839,22.052491
500302,39.555815,21.766715
500304,39.556049,21.765087
220291,37.673796,21.44572
500306,39.555137,21.765777
500307,39.554164,21.766297
430123,40.79044,22.418357
430129,40.7909,22.410452
480164,37.613116,26.290172
340683,36.616223,24.946622
480165,37.613778,26.284863
65879,38.02475,23.796928
480166,37.613002,26.292931
480167,37.603402,26.278793
110796,36.384086,28.208576
67441,37.990163,23.340133
20451,38.398612,21.84872
220300,37.671542,21.44505
20457,38.394519,21.83976
20459,38.39531,21.842886
20485,38.380962,21.800071
20621,38.392851,21.828775
66778,37.806862,23.876325
90853,40.596018,22.957995
100260,41.154584,24.159547
320291,38.077501,22.635377
320305,38.076822,22.626217
320306,38.07932,22.62598
10810,38.031554,22.111821
60212,38.053502,23.767037
100258,41.151761,24.157194
100257,41.152631,24.154381
90110,40.730702,22.917343
500251,39.689164,21.797998
130243,38.799471,23.476539
190075,40.100858,23.434407
120108,41.721607,26.212863
10817,38.031554,22.111821
190013,40.050309,23.413119
200428,35.359778,23.594949
67442,37.987585,23.341023
110797,36.383397,28.213827
67443,37.994487,23.341844
110731,36.094263,28.021722
60318,38.203309,23.964059
190040,40.514241,23.824703
350421,36.150358,22.987171
200414,35.292633,23.644195
67444,37.995977,23.342954
300070,39.45117,19.994956
190028,40.37895,23.440378
330276,40.313408,21.388389
330278,40.313408,21.388389
230047,40.546879,22.317385
230052,40.557482,22.472179
330280,40.169817,21.222
410301,37.338476,21.772572
460210,35.394689,24.883483
410299,37.24508,21.831291
410300,37.287186,21.817236
410303,37.034498,22.111926
300187,39.586295,19.902704
170057,38.743741,22.27066
320405,37.92463,22.989236
40483,37.730723,21.960061
40480,37.730723,21.960061
10685,38.158472,22.342887
200411,35.393986,23.942374
10782,38.057718,21.751309
350394,36.666067,22.383709
250450,39.531963,20.691445
40230,37.717603,21.99693
250369,39.255202,20.705869
290137,38.079723,20.724005
200429,35.430934,23.685118
65290,38.011155,23.746333
65499,38.048302,23.753712
65559,38.036488,23.765255
10791,37.887,21.879419
100244,41.092813,24.227193
480152,37.798452,26.710641
360390,39.895697,22.187763
10803,37.883596,22.011386
420358,37.739348,23.436371
110018,36.219286,28.115413
380060,38.974806,26.370284
130149,38.596476,23.549114
440271,40.27188,22.594844
440269,40.267452,22.592067
440270,40.262731,22.594416
65878,38.021049,23.796529
280008,40.520598,21.266574
130165,38.574421,23.642977
500127,39.67,21.661076
380057,39.169031,25.933285
500173,39.639067,21.706516
20645,38.605938,21.49142
20646,38.605381,21.488444
110727,36.024448,27.927585
230120,40.640869,22.531541
230119,40.640869,22.531541
110728,36.02101,27.925051
100242,41.07504,24.241471
100241,41.075489,24.23947
480148,37.778133,26.882672
340540,37.463671,25.386121
67846,37.760486,24.072937
360389,39.888434,22.188637
420361,37.745359,23.435415
67851,37.778649,24.080869
340543,37.435729,25.412619
120385,40.894498,26.171823
67451,37.998178,23.341548
67452,37.998543,23.335105
120386,40.894498,26.171823
190112,40.323819,23.656888
91260,40.630608,22.950461
91261,40.630127,22.950265
91262,40.630006,22.950972
91263,40.631187,22.949541
91265,40.629661,22.952107
91266,40.628156,22.950446
91268,40.627735,22.951103
10227,37.939075,21.677232
340253,37.791469,24.945211
150002,38.774719,22.657666
200360,35.487796,24.060598
110729,36.014946,27.920244
110730,36.008176,27.916116
200477,35.357184,24.268431
390053,38.816023,20.688965
67222,38.081814,23.708179
64384,37.751926,24.04807
60199,37.989594,23.665008
64385,37.746764,24.032717
64386,37.754354,24.033768
67527,38.068722,23.982326
67374,38.053143,23.524878
120113,40.898384,25.997778
67480,38.087381,23.968901
67481,38.084383,23.966143
67482,38.084909,23.960404
67483,38.088103,23.962516
490013,41.022626,23.361722
430090,40.797713,21.835716
67484,38.086304,23.959218
67485,38.092407,23.971019
67730,37.979503,23.994209
66202,37.970941,23.744258
67733,37.975439,23.994531
67734,37.976713,23.988903
67735,37.985335,23.99488
67736,37.987931,23.995056
440199,40.265753,22.520289
70180,38.324171,23.32132
67223,38.078062,23.703829
10238,38.245369,21.735276
460194,35.361651,24.471407
460195,35.366634,24.469764
10238,38.245369,21.735276
70204,38.324935,23.312828
150254,38.901478,22.457301
67375,38.052535,23.524351
67376,38.044674,23.513212
67377,38.045799,23.542762
67379,38.05062,23.548244
67380,38.057696,23.547012
20619,38.593989,21.923913
66133,37.976812,23.914137
90049,40.503906,22.926587
460162,35.365117,24.49052
460163,35.365406,24.491394
460168,35.364571,24.482198
130059,38.462286,23.594232
120356,41.29781,26.01783
350354,37.093189,22.534765
180122,40.148223,21.207357
280147,40.412793,21.062476
240295,34.932358,24.803304
280153,40.581794,21.147508
440226,40.271693,22.515679
440242,40.279569,22.503687
300151,39.614452,19.917681
130458,38.464317,23.587953
67707,37.981639,23.726864
67709,37.98144,23.720158
67292,37.703847,24.051271
65042,37.686184,24.052206
65043,37.680352,24.055356
65044,37.688547,24.06352
120328,41.506231,26.534681
390047,38.826856,20.706437
390048,38.830562,20.707842
390049,38.829558,20.703035
390051,38.829458,20.701846
90860,40.598881,22.9551
500038,39.706242,21.621678
90861,40.598581,22.956572
40390,37.50842,22.365517
65188,38.052845,23.53218
20503,38.625625,21.419396
65189,38.049201,23.530179
65190,38.050073,23.52876
65191,38.053343,23.530777
20504,38.628267,21.418366
130459,38.463187,23.588318
130460,38.46826,23.580025
130461,38.470047,23.577638
130462,38.468069,23.577569
130463,38.467674,23.580497
130464,38.465572,23.579143
60195,37.97626,23.710291
90072,40.633778,22.944027
90100,40.639976,22.934314
460209,35.291926,24.878419
460213,35.342961,24.869401
410310,37.300953,21.965642
410351,36.824975,22.280632
350345,36.666067,22.383709
300146,39.610146,19.923167
60136,37.963987,23.571556
150055,38.856026,22.362496
40423,37.730723,21.960061
10694,37.980519,21.72517
60081,37.985357,23.73388
120353,41.211494,26.202933
120352,41.232855,26.021747
120354,41.232855,26.021747
350360,37.074908,22.430664
320364,38.076095,22.633339
320365,38.076716,22.635752
110639,36.344051,28.19985
110640,36.344051,28.19985
110641,36.344051,28.19985
110642,36.348204,28.20296
91408,40.727601,22.84128
100233,41.177206,23.999809
330290,40.189653,22.009749
40365,37.512726,22.425778
65406,38.013152,23.671384
480110,37.632769,26.088459
66521,37.967333,23.757618
60195,37.97626,23.710291
65843,38.000895,23.797877
300164,39.597709,19.919079
450133,38.956709,20.749542
390055,38.821588,20.702084
390056,38.830817,20.700876
390057,38.829934,20.69755
390058,38.831846,20.699549
390059,38.836147,20.681657
340439,37.101972,25.380812
440185,40.274896,22.501418
67528,38.073378,23.970371
67529,38.071481,23.972402
260178,40.939905,24.415777
260179,40.938954,24.4152
260180,40.942346,24.414432
67530,38.066015,23.981746
67531,38.064051,23.976798
260181,40.941186,24.415721
67670,37.965412,23.732424
67671,37.965949,23.732193
67673,37.967568,23.730668
67675,37.968611,23.731571
67676,37.969392,23.730564
67486,38.091634,23.974438
67678,37.962362,23.720607
67487,38.095562,23.969289
90967,40.607789,22.960976
67488,38.098863,23.970402
500357,39.560453,21.769054
500358,39.560453,21.769054
500359,39.560453,21.769054
500360,39.560453,21.769054
60283,37.841691,23.765129
67192,37.893341,23.881335
67193,37.907874,23.876055
460201,35.365947,24.467877
460202,35.363234,24.465786
460205,35.3629,24.457446
460207,35.363918,24.459461
300131,39.624191,19.9092
91031,40.601819,22.956582
91036,40.600778,22.956844
30152,37.309111,23.160814
30167,37.295678,23.184314
30169,37.303241,23.192744
30170,37.292299,23.172749
30171,37.296863,23.158003
270294,39.35422,21.907309
310015,40.947859,22.448002
270314,39.368431,21.920385
460173,35.361586,24.487507
460174,35.363212,24.488554
460175,35.364529,24.487714
320244,37.937093,22.925758
460177,35.366296,24.491163
130059,38.462286,23.594232
65193,38.050487,23.550237
110644,36.351428,28.206949
110645,36.331309,28.203917
110646,36.333676,28.200025
110647,36.342386,28.198208
60014,37.994463,23.674592
60192,37.997205,23.796123
30322,37.566894,22.807901
91269,40.628936,22.952526
120329,41.507854,26.533568
65045,37.68268,24.065114
120330,41.512559,26.533
64383,37.735921,24.054532
65094,37.738196,24.04316
120331,41.51461,26.533054
120332,41.502076,26.527083
120333,41.500029,26.527171
470243,41.11727,25.403166
470244,41.11727,25.403166
65185,38.053855,23.521199
90862,40.599452,22.957147
65186,38.05044,23.542328
65187,38.049986,23.532833
350029,36.619804,23.013702
100164,41.153187,24.130968
100165,41.15253,24.12917
20505,38.631351,21.419339
67338,38.044179,23.536641
67339,38.047365,23.536985
20506,38.629964,21.417516
20507,38.631533,21.421436
67342,38.049462,23.525333
40370,37.509431,22.372892
40356,37.507227,22.376137
91272,40.629373,22.946956
91277,40.629961,22.950602
91279,40.628708,22.949556
230026,40.632509,22.068259
100169,41.154051,24.118754
100170,41.155114,24.111804
30005,37.637948,22.807353
120027,41.068915,25.903695
140042,39.180174,21.45716
230045,40.637105,22.387914
330282,40.313408,21.388389
200351,35.20201,24.22915
330284,40.213227,21.28241
200353,35.20201,24.22915
200354,35.20201,24.22915
200355,35.20201,24.22915
330285,40.293982,21.138833
180148,39.965725,21.272394
180151,39.980828,21.317518
10700,37.939075,21.677232
350363,37.074908,22.430664
350362,37.074908,22.430664
120355,41.232855,26.021747
10701,38.055211,21.859535
320374,38.022044,22.502919
120357,41.232855,26.021747
350361,37.074908,22.430664
150187,38.640437,23.077032
500170,39.458632,21.619761
330167,40.513196,21.680117
30097,37.298592,23.163564
350369,37.074908,22.430664
40385,37.507227,22.376137
210160,38.371458,26.132379
210161,38.372545,26.131002
210162,38.372689,26.127635
60014,37.994463,23.674592
500057,39.674953,21.5684
40421,37.059478,22.888865
90973,40.604513,22.962018
67489,38.092008,23.967471
190249,40.233037,23.722247
90100,40.639976,22.934314
90097,40.647624,22.946779
90097,40.647624,22.946779
66187,37.978184,23.753132
66206,37.975006,23.74278
440186,40.272274,22.496311
440187,40.274627,22.49459
340442,37.099594,25.380074
340444,37.098929,25.377798
340445,37.097503,25.379949
340447,37.100956,25.381682
340448,37.099867,25.383001
340449,37.103035,25.382138
260182,40.942419,24.411506
67533,38.058241,23.982848
260184,40.940387,24.417782
260185,40.942887,24.415276
260186,40.94192,24.418423
260187,40.940823,24.420086
260188,40.941347,24.416911
260189,40.942043,24.422082
60283,37.841691,23.765129
91245,40.629931,22.946002
91246,40.629515,22.946381
91247,40.629395,22.945293
91248,40.629057,22.947141
370260,35.177368,26.041609
370259,35.077222,25.943153
410341,37.034498,22.111926
370261,35.158888,25.940088
320248,37.934864,22.914433
320250,37.932072,22.911351
320251,37.942349,22.926587
60295,37.989507,23.848313
320252,37.941683,22.930578
90072,40.633778,22.944027
30275,37.568664,22.806569
66972,37.965043,23.921227
140021,39.015227,21.770931
150249,38.900359,22.440416
67367,38.055823,23.528305
67213,37.907037,23.859164
220138,38.032793,21.366597
150250,38.900116,22.45632
67369,38.052891,23.5377
67214,37.909545,23.864866
30173,37.308908,23.14718
270304,39.370052,21.918046
270305,39.371506,21.919405
270308,39.370988,21.914905
340362,37.385116,24.399976
90991,40.610372,22.954486
91010,40.605487,22.95582
520101,37.77761,20.895735
67762,38.023176,23.802156
370255,35.009385,25.739336
370262,35.20824,26.105293
67763,38.023176,23.802156
330286,40.373407,21.237346
410316,37.087182,21.838634
10698,37.980519,21.72517
100098,41.351685,23.710367
67343,38.045327,23.540012
20508,38.630295,21.414356
67493,38.104182,23.969626
66974,37.960917,23.920965
66131,37.96461,23.907222
67494,38.087158,23.981144
60250,37.790985,23.880972
270219,39.365138,21.931155
270228,39.369945,21.93297
120334,41.501316,26.524975
120335,41.502171,26.525231
120336,41.503507,26.524133
120337,41.502383,26.522336
120338,41.501204,26.520149
70205,38.326187,23.31667
70206,38.325094,23.310268
70207,38.327841,23.312929
100166,41.153452,24.127655
100167,41.153335,24.123907
290021,38.223536,20.40382
100168,41.153785,24.116862
80099,39.702441,20.325934
40373,37.503679,22.37351
40374,37.502683,22.371913
40377,37.505914,22.368614
40378,37.502942,22.369949
67344,38.044701,23.535535
67345,38.053482,23.520624
470248,41.11727,25.403166
67208,37.901402,23.864464
67209,37.899601,23.863961
67189,37.905914,23.876568
60014,37.994463,23.674592
67271,38.095159,23.686953
65395,38.013478,23.664443
260216,40.938572,24.420492
260218,40.936897,24.421924
260219,40.939441,24.422723
65401,38.013461,23.670516
220007,37.795263,21.349432
10690,37.939075,21.677232
460132,35.199606,24.41691
220052,37.935577,21.142494
190225,40.026957,23.364314
190007,40.396878,23.879229
440004,40.189198,22.482211
60200,37.993717,23.766011
110239,36.975206,26.937802
350364,37.074908,22.430664
210175,38.482674,25.925713
210172,38.482674,25.925713
210170,38.482674,25.925713
210174,38.488001,26.054818
10693,37.939075,21.677232
470047,41.160111,25.614989
520134,37.787826,20.899928
63263,38.02307,23.690561
60212,38.053502,23.767037
280174,40.48307,21.3135
110657,36.334945,28.177339
60156,37.962081,23.913579
30317,37.566171,22.803538
110659,36.338041,28.171728
110660,36.344898,28.197229
30318,37.566146,22.805949
110661,36.346218,28.196713
110662,36.345556,28.188075
91249,40.628183,22.947216
90097,40.647624,22.946779
60118,37.953297,23.854004
440105,40.269616,22.581728
120374,40.85754,25.934772
440106,40.272392,22.581321
110551,36.413493,28.210201
110552,36.422634,28.208218
340450,37.098026,25.384781
340451,37.10099,25.383274
340452,37.093515,25.393632
340453,37.102796,25.395216
340454,37.107761,25.375339
340455,37.107116,25.379654
340457,37.109694,25.383736
260190,40.942346,24.42393
260191,40.940552,24.418708
260192,40.941384,24.420728
260193,40.943542,24.423608
260138,40.942285,24.40696
64387,37.761816,24.031719
120118,40.908021,25.979779
67478,38.087426,23.973664
91250,40.62963,22.947993
91251,40.628677,22.948065
91252,40.628852,22.949319
91253,40.628298,22.94859
91254,40.628582,22.949516
91259,40.631045,22.950048
300118,39.62515,19.907672
300153,39.612442,19.917092
450130,38.961407,20.746618
20609,38.620036,21.392854
20606,38.617781,21.403332
460187,35.363817,24.470008
460188,35.361562,24.476173
67371,38.049016,23.538509
67216,37.907793,23.87357
67372,38.039863,23.50258
150252,38.899136,22.440718
150253,38.899707,22.45507
67218,37.908172,23.870816
67373,38.049185,23.542189
360124,39.689444,22.078571
460147,35.365365,24.48047
460148,35.365014,24.483456
460150,35.366002,24.479604
60250,37.790985,23.880972
66973,37.960236,23.917999
67491,38.062306,23.981547
67492,38.101797,23.970259
420070,37.963323,23.61963
67086,37.975111,23.99925
440196,40.268815,22.517987
67087,37.979863,23.999304
67088,37.983447,24.001654
67089,37.98632,23.99926
67729,37.973527,23.990926
440198,40.266841,22.517425
70196,38.318324,23.327537
70197,38.313537,23.317746
70198,38.313895,23.320654
520090,37.78474,20.89554
70199,38.312998,23.319447
70201,38.308979,23.317329
70202,38.316213,23.316457
410312,37.484398,21.905548
70208,38.328331,23.309906
240286,35.295437,25.019685
70209,38.327167,23.30848
70210,38.32633,23.298148
310139,40.997812,22.570212
390044,38.829752,20.704595
390045,38.830383,20.705939
390046,38.824236,20.709635
300052,39.653289,19.83109
40379,37.503492,22.368786
40380,37.503926,22.371584
40381,37.502399,22.366717
40382,37.501941,22.368089
40367,37.508031,22.37004
40384,37.50696,22.370992
40386,37.508182,22.369162
40389,37.509112,22.368087
67348,38.047696,23.540545
67349,38.04616,23.537275
67190,37.904885,23.879875
67191,37.899259,23.879452
220253,37.763966,21.616804
500250,39.548704,21.764335
500335,39.549347,21.761606
500351,39.557434,21.755132
410313,37.484398,21.905548
270168,39.379563,21.867015
10702,38.055211,21.859535
410042,37.034498,22.111926
330133,40.209735,21.843443
90099,40.635633,22.954865
410305,37.298981,21.698676
110745,37.310061,26.546648
200356,35.247822,24.260003
200357,35.291535,24.176083
140062,39.161431,21.437614
200358,35.291535,24.176083
140077,38.74502,21.653151
60302,38.023857,23.457313
220259,37.55075,21.819663
40427,37.059478,22.888865
410349,37.034498,22.111926
62059,38.111718,23.864549
62069,38.102942,23.846851
340458,37.1092,25.381403
100262,41.147834,24.156472
40479,37.730723,21.960061
60212,38.053502,23.767037
100259,41.153555,24.157554
60203,38.002826,23.731733
330302,40.355716,21.946797
330303,40.359069,21.92762
30319,37.566407,22.807035
30321,37.566635,22.806526
360120,39.755045,22.861223
100251,41.154761,24.131659
100252,41.156852,24.132175
100144,41.156258,24.129539
100253,41.154252,24.140545
100254,41.15494,24.141752
110643,36.349672,28.200564
65422,38.005083,23.65872
320202,37.937103,22.943285
320204,37.937981,22.945374
67226,38.087316,23.705514
320205,37.938235,22.945974
320207,37.937949,22.947037
440234,40.267216,22.510907
62060,38.110711,23.86527
420064,37.712795,23.522591
10712,38.055211,21.859535
10711,38.055211,21.859535
140056,38.870858,21.698419
410343,36.824975,22.280632
10714,38.055211,21.859535
210157,38.366634,26.126885
90740,40.700485,22.93049
10370,38.192421,21.731139
10551,38.220307,21.728027
10552,38.220726,21.720633
400132,39.374487,22.934747
250439,39.705585,20.729567
360279,39.630483,22.409969
250471,38.047365,23.536985
410336,37.034498,22.111926
91233,40.635927,22.948179
91234,40.636246,22.947682
320217,37.929159,22.952006
91235,40.633641,22.948652
66501,37.967024,23.764632
66503,37.965418,23.765873
65407,38.009236,23.671331
66486,37.968229,23.758639
66487,37.970312,23.760308
10539,38.230093,21.730656
66488,37.969103,23.75997
420006,37.709792,23.349831
350355,37.093189,22.534765
350357,37.074908,22.430664
280156,40.429381,21.201356
280158,40.396769,21.129911
350352,37.074908,22.430664
310067,40.859131,22.884465
260223,40.936459,24.399759
260224,40.937403,24.3995
65405,38.015113,23.67217
10553,38.216155,21.719095
10554,38.225689,21.727198
10555,38.22563,21.727452
10556,38.215308,21.722939
10558,38.2426,21.730083
470257,41.11727,25.403166
470258,41.11727,25.403166
30075,37.766077,22.474627
410337,36.786376,22.328683
320156,37.931905,22.898858
320157,37.931178,22.894492
91238,40.636024,22.947695
320145,37.93039,22.890726
320257,37.939445,22.934142
250388,39.669623,20.590652
150050,38.874917,21.964174
250389,39.596052,20.572677
330161,40.383306,21.696728
410087,37.380875,21.741647
250390,39.596052,20.572677
66496,37.972244,23.75518
30172,37.301323,23.159289
10541,38.228237,21.729357
320222,37.937225,22.92217
67266,38.083421,23.679517
270220,39.366244,21.930249
270221,39.368154,21.930821
67267,38.087713,23.686538
210132,38.362787,26.14144
210136,38.359265,26.143228
210137,38.358245,26.135348
210138,38.356849,26.130412
210150,38.368327,26.128071
210151,38.368127,26.125687
350039,36.528603,23.115359
60106,38.08545,23.977012
260055,41.012758,24.382482
10722,38.057718,21.751309
10721,38.057718,21.751309
250452,39.531963,20.691445
470260,41.128114,25.223917
10706,38.031554,22.111821
250371,39.533472,20.880224
230046,40.589423,22.250088
300193,39.622478,19.916805
300195,39.619413,19.915696
250392,39.596052,20.572677
150051,38.749616,22.782166
66182,37.976907,23.753248
66183,37.977031,23.753751
67592,37.837023,23.92672
67593,37.835527,23.926135
67595,37.838706,23.931086
270226,39.3707,21.929522
67268,38.086784,23.68064
270227,39.370059,21.93071
67269,38.091947,23.688872
130371,38.460188,23.602147
64394,37.863282,24.027164
130372,38.458988,23.60381
65386,37.857431,24.023012
130375,38.466417,23.598745
66594,38.013129,23.722343
190219,40.340672,24.121759
66608,38.01652,23.723757
66606,38.015966,23.724999
66605,38.017782,23.719857
420193,37.952169,23.638757
420192,37.950721,23.638706
200302,35.504324,24.022997
200303,35.50242,24.022992
300196,39.619752,19.915479
300197,39.619872,19.913781
300198,39.619296,19.913738
300199,39.618033,19.9205
130398,38.469637,23.605757
300208,39.624057,19.919472
10451,38.209766,21.729095
200237,35.514682,24.026556
67596,37.83999,23.932715
67597,37.840905,23.941366
67598,37.840803,23.926736
67600,37.841343,23.924306
410319,37.242759,22.001249
250442,39.596052,20.572677
150373,39.024798,22.253664
150374,39.036917,22.283888
410353,36.887344,22.231353
410354,37.034498,22.111926
130376,38.467565,23.59814
290033,38.364905,20.720566
180020,40.158538,21.62955
65409,38.011243,23.672768
66507,37.965811,23.76865
66509,37.964571,23.768297
200304,35.50439,24.024752
200305,35.504011,24.026371
66644,37.967765,23.748614
200306,35.504224,24.027566
66645,37.969403,23.751576
200307,35.503998,24.030469
66646,37.969924,23.750822
110439,36.432416,28.228445
300101,39.627264,19.92117
300052,39.653289,19.83109
60258,37.934122,23.641061
10703,38.031554,22.111821
10717,38.057718,21.751309
10720,38.057718,21.751309
10780,37.980519,21.72517
10781,38.055211,21.859535
410333,37.034498,22.111926
410332,37.034498,22.111926
10559,38.242829,21.730177
320195,37.935865,22.935736
60097,37.994297,23.346995
250449,39.751575,21.075353
110783,35.950172,27.874773
110785,36.067932,27.793856
460057,35.417439,24.691636
67202,37.897373,23.878609
67201,37.895964,23.877205
67200,37.895114,23.878287
10523,38.226369,21.737218
450152,38.964345,20.748858
65410,38.012272,23.673674
450154,38.965547,20.748947
450155,38.968626,20.748803
320223,37.936284,22.923263
320224,37.938987,22.922841
67203,37.899291,23.871137
67205,37.898542,23.868279
60195,37.97626,23.710291
66524,37.966897,23.760906
65848,37.99376,23.799977
65855,37.999002,23.792208
420305,37.965213,23.515996
67614,37.955552,23.656807
67615,37.95543,23.657957
10560,38.24269,21.732251
10561,38.244127,21.728747
320196,37.934653,22.935461
10563,38.244166,21.732011
320198,37.936946,22.938782
10566,38.241433,21.730608
10705,38.031554,22.111821
50016,39.272703,21.289098
250374,39.54681,20.780308
10524,38.232597,21.736543
10525,38.231761,21.740597
10526,38.231975,21.74486
66185,37.976152,23.756037
66186,37.978383,23.75418
66513,37.974067,23.753551
66514,37.972408,23.754302
67206,37.900841,23.866933
67207,37.902234,23.867441
10542,38.230475,21.724379
10543,38.231926,21.731642
67270,38.092862,23.693031
270230,39.373477,21.928811
270231,39.373104,21.931374
67272,38.096803,23.691633
67619,37.957436,23.658062
420310,37.967987,23.514995
420303,37.96332,23.518158
350347,36.847265,23.001544
350350,36.847265,23.001544
350359,37.074908,22.430664
20488,38.626804,21.411783
20489,38.627405,21.41394
65048,37.979821,23.74909
10708,38.055211,21.859535
250365,39.751653,20.649166
250379,39.723116,21.062614
250384,39.751653,20.649166
110622,35.503931,27.235593
250424,39.751653,20.649166
250455,39.751653,20.649166
250381,39.751575,21.075353
250461,39.898895,20.398567
250385,39.751575,21.075353
130399,38.471244,23.608
300209,39.617535,19.92013
66188,37.978031,23.751523
66190,37.974053,23.749623
66191,37.974108,23.75103
66516,37.965763,23.771488
67602,37.838271,23.923328
67603,37.833667,23.916898
67604,37.828582,23.90525
67605,37.826115,23.91029
450144,38.958585,20.74671
450145,38.959634,20.746651
66830,37.958191,23.747757
450146,38.961578,20.749417
330083,40.513196,21.680117
30229,37.640901,22.72628
30230,37.641052,22.732814
65066,37.980696,23.748834
320214,37.941337,22.946179
65069,37.975763,23.745597
66205,37.975747,23.744182
90623,40.604038,22.966947
90624,40.603806,22.965954
90625,40.604884,22.966306
130400,38.469968,23.608261
130401,38.471684,23.606982
130402,38.471072,23.604385
130403,38.472374,23.603697
130404,38.473593,23.604483
320394,38.077926,22.63089
520133,37.787826,20.899928
250364,40.003356,20.424554
250368,40.003356,20.424554
67606,37.819092,23.903028
67607,37.815787,23.903201
67717,37.83447,23.929495
66189,37.977942,23.750658
66207,37.975374,23.741251
110788,36.612032,27.134667
460231,35.343791,24.601574
350229,36.7181,22.859967
110786,36.067932,27.793856
150260,38.901441,22.431399
150312,38.894423,22.445112
67611,37.954001,23.655785
490113,41.078212,23.742648
65411,38.010995,23.662189
65412,38.01059,23.663322
400078,39.361904,22.946673
90626,40.605146,22.96696
90627,40.604933,22.966203
90628,40.602876,22.969412
90629,40.605279,22.967503
90630,40.603016,22.969968
66709,38.064942,23.593021
66726,38.044422,23.588899
66710,38.064898,23.595265
250394,39.596052,20.572677
250395,39.531963,20.691445
250397,39.410604,20.697981
410330,37.100209,22.234582
90134,40.495727,22.834214
410323,37.018105,21.829986
90034,40.613632,22.685367
250422,39.596052,20.572677
360033,39.968634,22.462846
65433,38.009134,23.658497
65434,38.009444,23.65698
220396,37.100209,22.234582
370063,35.081885,25.710497
360157,39.639308,22.41592
66483,37.968505,23.757335
66199,37.973811,23.74674
10527,38.227949,21.743943
10529,38.228026,21.740404
10530,38.225093,21.747142
65413,38.009791,23.661468
500261,39.555902,21.768555
400078,39.361904,22.946673
500262,39.555358,21.76979
440238,40.270281,22.507051
440239,40.272255,22.506449
440240,40.277561,22.505853
440241,40.27484,22.508843
340119,36.743604,24.425305
210126,38.358986,26.134919
210127,38.358803,26.131773
210128,38.36523,26.138485
210129,38.365055,26.136728
110456,36.121889,28.059274
66601,38.014519,23.71906
66602,38.0148,23.71813
67227,38.088592,23.709001
65435,38.009781,23.655279
65436,38.008755,23.655279
65437,38.010963,23.653679
65438,38.010219,23.651595
400067,39.178201,23.617112
250386,39.865649,20.560495
10532,38.222699,21.74668
10533,38.226824,21.736602
10534,38.225325,21.738514
10535,38.223169,21.735863
66192,37.973562,23.750891
66517,37.970757,23.756936
66518,37.969436,23.755908
66193,37.972192,23.749412
440243,40.272863,22.50535
440244,40.278957,22.505924
350356,37.012405,22.488711
440245,40.280576,22.506686
440246,40.271086,22.513627
450147,38.962046,20.749867
65952,37.957015,23.745959
450148,38.969676,20.735465
66611,38.015366,23.715551
66609,38.017384,23.725021
190079,39.971946,23.401476
360150,40.06643,22.229915
260022,40.690193,24.620911
150330,38.894162,22.439158
150332,38.892437,22.438434
60312,38.166562,23.3382
250391,39.806178,21.002102
250398,39.531963,20.691445
60296,38.04198,23.541069
250411,39.806178,21.002102
370120,35.108444,25.804196
250404,39.806178,21.002102
130405,38.473612,23.606499
130406,38.46953,23.608591
260208,40.940191,24.421479
260209,40.938733,24.415727
260210,40.938384,24.416209
260211,40.937547,24.416784
66184,37.976795,23.755697
130408,38.471265,23.6094
130410,38.46905,23.615058
130411,38.470158,23.610089
450149,38.962399,20.745877
65394,38.014307,23.66309
65396,38.013654,23.667501
260217,40.939476,24.421212
260220,40.936518,24.422966
140167,38.907574,21.818411
130437,38.468683,23.624392
130438,38.470881,23.623439
150334,38.892676,22.43748
370079,35.20824,26.105293
460053,35.097875,24.685571
200301,35.499363,24.016443
66643,37.968653,23.749906
90631,40.602564,22.970329
90632,40.60306,22.971175
130407,38.470041,23.609182
67219,37.911018,23.873886
67220,37.912802,23.869584
67221,37.918766,23.875353
500253,39.557702,21.775887
250370,39.898895,20.398567
250423,39.806178,21.002102
250373,39.898895,20.398567
250401,39.410604,20.697981
250426,39.751653,20.649166
250418,39.898895,20.398567
130413,38.471679,23.620974
130412,38.47065,23.61832
91109,40.612874,22.959706
91110,40.611634,22.957935
66497,37.967694,23.763276
66200,37.971161,23.748963
340433,37.398575,24.398877
420116,37.932545,23.535732
140168,38.907848,21.801883
150333,38.895525,22.441549
140161,38.915217,21.793509
140165,38.915217,21.793509
65414,38.008752,23.661001
65415,38.007527,23.660653
90633,40.602034,22.9712
90634,40.603871,22.969572
90635,40.603473,22.968737
90636,40.604441,22.969157
90637,40.604935,22.969114
90638,40.604271,22.968135
210130,38.362972,26.134942
210131,38.362841,26.138189
240115,35.300624,25.231479
10697,37.939075,21.677232
250464,39.898895,20.398567
250459,39.596052,20.572677
250458,39.751653,20.649166
250453,39.696019,20.991927
250429,39.865649,20.560495
250444,39.70479,20.675893
60330,37.901271,23.873896
65439,38.0088,23.65283
65050,37.971676,23.744657
65065,37.970912,23.740574
66203,37.971954,23.742206
65088,37.974135,23.742677
66489,37.968293,23.759719
66520,37.969715,23.758473
66522,37.969933,23.76115
65416,38.008822,23.663547
65417,38.007879,23.663533
65418,38.00631,23.661673
65419,38.006049,23.656456
65420,38.006625,23.659169
440247,40.276474,22.514135
440227,40.274149,22.515047
10545,38.221693,21.730443
10546,38.223056,21.728046
320190,37.937082,22.937452
10547,38.222962,21.727012
10549,38.220467,21.72949
320192,37.938134,22.936015
10550,38.226424,21.722884
520125,37.876567,20.663739
470045,41.132129,25.720826
67229,38.085238,23.711732
65440,38.007051,23.652221
67230,38.083441,23.715196
91229,40.634318,22.948277
20327,38.617672,21.293697
240074,34.986911,25.290557
320064,38.029728,22.949532
250399,39.898895,20.398567
66523,37.968596,23.762748
10538,38.22744,21.731009
66484,37.96882,23.758032
66485,37.967539,23.756956
260212,40.939695,24.418555
260213,40.938666,24.419008
260214,40.9376,24.41993
260215,40.940449,24.420276
440228,40.273346,22.517968
440229,40.277513,22.515484
440230,40.282328,22.514971
440231,40.280408,22.516235
440232,40.283199,22.519165
440233,40.2946,22.525638
65397,38.011192,23.668034
65398,38.012924,23.668307
470046,41.211614,25.732292
470060,40.873685,25.510188
520118,37.787826,20.899928
520121,37.876567,20.663739
470252,41.11727,25.403166
10699,37.939075,21.677232
470253,41.11727,25.403166
520129,37.787826,20.899928
520124,37.876567,20.663739
470061,40.882986,25.503527
520117,37.876567,20.663739
470255,41.11727,25.403166
470256,41.11727,25.403166
130365,38.4498,23.59036
250396,39.806178,21.002102
250378,39.596052,20.572677
30078,37.700288,22.470939
40231,37.743939,22.019855
300046,39.477516,19.912498
250387,39.596052,20.572677
150099,38.882688,21.959904
500254,39.556956,21.773514
500255,39.555957,21.774603
500256,39.555259,21.773933
66194,37.97214,23.75237
66195,37.974039,23.748663
66519,37.968576,23.75631
80129,39.503707,20.263673
91111,40.611918,22.958816
91112,40.612048,22.959371
91113,40.61219,22.959983
65399,38.013076,23.669622
65400,38.01188,23.670135
65402,38.014966,23.668387
65403,38.014932,23.670343
260222,40.938872,24.39735
150352,38.889566,22.42312
420274,37.955333,23.528371
420275,37.951668,23.531323
200016,35.51137,24.013618
30208,37.630137,22.718525
300111,39.626028,19.922978
300189,39.621651,19.914396
300190,39.622123,19.917828
130367,38.456853,23.599553
240141,35.126468,24.828295
360148,39.630483,22.409969
500258,39.557585,21.777733
500259,39.546694,21.781482
67590,37.839324,23.928503
60156,37.962081,23.913579
67591,37.837931,23.929275
250427,39.806178,21.002102
250448,39.480936,20.882542
250441,40.003356,20.424554
250435,39.696019,20.991927
250436,39.751575,21.075353
250438,39.751575,21.075353
91114,40.612414,22.960957
91115,40.611423,22.95997
130369,38.455526,23.600427
130370,38.454255,23.600665
10257,38.258667,21.744399
370079,35.20824,26.105293
10257,38.258667,21.744399
420279,37.950954,23.539286
150286,38.901441,22.431399
420280,37.943763,23.541563
420281,37.94242,23.54673
420300,37.96418,23.522015
420302,37.961685,23.517722
67224,38.084696,23.706753
67225,38.086656,23.708051
420008,37.747941,23.429644
360190,39.544829,22.210921
110229,36.271784,27.83123
480156,37.794492,26.696856
480160,37.794222,26.683375
480157,37.79375,26.694739
480158,37.795958,26.691852
480159,37.794667,26.68677
66198,37.973023,23.747636
65861,38.026664,23.80662
66480,37.968939,23.756423
65867,38.019149,23.800391
66492,37.968993,23.761502
460183,35.36198,24.474125
460184,35.364935,24.470809
91182,40.739107,23.720085
91183,40.741885,23.721021
91187,40.745759,23.726811
65467,38.011464,23.645943
65468,38.02061,23.651215
240281,35.34007,25.132706
460161,35.3639,24.489508
460164,35.364217,24.490897
60193,38.008248,23.698936
100238,41.05094,24.18819
60193,38.008248,23.698936
60193,38.008248,23.698936
100239,41.053097,24.190293
300155,39.606915,19.920168
270266,39.362193,21.927892
150049,38.777666,22.784298
65068,37.981577,23.750276
66178,37.97568,23.752859
80110,39.503707,20.263673
66135,37.974625,23.903658
260091,40.937601,24.408921
460185,35.363845,24.473294
460186,35.363118,24.472415
10238,38.245369,21.735276
460189,35.359727,24.476431
200453,35.52369,23.843136
66945,38.018811,23.731875
66963,38.020493,23.734626
10827,38.166344,22.07178
460165,35.36482,24.493306
130059,38.462286,23.594232
460166,35.358312,24.499109
460092,35.365483,24.507976
460167,35.367069,24.478696
370264,35.252615,25.72702
370265,35.247911,25.72893
300126,39.618765,19.915194
300127,39.616086,19.904442
450127,38.962831,20.749945
450128,38.960849,20.747355
300156,39.605643,19.921268
300157,39.604135,19.922022
450129,38.961529,20.752186
90996,40.60749,22.954348
20468,38.392711,21.823339
20469,38.390817,21.82293
20470,38.39003,21.820019
50177,39.157538,20.995662
50178,39.15874,20.995335
50179,39.156619,20.993666
50180,39.15635,20.994851
120283,40.475876,25.474407
350429,36.298512,22.964267
200131,35.38257,24.143041
60201,38.012936,23.659206
200113,35.496044,23.961569
430045,40.842212,22.300085
350428,36.298512,22.964267
130474,38.478479,23.572677
460152,35.36399,24.481868
20582,38.633431,21.398108
370266,35.262507,25.721058
370267,35.263822,25.721604
340608,37.051661,25.498197
340610,37.058799,25.475252
340611,37.053105,25.480248
340609,37.064194,25.484799
65870,38.017307,23.799571
65873,38.020851,23.798399
91000,40.606837,22.955173
91008,40.605385,22.954329
91009,40.605387,22.955351
90092,40.465349,22.860726
520091,37.777961,20.894153
520094,37.783244,20.897388
150261,38.912197,22.427623
120284,40.475813,25.475126
120285,40.473463,25.473853
120286,40.472377,25.482713
110305,37.347586,26.554572
110742,37.329451,26.543382
190234,39.971946,23.401476
260276,40.946808,24.209797
110743,37.329929,26.546628
91122,40.61099,22.962423
460153,35.365983,24.481767
460154,35.362737,24.484976
20583,38.634246,21.404766
460155,35.363131,24.481845
66493,37.967637,23.76097
66495,37.96876,23.762059
66201,37.971428,23.744862
65874,38.022004,23.799315
500282,39.552021,21.774658
65875,38.021799,23.797119
500284,39.551445,21.766137
370160,35.140117,25.659967
500286,39.550763,21.774208
320181,37.938664,22.936923
67258,38.084793,23.694755
150262,38.913942,22.427467
150263,38.91468,22.428644
150267,38.907642,22.430536
150268,38.908329,22.431947
150269,38.908436,22.428967
410280,37.049106,22.011399
410282,37.049763,22.004335
10484,38.230637,21.732816
10485,38.232218,21.733877
10486,38.22833,21.732572
10487,38.234238,21.737326
10489,38.230428,21.737179
10490,38.231431,21.735456
10491,38.228269,21.738401
150270,38.908974,22.427299
180146,39.948786,21.236268
10257,38.258667,21.744399
66498,37.967333,23.763287
66506,37.965961,23.767722
460191,35.361943,24.481893
460192,35.363158,24.473388
460193,35.362779,24.471979
130304,38.952661,24.491923
20544,38.618022,21.415911
65472,38.02125,23.647207
65475,38.014094,23.636682
65476,38.015321,23.635277
210171,38.334261,26.099523
460169,35.366034,24.483815
90049,40.503906,22.926587
60193,38.008248,23.698936
60193,38.008248,23.698936
60193,38.008248,23.698936
260274,40.960996,24.147503
60193,38.008248,23.698936
67037,38.006618,23.914962
20580,38.636933,21.405561
20581,38.630971,21.401535
460149,35.364681,24.489238
500060,39.621157,21.3463
460151,35.365655,24.480619
66971,37.963101,23.919045
460196,35.360945,24.472375
460197,35.360486,24.475109
460198,35.359514,24.471512
460200,35.356953,24.474832
460203,35.363784,24.456162
350430,36.298512,22.964267
10795,37.904637,21.929568
200408,35.46698,23.799093
200409,35.46698,23.799093
200401,35.32479,24.336992
280001,40.455143,21.257794
460170,35.361675,24.485336
460171,35.360121,24.486007
320239,37.931129,22.916748
320240,37.938933,22.92633
40419,37.059478,22.888865
300235,39.671516,19.741823
300236,39.680808,19.745022
300128,39.621845,19.911546
300160,39.614944,19.917017
300129,39.622454,19.910055
450131,38.961249,20.750844
300130,39.621581,19.907697
300162,39.613202,19.917496
300163,39.610016,19.924616
450132,38.962997,20.753316
110589,36.419534,28.219438
110599,36.413493,28.210201
270286,39.360044,21.915988
260204,40.937836,24.421532
320191,37.938511,22.950376
320200,37.931956,22.939408
80136,39.503707,20.263673
66515,37.972345,23.753264
110627,37.132945,26.852732
110628,37.133712,26.851937
110629,37.130116,26.860388
200218,35.499937,23.973645
20584,38.632751,21.396876
460156,35.364612,24.4848
460157,35.364968,24.486094
120365,40.857164,25.753516
120366,40.848476,25.7311
350426,36.298512,22.964267
60198,37.927925,23.749884
470012,41.166555,25.637878
270309,39.372339,21.915849
270310,39.372509,21.916868
410277,37.057048,22.00818
520096,37.781159,20.895579
520097,37.776939,20.898736
40420,37.059478,22.888865
520098,37.774632,20.895032
520099,37.779016,20.89493
520100,37.771475,20.899535
520102,37.785091,20.896634
520103,37.778489,20.893817
480161,37.794167,26.681388
480163,37.782785,26.706392
480162,37.792554,26.683369
90100,40.639976,22.934314
110648,36.340181,28.19931
90100,40.639976,22.934314
280171,40.455143,21.257794
110651,36.318179,28.191268
91013,40.604338,22.954575
10594,38.239646,21.739031
10595,38.239666,21.740693
10596,38.236414,21.743638
65408,38.010837,23.67034
450150,38.961927,20.745902
66510,37.965499,23.769942
410278,37.076081,21.998344
67196,37.900065,23.880857
67197,37.898969,23.881567
67198,37.900441,23.89915
100183,41.1504,24.148087
65853,37.999866,23.792427
130468,38.471138,23.582985
65859,38.023562,23.807752
410283,37.047899,22.000778
410284,37.048895,22.006383
410285,37.045855,22.003602
410286,37.044338,22.001073
410287,37.047158,22.006515
410288,37.04595,22.009542
410289,37.04173,21.96312
410290,37.063557,21.996727
67720,37.960332,23.652997
67721,37.961079,23.652083
67722,37.959796,23.654568
67723,37.960825,23.655019
67724,37.961316,23.654217
67725,37.961591,23.653578
67727,37.961175,23.655985
150259,38.901441,22.431399
450151,38.965442,20.754729
66512,37.970495,23.758753
450153,38.965856,20.745533
500260,39.556221,21.768982
320208,37.937232,22.948265
190235,39.991873,23.602967
70302,38.374885,23.110674
190200,39.987516,23.616935
65869,38.017913,23.799882
65876,38.020303,23.797752
130456,38.467738,23.587698
410055,37.034498,22.111926
60281,37.866011,23.746916
320241,37.924706,22.931572
320242,37.940299,22.924482
100240,41.047382,24.184922
60193,38.008248,23.698936
480140,37.709502,26.690048
480141,37.709351,26.68068
480142,37.707497,26.669614
480143,37.694028,26.921048
480144,37.693939,26.917249
480145,37.696584,26.957046
80092,39.55176,20.274767
220299,37.669679,21.447809
67251,38.078802,23.696645
67252,38.08096,23.697601
20456,38.391739,21.839243
20458,38.393388,21.839712
20461,38.401006,21.854758
20463,38.404859,21.862465
20466,38.393293,21.829093
90776,40.739101,23.042558
410328,37.155484,22.041658
10818,38.031554,22.111821
110679,36.543634,26.344331
10825,38.031554,22.111821
230124,40.484904,22.34334
110630,37.112084,26.86322
200368,35.485045,23.961487
110631,37.156614,26.845222
200369,35.487274,23.96674
130059,38.462286,23.594232
320243,37.938969,22.924709
460176,35.365835,24.487538
460178,35.365839,24.494329
320245,37.93687,22.922462
460179,35.365999,24.500359
60198,37.927925,23.749884
91040,40.610473,22.953834
230034,40.651554,22.078088
300113,39.622308,19.910561
410256,36.895158,22.224235
300145,39.624258,19.866971
91069,40.602258,22.953231
91085,40.600333,22.953773
91087,40.599487,22.953186
340592,37.541342,25.156682
340593,37.540868,25.156374
190192,39.974057,23.370441
330294,40.261582,21.549366
330295,40.26247,21.547696
330296,40.262746,21.54658
330297,40.263941,21.545578
330298,40.250648,21.557092
120380,41.192262,26.303783
110666,36.614986,27.83478
110632,37.160583,26.836107
200370,35.50136,23.967926
110633,37.165916,26.835521
200371,35.483394,23.968794
110634,37.16718,26.837119
10597,38.242939,21.732817
10598,38.243229,21.7332
10599,38.235077,21.73619
60198,37.927925,23.749884
60198,37.927925,23.749884
60198,37.927925,23.749884
470054,41.19512,25.590352
400215,39.190978,23.217244
100184,41.149133,24.148728
520105,37.776303,20.894328
520106,37.77503,20.894909
320230,37.937327,22.918835
320231,37.930599,22.928529
320232,37.927065,22.927091
320233,37.934971,22.925271
320234,37.935384,22.917074
320235,37.935048,22.923538
320236,37.932172,22.924117
320237,37.930014,22.928185
91060,40.604001,22.952557
91061,40.60373,22.95301
91065,40.603077,22.953197
91066,40.602717,22.952913
91068,40.602268,22.951422
91086,40.599887,22.954201
91088,40.599176,22.952852
65842,37.99848,23.800941
65844,38.000499,23.797097
65845,37.999913,23.79922
65846,37.995339,23.799795
65847,37.993716,23.796732
66204,37.977185,23.749279
320210,37.940451,22.943505
320213,37.940981,22.945946
67199,37.896956,23.876044
100185,41.148561,24.147174
270312,39.376518,21.912275
100186,41.14589,24.147374
270235,39.365219,21.920051
100187,41.147503,24.148248
100188,41.14639,24.149327
260272,40.960996,24.147503
410293,37.073675,21.98843
200145,35.527446,23.819983
67242,38.070938,23.694478
67243,38.07099,23.68879
67245,38.068823,23.678571
220294,37.670553,21.442948
67246,38.080775,23.682193
70214,38.440022,22.890299
70215,38.430302,22.918208
70217,38.437621,22.886024
70218,38.440192,22.887362
70219,38.4371,22.886769
70220,38.43887,22.886757
70221,38.439151,22.887823
340467,37.453836,24.943403
20467,38.392376,21.826712
67228,38.086721,23.711226
20494,38.630174,21.412605
20496,38.632929,21.410839
130003,38.840478,22.881231
65444,38.01303,23.653422
60293,38.005789,23.876095
20587,38.635351,21.401017
340538,37.454909,25.378694
130147,38.75637,23.585769
340539,37.456402,25.399879
250235,40.061203,20.439928
420379,37.765286,23.427194
420380,37.755101,23.450189
420381,37.756727,23.458209
420382,37.762217,23.455842
460180,35.364953,24.500208
150178,38.567836,22.704061
340548,37.452654,25.367862
340549,37.446062,25.40637
340550,37.470123,25.428305
360357,39.677693,22.477196
340552,37.447327,25.434026
340553,37.429082,25.390208
420008,37.747941,23.429644
450134,38.95574,20.749377
450135,38.962653,20.751794
460181,35.366863,24.50006
20591,38.636914,21.395732
460097,35.366961,24.504677
460182,35.365692,24.474016
50084,39.206659,21.085813
260106,40.986715,24.373572
110653,36.337287,28.190817
460158,35.363362,24.487527
20588,38.636738,21.402458
460159,35.366333,24.488953
460160,35.365765,24.486809
20590,38.638096,21.401853
220392,37.848889,21.251005
110635,37.161318,26.829562
110636,37.160847,26.823211
320246,37.938323,22.920454
320247,37.936733,22.917635
300119,39.625717,19.904524
300123,39.619788,19.911874
300124,39.620835,19.90533
300125,39.624007,19.914135
450126,38.959611,20.747251
70308,38.502844,22.992698
10488,38.233426,21.737274
10253,38.004539,21.490031
10492,38.230994,21.736085
110706,35.891569,27.772498
10499,38.233108,21.741647
65051,37.977152,23.754559
270263,39.361995,21.92899
270265,39.36081,21.927734
200375,35.353178,24.286666
320039,38.011051,22.751111
320039,38.011051,22.751111
200450,35.521231,23.852022
200451,35.51977,23.856129
130465,38.464396,23.576757
130466,38.466087,23.57577
220393,37.847565,21.246863
220394,37.876487,21.266631
220395,37.876586,21.267182
340606,37.05259,25.497726
370268,35.257747,25.727889
65849,38.000524,23.792045
65851,38.001764,23.793915
60232,38.03776,23.691172
430093,40.797713,21.835716
90983,40.603691,22.959728
90987,40.603887,22.959192
90990,40.609357,22.954855
67490,38.066116,23.982204
130327,38.85339,24.567368
270253,39.365219,21.920051
320238,37.933182,22.918462
20578,38.632014,21.402552
67032,38.003113,23.922138
67033,38.00374,23.919166
67034,38.004476,23.92014
20579,38.632887,21.407839
67035,38.001772,23.913647
67036,38.004681,23.914494
130467,38.462297,23.57232
130470,38.460413,23.557536
130471,38.473446,23.580984
130472,38.473508,23.576264
130473,38.474115,23.574203
65852,38.000247,23.793874
66208,37.977525,23.746421
65856,38.000891,23.79497
130452,38.472849,23.588884
65857,38.00154,23.792457
130453,38.470427,23.589792
65866,38.019438,23.801698
65452,38.013466,23.65145
91176,40.725786,23.70801
100189,41.147031,24.147126
100190,41.146883,24.143514
100191,41.146384,24.146855
100192,41.146366,24.150069
150255,38.900717,22.460542
150257,38.907306,22.431394
150258,38.908618,22.43009
420383,37.758066,23.465902
67247,38.075177,23.690418
220297,37.670584,21.447476
430013,40.79592,22.415238
110557,36.424276,28.2095
110561,36.427831,28.213837
110570,36.427444,28.212461
390009,38.833253,20.704361
90612,40.599958,22.970428
60081,37.985357,23.73388
90613,40.602743,22.965513
90614,40.602552,22.965769
90615,40.60188,22.9658
90616,40.60338,22.964959
90617,40.6041,22.964773
110506,36.877139,27.28938
110507,36.877417,27.294245
110508,36.881706,27.273648
110466,36.890498,27.295233
110402,36.437439,28.232642
110365,36.431939,28.214188
340175,37.861953,24.887873
280008,40.520598,21.266574
110471,36.885533,27.29353
310128,40.989897,22.871177
310124,40.990632,22.870784
110224,36.29236,28.161642
310127,40.991062,22.871688
90700,40.592138,22.975024
90648,40.601299,22.973417
110227,36.253343,28.158757
110017,36.25909,27.970221
210139,38.375062,26.133703
310131,40.996498,22.878663
310133,40.995603,22.879578
66706,38.066268,23.583515
110500,36.887674,27.262826
110501,36.889913,27.273155
110480,36.900386,27.284388
110481,36.893958,27.282251
110482,36.900636,27.28298
66691,38.057338,23.588428
110376,36.431215,28.223877
110368,36.432944,28.220741
60213,37.954053,23.669571
340235,37.11161,25.43307
110504,36.884779,27.284706
65234,38.017152,23.749246
65287,38.014849,23.751514
90699,40.595981,22.971971
90649,40.600171,22.972908
90650,40.600751,22.972852
90651,40.599838,22.973808
90697,40.598523,22.971294
90696,40.59537,22.977727
64593,38.040855,23.678404
64628,38.031555,23.681843
60199,37.989594,23.665008
250052,39.63595,20.628578
240279,34.969504,24.938633
220220,37.853898,21.256621
160014,40.779445,21.409362
20029,38.927303,21.433544
61912,38.055604,23.867308
110209,35.584847,27.176884
70312,38.48023,22.584847
70314,38.481506,22.583217
91350,40.478162,22.872367
10399,38.296832,21.810723
290146,38.117965,20.536095
370109,35.177368,26.041609
170128,38.428557,22.432577
65288,38.014523,23.752584
65298,38.015534,23.74945
65299,38.014907,23.747808
65300,38.014755,23.749112
65301,38.015432,23.747228
420188,37.95571,23.63365
420187,37.956563,23.632448
64627,38.037042,23.679233
64594,38.041579,23.676937
64626,38.037946,23.679441
64595,38.039908,23.677275
64596,38.042685,23.679992
420162,37.961543,23.637704
66085,37.938392,23.73059
60260,38.043077,23.753526
65080,37.976679,23.755254
110314,36.447346,28.225809
90605,40.601387,22.96798
520018,37.831014,20.755959
90606,40.601324,22.96646
90607,40.601613,22.969495
110832,36.848996,27.160544
170130,38.429533,22.444662
150399,38.761965,22.910155
420384,37.976191,23.467094
10836,38.158472,22.342887
110769,36.351534,27.981273
420400,37.972801,23.458236
340599,37.04662,25.43342
200474,35.560712,24.093315
40351,37.49994,22.381704
420133,37.963021,23.628626
420134,37.959598,23.629936
420140,37.960769,23.631025
420185,37.956603,23.629791
420142,37.955663,23.639963
66712,38.06032,23.597968
110467,36.889443,27.296731
66087,37.936753,23.738803
66089,37.939459,23.732595
66092,37.934461,23.743753
66102,37.941124,23.733421
66929,38.021495,23.734651
66105,37.938782,23.737221
310129,40.996833,22.8792
310130,40.99632,22.881427
120124,40.429749,25.527768
370122,35.053697,25.792709
310064,40.897986,22.635389
250360,39.763717,20.778142
360043,39.639308,22.41592
500327,39.552527,21.759171
500328,39.55398,21.755822
40352,37.501838,22.377758
40354,37.511297,22.379787
40357,37.506711,22.392461
40358,37.508927,22.38348
91287,40.62881,22.951148
370156,35.013083,25.706175
370157,35.017407,25.688548
110361,36.434766,28.219066
340112,37.03832,25.252713
66713,38.076091,23.606294
360214,39.611511,22.427696
370178,35.19117,25.713918
80023,39.358087,20.436876
220168,38.596845,23.038455
60261,38.073584,23.813245
66720,38.074235,23.57524
66721,38.066946,23.596006
66722,38.043617,23.584134
66723,38.046961,23.57682
66724,38.044793,23.585191
480024,37.75345,26.978699
90695,40.598631,22.968931
210140,38.374607,26.133946
210141,38.366952,26.139141
210142,38.366201,26.140973
210144,38.367082,26.137813
210147,38.365712,26.141876
210166,38.374272,26.129861
210167,38.376958,26.128861
430107,40.805034,22.052593
430114,40.796342,22.046364
430118,40.797817,22.042392
70166,38.305772,23.319629
430109,40.805821,22.05021
70168,38.301681,23.311219
430117,40.795599,22.046048
91020,40.603469,22.956524
64497,38.04179,23.695851
64503,38.044216,23.692353
440031,40.157392,22.232801
64525,38.049184,23.692959
64574,38.032743,23.686437
65330,38.017609,23.747271
64579,38.030409,23.683633
90652,40.600081,22.975807
60233,37.952261,23.705442
90653,40.59797,22.975602
90694,40.597091,22.979519
90654,40.598247,22.974527
64624,38.035822,23.679614
520010,37.876567,20.663739
40130,37.324163,22.204578
110330,36.444607,28.216534
110445,36.435372,28.230667
110444,36.450091,28.222448
110336,36.437824,28.219089
110337,36.435993,28.223786
150326,38.895896,22.439803
91021,40.604392,22.955514
150327,38.895725,22.443077
150329,38.891525,22.451115
91022,40.603558,22.955998
91023,40.603353,22.956014
91024,40.603013,22.954966
90618,40.604036,22.965083
64582,38.039939,23.686674
64583,38.039038,23.685076
64584,38.039461,23.68417
64585,38.040467,23.684917
420184,37.957284,23.631253
420143,37.955234,23.633695
64623,38.033644,23.681074
64622,38.036282,23.681857
64602,38.039465,23.675253
64604,38.040186,23.673022
64605,38.0427,23.674158
66930,38.018354,23.728766
66931,38.019763,23.73474
110326,36.440964,28.216161
110338,36.435324,28.223093
110347,36.433703,28.222768
110351,36.438725,28.220663
110354,36.438891,28.217351
110357,36.429935,28.219088
40054,37.401647,22.134388
40086,37.059478,22.888865
90619,40.60515,22.965259
90620,40.602971,22.967353
90621,40.602703,22.968623
90622,40.603059,22.966923
60014,37.994463,23.674592
10259,38.241497,21.866497
340515,37.118413,25.223418
110719,36.287586,28.17067
420144,37.958402,23.637534
420147,37.959727,23.637718
420180,37.954495,23.63645
300170,39.614561,19.90437
10378,38.187792,21.70727
370180,35.191704,25.716774
370181,35.193617,25.713481
66932,38.019901,23.727932
66106,37.938589,23.739918
66107,37.936462,23.739983
520078,37.780789,20.896449
520079,37.778113,20.89778
520081,37.778915,20.893397
67714,37.981946,23.731664
60106,38.08545,23.977012
500329,39.550767,21.762201
500334,39.548744,21.76368
500337,39.547144,21.762265
500338,39.55061,21.759193
90998,40.607893,22.95612
64687,38.050242,23.726945
90999,40.608122,22.957522
110720,36.289776,28.167213
110721,36.295214,28.172841
110722,36.29975,28.176053
110723,36.285896,28.161395
110724,36.280186,28.154452
130531,38.405306,24.044642
130589,38.606038,24.120464
130532,38.397759,24.044928
60257,37.98226,23.763051
370183,35.197201,25.712644
370184,35.192295,25.714645
370185,35.195571,25.713003
370188,35.197939,25.709993
370190,35.187538,25.714712
370191,35.188168,25.713707
90639,40.600815,22.971008
330068,40.202227,21.600314
60254,37.94642,23.738443
60254,37.94642,23.738443
60254,37.94642,23.738443
60233,37.952261,23.705442
90655,40.601004,22.974391
210168,38.374755,26.125966
64705,38.052915,23.702888
200111,35.376986,24.201344
310134,41.000583,22.880619
310135,40.989864,22.875174
310136,40.990427,22.876357
310137,40.990018,22.87858
510257,41.139207,24.886779
510252,41.139207,24.886779
430013,40.79592,22.415238
310164,41.10389,22.560894
400085,39.438664,23.102504
470032,41.11727,25.403166
270035,39.237963,21.765408
450181,39.214864,20.877068
20103,38.821671,21.231117
20030,38.818238,21.468759
20213,39.000767,21.271294
62358,38.122135,23.844171
180060,40.149862,21.264263
90640,40.599104,22.970776
90641,40.598267,22.972051
90642,40.602031,22.972185
90643,40.601946,22.972359
90705,40.592187,22.972345
90644,40.602559,22.97225
64586,38.041489,23.685725
90656,40.597385,22.976566
90657,40.602681,22.975244
90693,40.588232,22.970846
90692,40.585155,22.975684
90761,40.602698,23.009492
64607,38.041094,23.67269
64609,38.041524,23.673771
360208,39.606284,22.428628
66703,38.065085,23.590327
360209,39.609114,22.429438
110490,36.899924,27.281534
110475,36.895207,27.284124
110476,36.896574,27.284389
66718,38.053731,23.575099
110477,36.89737,27.284794
310074,40.993073,22.928437
180056,40.152615,21.24982
280093,40.48068,21.259122
350107,36.476469,22.492279
10074,38.021765,21.602355
10779,38.167942,21.469693
150100,39.017564,21.906988
400034,39.103364,22.721552
140038,38.745694,21.684105
40331,37.514902,22.382841
64587,38.041313,23.682996
64588,38.041015,23.680768
64634,38.030642,23.680525
64589,38.040298,23.682309
64633,38.032215,23.68105
64590,38.043194,23.681987
420149,37.958415,23.631089
64613,38.040509,23.676214
64621,38.034652,23.680009
64620,38.038081,23.683138
64618,38.033927,23.68399
520089,37.779478,20.896947
520092,37.782894,20.895703
520093,37.777323,20.895267
110362,36.434293,28.220743
10136,37.860706,22.213539
110378,36.429894,28.219381
110387,36.443923,28.232007
110406,36.436763,28.231647
110408,36.435624,28.232519
410183,37.265489,21.94374
110414,36.434901,28.233403
40332,37.515029,22.384006
40334,37.519639,22.374662
40336,37.515262,22.379013
40338,37.516456,22.377251
40341,37.519328,22.372532
40345,37.511629,22.378251
40349,37.501558,22.377499
130533,38.400425,24.043362
300149,39.612782,19.919282
420150,37.958039,23.632582
420151,37.95793,23.633478
420152,37.957941,23.634947
420153,37.96039,23.632508
300139,39.629985,19.896562
370192,35.187041,25.713146
520095,37.777606,20.896885
520104,37.776883,20.897563
520107,37.765522,20.901069
520109,37.779117,20.885614
520112,37.781437,20.878337
60254,37.94642,23.738443
91001,40.60719,22.956134
64697,38.04298,23.731948
91002,40.606625,22.956034
66123,38.050478,23.72489
66124,38.052725,23.728191
66125,38.053611,23.720276
91006,40.605957,22.957624
66126,38.052661,23.729158
91007,40.606866,22.957778
130534,38.396687,24.044258
200407,35.46698,23.799093
200419,35.292633,23.644195
110672,36.400007,28.081037
200400,35.32479,24.336992
170101,38.418801,22.222293
140045,39.086922,21.822441
65364,38.011638,23.755274
65081,37.969678,23.748957
20007,39.017785,21.191614
370194,35.188319,25.712472
370195,35.186995,25.712128
110468,36.889302,27.299099
66714,38.05582,23.6046
66715,38.069736,23.609647
110469,36.890342,27.299409
90645,40.602113,22.973954
420071,37.952937,23.630392
65194,38.063025,23.586224
420071,37.952937,23.630392
420071,37.952937,23.630392
130125,38.564257,23.630154
90658,40.603228,22.974548
280118,40.534129,21.258386
280119,40.536623,21.259784
110434,36.428018,28.223788
110438,36.429049,28.227639
90609,40.602309,22.970268
90610,40.601611,22.970045
90611,40.60225,22.966623
110437,36.429421,28.225763
110436,36.431038,28.227117
110340,36.436183,28.221211
110426,36.433754,28.233224
410200,37.011428,21.878489
110407,36.436013,28.230685
210159,38.370257,26.123658
210164,38.375618,26.127527
90704,40.59308,22.974459
90703,40.595689,22.975919
90702,40.597707,22.973237
90646,40.603164,22.972067
90701,40.594152,22.972546
64632,38.034945,23.676403
90690,40.600848,22.961796
90659,40.59806,22.974911
90689,40.600563,22.961009
130075,38.663755,23.820854
64553,38.036603,23.696116
64559,38.042438,23.699425
64598,38.041579,23.679905
64617,38.041976,23.672692
110478,36.897956,27.283149
110497,36.889499,27.279247
66692,38.058379,23.591977
66719,38.074273,23.584064
110479,36.899275,27.282785
110498,36.883251,27.269359
110499,36.889432,27.267887
210134,38.361168,26.130106
110491,36.892453,27.282512
110492,36.890517,27.282217
110502,36.892718,27.273825
110503,36.883972,27.283531
420191,37.94984,23.63582
420190,37.950806,23.637781
64631,38.035588,23.67704
64591,38.042185,23.681131
64630,38.037739,23.678131
64592,38.042398,23.68318
64629,38.034747,23.679198
420155,37.956809,23.639586
64616,38.0343,23.682776
60260,38.043077,23.753526
60260,38.043077,23.753526
520113,37.770205,20.887074
230038,40.523205,22.203688
60294,38.001451,23.940206
430103,40.804995,22.048455
430097,40.80595,22.049165
430104,40.804901,22.046607
430106,40.805061,22.041956
420124,37.960009,23.631225
420127,37.959636,23.628629
420128,37.961459,23.631026
420129,37.961498,23.629964
420189,37.952197,23.63775
200308,35.503829,24.033299
66647,37.968682,23.749579
110505,36.885163,27.290639
420156,37.961607,23.632159
120005,40.466392,25.673675
420157,37.958284,23.636251
420158,37.958389,23.638633
420160,37.961974,23.633835
420161,37.961614,23.636445
66707,38.062151,23.592994
520116,37.780652,20.873072
90908,40.637947,22.942562
90909,40.638675,22.943398
360088,39.630483,22.409969
90911,40.639067,22.943587
90912,40.638771,22.943339
310092,40.952783,22.414945
91014,40.604634,22.958952
66127,38.043938,23.730408
91015,40.604643,22.956161
150316,38.887002,22.438642
91016,40.604553,22.957048
66129,38.044683,23.732324
150322,38.892312,22.446458
91017,40.604453,22.958048
150324,38.890764,22.443777
480015,37.7525,26.684722
320396,37.889062,22.49639
410094,37.287186,21.817236
350382,36.666067,22.383709
350385,36.748172,22.449408
350387,36.666067,22.383709
10400,38.230484,21.767536
10401,38.229033,21.786113
240364,35.330808,25.25268
240359,35.329411,25.258962
190194,39.927181,23.586665
66557,37.982655,23.729226
66558,37.981985,23.729774
66562,37.980917,23.732309
66563,37.979164,23.7322
90913,40.639054,22.944688
63227,37.969485,23.676826
180142,40.084763,21.425523
180143,40.084763,21.425523
350298,37.079711,22.403565
66938,38.020772,23.736851
66939,38.022298,23.734851
66870,38.014794,23.745188
66871,38.010372,23.732158
66872,38.013986,23.743593
66113,37.937548,23.735358
66115,37.935513,23.73493
500343,39.562547,21.755694
500344,39.562244,21.758206
30239,37.568687,22.809732
66065,37.93601,23.741396
64657,38.063301,23.725266
66066,37.934626,23.742159
66067,37.936204,23.737899
64658,38.064308,23.725358
190236,39.94587,23.532282
130535,38.383227,24.060495
190202,40.010728,23.549774
130572,38.400173,23.800472
66786,37.81262,23.873853
66791,37.789452,23.889547
66796,37.802382,23.890948
66799,37.796995,23.892672
320297,38.072913,22.64073
66657,37.971151,23.745694
66658,37.970372,23.744432
66659,37.970142,23.745533
66660,37.972134,23.751009
66661,37.970144,23.751185
350299,37.081203,22.397069
350300,37.074333,22.411319
66117,37.940837,23.734143
66119,37.93238,23.732458
66120,37.937232,23.729999
66121,37.93754,23.72862
240114,35.262431,25.423041
110252,36.877507,27.345758
64659,38.056891,23.725341
250345,39.705432,20.792508
250344,39.707288,20.795675
65371,38.010256,23.751284
65204,38.022639,23.752804
65325,38.024878,23.741725
65326,38.024261,23.740646
91019,40.602924,22.957515
250419,39.34622,20.882407
250406,39.531963,20.691445
440249,40.253814,22.344833
20413,38.373808,21.436119
20414,38.371902,21.436974
20415,38.371459,21.441177
20416,38.3733,21.441007
20417,38.374715,21.443096
60265,37.964965,23.650302
90669,40.591921,22.961839
60265,37.964965,23.650302
90670,40.593292,22.962516
90671,40.59134,22.965862
190095,40.25829,24.178631
340166,36.419793,25.432418
90762,40.596177,23.003614
210109,38.585164,25.936948
65106,37.884007,23.879591
64833,38.001454,23.692914
64849,38.001742,23.695392
30032,37.50188,23.050916
60263,37.972506,23.647313
60263,37.972506,23.647313
200313,35.500928,24.029162
200314,35.509827,24.009794
200315,35.509549,24.008892
200316,35.506947,24.011251
200317,35.507487,24.009406
20418,38.37669,21.447978
20420,38.366488,21.428105
20421,38.367803,21.426431
240289,35.208005,25.101866
410321,37.166046,21.983686
380197,39.946094,25.225656
380198,39.360436,26.297099
410314,37.287186,21.817236
380199,39.863404,25.150639
380200,39.907737,25.200781
380201,39.233476,26.208732
64976,38.021186,23.684139
64977,38.018791,23.683523
64979,38.021997,23.681381
64981,38.015944,23.678346
10430,38.194481,21.725955
64984,38.019388,23.681077
64987,38.01939,23.672247
65001,38.020394,23.672827
65121,38.003587,23.686932
64866,38.00341,23.691482
420071,37.952937,23.630392
66873,38.013957,23.74423
66874,38.00999,23.742106
510256,41.139207,24.886779
66875,38.011477,23.741817
66876,38.009721,23.737035
200318,35.508922,24.007897
200319,35.508333,24.006957
200320,35.507023,24.005824
200321,35.504074,24.011983
350119,36.666067,22.383709
350116,36.666067,22.383709
30241,37.569653,22.806824
60263,37.972506,23.647313
30242,37.572793,22.804171
200373,35.522204,24.131562
410318,37.035289,21.86185
410320,37.130429,21.874585
370253,35.00871,25.583377
370257,35.074365,26.138663
370256,35.018745,25.855444
300231,39.494637,19.872884
200463,35.492727,23.662108
200464,35.496286,23.649399
200465,35.497016,23.650685
180144,40.084763,21.425523
10452,38.161396,21.660133
66069,37.939852,23.733163
66073,37.938436,23.731785
66075,37.933779,23.730596
66079,37.937204,23.730638
66080,37.935824,23.732454
90935,40.642245,22.942882
66877,38.009891,23.737542
66878,38.010838,23.740757
510255,41.139207,24.886779
510259,41.139207,24.886779
64738,38.059749,23.703425
66648,37.970614,23.74855
66122,37.931804,23.728382
67148,37.945548,23.734705
67149,37.944542,23.733737
150336,38.885621,22.438769
66654,37.971771,23.747152
150337,38.901441,22.431399
250343,39.708144,20.794053
250335,39.702774,20.789017
64711,38.053289,23.697824
510242,40.981036,24.952676
510253,41.139207,24.886779
510254,41.214891,24.881683
510251,41.253648,24.934241
320299,38.069563,22.651866
320301,38.064503,22.656456
320311,38.080461,22.616395
130349,38.464378,23.603303
130391,38.467474,23.604147
130351,38.461593,23.605092
130392,38.466749,23.606148
130352,38.461128,23.608102
350237,37.091161,22.432182
350301,37.077909,22.4315
90936,40.641911,22.946708
350305,37.080305,22.432823
90937,40.641983,22.94839
90938,40.642757,22.946918
350308,37.078863,22.431318
90672,40.593111,22.963669
67150,37.944434,23.732708
67151,37.944332,23.734162
67152,37.943344,23.733064
67153,37.945562,23.732689
67154,37.942671,23.734016
64496,38.042554,23.696573
65114,38.035888,23.694558
64499,38.042103,23.692689
180128,40.085485,21.430462
180129,40.086328,21.430662
180130,40.086036,21.433904
64971,38.018144,23.670478
64998,38.015865,23.671736
60270,38.320039,23.796631
130393,38.470065,23.602912
130353,38.459556,23.608487
130394,38.469519,23.602569
65739,37.946219,23.697983
65740,37.946363,23.699555
65741,37.945717,23.698769
65742,37.945734,23.700344
65745,37.948986,23.694327
65746,37.949471,23.69577
90682,40.599669,22.959292
240131,34.994055,25.456288
90673,40.5911,22.963046
90681,40.597543,22.959997
90675,40.596524,22.958655
90678,40.603992,22.963014
65003,38.020997,23.677439
65113,38.040796,23.68789
65196,38.024692,23.751943
65382,38.007809,23.753711
65381,38.008808,23.754622
340153,36.690568,25.13044
65719,37.948579,23.679156
350311,37.067277,22.432637
350312,37.07001,22.433426
400140,39.147837,23.86624
60087,37.713661,24.053943
450031,39.360811,20.784489
200322,35.502404,24.00924
200323,35.504167,24.006823
200325,35.506842,24.00431
200324,35.509193,24.004703
200326,35.505012,24.002868
65747,37.948576,23.690743
65748,37.949063,23.692249
220243,37.583512,21.880342
220242,37.491194,21.937733
100163,41.410723,24.282102
130573,38.402199,23.806779
10402,38.225582,21.766024
10784,38.225993,21.761997
10785,38.225095,21.762234
67460,38.001298,23.341243
67461,38.002352,23.343324
63276,38.02766,23.690399
65014,38.019679,23.692816
65038,38.025313,23.690014
65025,38.026738,23.695609
65027,38.022626,23.690981
63274,38.027708,23.694288
63272,38.023614,23.694576
63269,38.027678,23.688497
64526,38.050245,23.694313
350313,37.069122,22.435041
90940,40.642974,22.944393
90941,40.640895,22.94535
90942,40.642178,22.945133
66649,37.968325,23.749181
200309,35.501096,24.021685
350291,37.077435,22.424864
350292,37.074648,22.426551
200327,35.505624,23.998638
200328,35.505715,23.998422
200329,35.506378,23.996169
30246,37.570119,22.810283
60263,37.972506,23.647313
150338,38.890959,22.440961
30243,37.572649,22.806768
150340,38.889789,22.438723
67462,38.003226,23.339352
67463,37.999909,23.332547
67464,37.986577,23.341603
320312,38.081927,22.615324
100175,41.151761,24.138448
66988,37.895418,24.011603
66989,37.892205,24.023493
66992,37.895182,24.022999
64527,38.051067,23.6935
64561,38.044246,23.700505
64827,38.003835,23.692776
66171,37.988413,23.742392
170008,38.701275,22.175536
66173,37.989084,23.741503
63244,38.028625,23.906671
90939,40.642804,22.945439
350293,37.074374,22.423965
370079,35.20824,26.105293
500339,39.548158,21.759295
67156,37.941846,23.732506
64655,38.055287,23.727523
64656,38.053245,23.726739
65657,38.05638,23.721246
65660,38.053844,23.71514
30244,37.56892,22.808306
30245,37.573771,22.810358
20491,38.627039,21.411242
20495,38.628176,21.410296
180131,40.086887,21.433333
180132,40.082025,21.427735
180133,40.084476,21.431351
180134,40.083578,21.431869
180135,40.084717,21.433055
66994,37.899643,24.027743
40407,37.512795,22.367867
66995,37.893294,24.021587
130354,38.458872,23.610425
130395,38.469292,23.604051
130355,38.454744,23.612734
130396,38.468551,23.605013
130359,38.455402,23.596332
350310,37.082814,22.432882
280100,40.538089,21.255644
280101,40.540052,21.257876
280121,40.541784,21.262924
280123,40.516556,21.269006
280124,40.515851,21.270195
280125,40.515177,21.271493
90676,40.602529,22.963148
65661,38.058254,23.703262
65662,38.058829,23.705381
60258,37.934122,23.641061
60258,37.934122,23.641061
340156,36.97916,25.059053
65197,38.02556,23.752513
65380,38.00959,23.754767
65379,38.010006,23.755906
180136,40.084659,21.434091
180137,40.079722,21.423776
180138,40.078798,21.420029
180139,40.077935,21.420577
60087,37.713661,24.053943
450035,39.031705,20.758051
65000,38.017799,23.671539
130397,38.468594,23.606647
130360,38.453707,23.59465
20412,38.374303,21.43405
40167,37.057928,22.811557
320375,38.077926,22.63089
410350,36.965255,22.144223
370254,35.00871,25.583377
410324,37.018105,21.829986
520128,37.787826,20.899928
280150,40.516673,21.253761
280152,40.516673,21.253761
350468,36.756868,22.800695
90677,40.602906,22.962992
400064,39.163847,23.487525
90752,40.60257,22.964309
90744,40.597134,22.960536
63265,38.023075,23.685826
63262,38.027452,23.692599
65378,38.009658,23.753804
65377,38.010655,23.756663
65376,38.009193,23.749585
20541,38.619157,21.41647
90944,40.644061,22.947967
20542,38.617123,21.41492
20545,38.613903,21.419921
20546,38.61226,21.417853
500048,39.7094,21.385167
64905,38.013841,23.67839
64950,38.017033,23.679371
30247,37.572326,22.810549
240040,35.209203,25.337265
30248,37.572203,22.812332
30250,37.571595,22.806016
30252,37.57456,22.806143
30253,37.576317,22.80638
280160,40.516673,21.253761
520123,37.876567,20.663739
280149,40.516673,21.253761
280157,40.581912,21.300077
280159,40.581912,21.300077
280162,40.623258,21.20101
67465,37.986006,23.337171
300230,39.49181,19.879502
300232,39.495269,19.872645
300225,39.477516,19.912498
300229,39.467673,19.911875
63259,38.025755,23.691111
63256,38.025171,23.687844
65915,38.090976,23.811837
65916,38.089808,23.815045
65925,38.08706,23.803366
65917,38.092541,23.80917
65918,38.087996,23.811336
63245,38.032342,23.905356
20547,38.612573,21.421808
20548,38.615233,21.411571
20549,38.612655,21.412989
500340,39.548027,21.761442
350294,37.074255,22.4226
350295,37.076607,22.426403
350296,37.078153,22.423592
350297,37.077074,22.421077
30254,37.57623,22.804865
30257,37.564689,22.807982
30258,37.564029,22.80775
30259,37.562972,22.809887
90858,40.598012,22.957776
50077,39.347109,21.045106
400078,39.361904,22.946673
250465,39.723116,21.062614
30315,37.637948,22.807353
30316,37.608281,22.947759
300226,39.475391,19.931199
300227,39.477516,19.912498
420236,37.964131,23.503573
420244,37.958482,23.501608
420248,37.965863,23.508953
420253,37.95469,23.497083
420262,37.942317,23.48616
420266,37.943386,23.482834
63246,38.028155,23.901835
63247,38.023404,23.907686
63248,38.020949,23.902851
63249,38.018717,23.913005
66933,38.018182,23.729581
280126,40.515814,21.273798
280127,40.523553,21.264109
500341,39.549526,21.757614
500342,39.559306,21.758586
60258,37.934122,23.641061
10371,38.189368,21.733952
10375,38.185271,21.727164
250334,39.7062,20.789655
30310,37.461312,23.173468
30311,37.565243,23.151709
60017,37.964376,23.725013
90106,40.584704,23.031382
91437,40.72355,23.000862
91440,40.744594,22.977431
60106,38.08545,23.977012
390035,38.663912,20.570317
200391,35.414926,23.760139
20528,38.622279,21.421258
20530,38.620078,21.419164
20533,38.616758,21.410786
66655,37.97115,23.747435
20537,38.618493,21.414477
20539,38.616714,21.413567
66656,37.971532,23.746072
90665,40.599698,22.982119
280132,40.523546,21.261225
280133,40.525098,21.262444
280134,40.523797,21.262171
280135,40.523989,21.261244
280136,40.525709,21.261093
480016,37.761389,26.660556
66110,37.93449,23.740618
90751,40.601498,22.962434
90745,40.595358,22.977866
64706,38.048966,23.701795
64710,38.052567,23.697414
66063,37.937393,23.740334
65375,38.009136,23.752614
65198,38.022868,23.752964
65374,38.008433,23.753426
65373,38.009084,23.74971
65199,38.023869,23.75381
380029,39.876848,25.060232
130544,38.38776,23.914297
10786,38.296074,21.784632
340446,37.09481,25.379178
340456,37.10548,25.380499
260183,40.943273,24.413249
67479,38.089029,23.968041
490028,41.091567,23.896112
90667,40.602506,22.982933
60265,37.964965,23.650302
90668,40.599638,22.984154
90679,40.603167,22.963876
90721,40.681243,22.947656
64910,38.008328,23.68756
90750,40.601813,22.962257
90746,40.593264,22.975124
90749,40.60187,22.962175
90747,40.586975,22.981652
90748,40.598053,22.970325
65919,38.08534,23.809212
65920,38.08572,23.812537
65928,38.089046,23.801578
65922,38.08493,23.810703
65200,38.025221,23.753121
65372,38.009784,23.749192
20550,38.60598,21.415282
20551,38.614261,21.414604
20552,38.612237,21.414473
66662,37.971465,23.751628
66663,37.97088,23.751329
67664,37.967098,23.726186
67665,37.965253,23.730049
67667,37.966606,23.73071
66780,37.803493,23.886803
30189,37.635361,22.736707
30191,37.630626,22.733307
30194,37.628151,22.73185
30195,37.62869,22.734798
30196,37.631711,22.726399
30197,37.631966,22.72553
64939,38.012484,23.68866
64975,38.01996,23.678594
10369,38.190536,21.730725
10379,38.188572,21.736857
10372,38.189147,21.729052
10377,38.185909,21.715641
10376,38.188259,21.714404
20404,38.629515,21.565472
66555,37.982995,23.730067
66556,37.982179,23.730177
65929,38.091947,23.807323
65923,38.088632,23.814857
65924,38.087613,23.813545
65930,38.092797,23.807487
65931,38.092936,23.805886
65933,38.089353,23.803359
66934,38.021496,23.73734
66935,38.019155,23.734537
66936,38.020193,23.729208
66937,38.01855,23.72761
200310,35.501256,24.025124
200311,35.501777,24.027631
200312,35.497199,24.024239
30234,37.565752,22.796789
380030,39.104354,26.553049
30236,37.564975,22.797617
30237,37.572316,22.806584
30238,37.567841,22.80936
66652,37.970522,23.746046
30198,37.633391,22.725597
130389,38.468615,23.60208
130390,38.467609,23.603845
360054,39.752312,22.797748
410357,37.075441,21.863889
180125,40.12363,21.667696
10228,37.898823,22.124914
250375,39.410604,20.697981
220037,37.895538,21.447011
70315,38.371873,23.103545
60283,37.841691,23.765129
300042,39.777217,19.74763
60271,37.824473,23.809039
100090,41.151116,24.146735
370277,35.261669,25.590034
200473,35.453587,23.908788
370278,35.268559,25.583414
370279,35.259127,25.651012
490059,41.073163,23.462244
500186,39.592991,22.176836
60738,38.023176,23.802156
10100,38.031554,22.111821
130220,38.018818,24.513992
340207,37.885082,24.737692
400024,39.180307,22.761365
60674,37.978739,23.757152
520161,37.743514,20.861913
180014,39.923404,21.81157
360367,39.626651,22.473211
360368,39.624313,22.486685
260020,40.627852,24.574203
290122,38.17139,20.492101
40313,37.665258,22.376498
20230,38.423078,21.813561
10309,38.275547,21.792789
380206,39.240909,26.199103
30328,37.518657,22.964556
440254,40.371132,22.584234
440256,40.393664,22.541131
200385,35.289466,23.786364
450086,38.916057,20.787121
290141,38.173967,20.486589
240392,35.334337,25.118779
110734,36.245705,28.155483
200505,35.449958,23.896323
200507,35.472401,23.931011
150377,38.754675,22.862048
240389,35.324686,25.2773
70072,38.327063,23.536842
150391,38.755209,22.925122
60695,38.111751,23.766656
68028,38.320039,23.796631
230066,40.572195,22.153116
520162,37.715313,20.855179
130489,38.519322,23.652422
130488,38.514435,23.630264
10688,38.158472,22.342887
130490,38.515325,23.630135
130491,38.517537,23.632831
40183,37.416246,22.765965
10257,38.258667,21.744399
350160,36.500247,22.484214
50247,39.435708,21.210315
150081,38.96154,21.870959
20165,38.650269,21.532811
60397,38.033355,23.87539
500084,39.435447,21.370283
50115,39.343558,21.331282
67699,37.985678,23.728029
60319,37.886702,24.003869
68060,37.954053,23.669571
220379,37.92252,21.239912
220380,37.920153,21.236039
67887,38.333829,23.710252
440253,40.156253,22.542653
60196,38.006701,23.776359
340227,37.399526,24.944281
100032,41.228096,24.251172
150017,38.654974,22.998397
150166,38.629292,22.762952
240120,35.240212,25.115132
60255,37.974386,23.749163
390071,38.785709,20.658484
390072,38.782877,20.656893
90118,40.627248,23.055295
70311,38.48023,22.584847
70313,38.48023,22.584847
190203,40.029793,23.494599
260315,40.774519,24.712493
260316,40.779688,24.709862
260317,40.779688,24.709862
260318,40.773423,24.700911
90243,40.574172,22.966029
90137,40.584704,23.031382
90213,40.681452,22.915374
60170,37.889579,23.755293
240395,35.227339,25.249729
350132,36.50471,22.362957
200509,35.48505,23.950746
70283,38.31029,23.627572
63243,38.035496,23.612831
100024,41.399225,24.218403
240325,35.208172,25.044335
240403,35.189169,25.0312
250446,39.479614,20.8516
310141,41.108733,22.993214
190257,40.241922,23.291716
490058,41.085239,23.544024
190258,40.24146,23.276109
350213,36.961702,22.652901
30082,37.613349,23.035716
490025,41.260211,22.998908
110236,36.854463,27.157911
190071,40.095787,23.784827
350452,36.753836,22.569103
350453,36.748268,22.570539
470099,40.988622,25.541917
130597,38.882708,23.030643
60081,37.985357,23.73388
20599,38.619679,21.407086
310160,41.089635,22.725515
420046,37.945997,23.646649
240336,35.414358,25.004283
420046,37.945997,23.646649
100068,41.314173,24.00446
60062,37.945932,23.693435
210179,38.529673,26.093452
210180,38.52825,26.093647
10016,38.251325,22.085218
10746,38.149611,21.544508
50044,39.262565,21.209358
350102,36.453306,22.465403
470069,41.127664,25.187634
60710,38.104574,23.768563
450017,39.237391,20.601352
210015,38.473871,26.119122
61487,37.963063,23.726266
20650,38.667872,21.364891
470281,40.94795,25.16779
230130,40.55405,22.25668
230139,40.6264,22.450808
130598,38.877,23.044745
130599,38.856324,23.043402
130600,38.879437,23.040505
150390,38.751694,22.921367
20112,38.753138,21.130262
320417,37.885588,22.994918
150378,38.77609,22.834083
240390,35.320117,25.243804
240311,35.131564,24.997233
370174,35.018745,25.855444
470263,40.957455,25.371217
240349,35.327137,25.296062
340646,36.419793,25.432418
370296,35.032883,25.947318
340274,37.107872,25.257726
64070,37.952313,23.717885
64073,37.953235,23.714131
440259,40.497081,22.539685
30014,37.633725,22.73001
60211,37.989242,23.751498
460025,35.201824,24.39924
460027,35.370711,24.702183
310023,40.993214,22.875728
480083,37.711749,26.805354
91457,40.642734,23.016565
230141,40.629075,22.439927
230143,40.622649,22.44367
230144,40.625503,22.448142
230145,40.626132,22.453038
230146,40.624109,22.441623
60196,38.006701,23.776359
60196,38.006701,23.776359
62142,38.051842,23.812314
350448,36.727305,22.853105
120217,40.846996,25.87969
61654,37.909673,23.758219
320440,38.119465,22.517953
60255,37.974386,23.749163
170100,38.448871,21.912091
130492,38.51964,23.632001
10689,38.158472,22.342887
400225,39.169074,23.492331
400227,39.163911,23.478794
200110,35.533339,24.076951
400228,39.159873,23.474348
400229,39.149454,23.464461
260271,40.858927,24.706217
91458,40.641564,23.023606
60238,38.010149,23.848731
91460,40.642167,23.025521
91461,40.64201,23.028705
250071,39.760313,20.574609
91462,40.642131,23.021317
100264,41.342672,23.865755
91463,40.642762,23.020794
450106,39.068652,20.693746
60196,38.006701,23.776359
240111,35.326836,25.066795
180076,40.030731,21.192376
60196,38.006701,23.776359
30111,37.352534,23.214685
110709,36.214393,28.116208
10173,38.20721,21.809865
110711,36.21306,28.110263
60211,37.989242,23.751498
150058,38.901441,22.431399
10258,38.234396,21.73088
410360,36.850084,21.922425
260323,40.994267,24.653306
350454,36.742321,22.567514
350257,36.738046,22.569837
350256,36.749263,22.568231
360392,39.951162,22.643802
80148,39.614232,20.223711
520151,37.782976,20.794028
80149,39.622632,20.19343
300214,39.720497,19.724803
360393,39.951162,22.643802
340527,36.932236,24.730613
60266,38.048383,23.836618
100060,41.35209,24.550918
90512,40.573996,22.966103
63395,38.082226,23.784364
63407,38.094383,23.807604
63514,38.067834,23.782369
63525,38.052974,23.773328
190055,40.265586,23.202332
110713,36.213193,28.112508
110714,36.215818,28.117732
110715,36.217161,28.119383
110718,36.215365,28.105002
40510,37.416246,22.765965
110737,36.266976,28.056372
40511,37.730723,21.960061
60257,37.98226,23.763051
62077,37.966127,23.72641
68044,37.964376,23.725013
350258,36.736083,22.564689
60232,38.03776,23.691172
190276,40.258429,23.202525
190277,40.265586,23.202332
190279,40.265586,23.202332
190280,40.265586,23.202332
60382,37.866198,23.821576
320415,37.86252,22.994286
340674,37.855707,24.785402
420046,37.945997,23.646649
250180,39.930007,20.395976
270133,39.336196,21.834926
290090,38.079723,20.724005
20148,38.393606,21.833529
190297,40.312939,23.052088
360097,39.714903,22.395788
300219,39.651273,19.845347
300221,39.653289,19.83109
160061,40.661192,21.551468
300222,39.653289,19.83109
110179,36.450091,28.222448
60211,37.989242,23.751498
60257,37.98226,23.763051
60257,37.98226,23.763051
310023,40.993214,22.875728
230147,40.622571,22.442606
230149,40.625521,22.437256
230152,40.619191,22.438448
380074,39.088752,26.432959
10126,38.239045,21.983991
340693,37.042976,25.247705
510236,41.108857,24.925628
80101,39.357912,20.565134
20346,38.714788,21.208001
340697,37.037395,25.258925
480036,37.732487,27.034679
320441,38.123238,22.513839
320442,38.129032,22.505803
60426,38.048768,23.978136
60410,38.164482,24.062945
20154,38.977458,21.385993
20138,38.368997,21.431419
50111,39.385521,21.258769
20276,38.649964,21.919383
490010,41.059585,23.649652
350380,36.622261,22.924636
350246,36.42875,22.484712
520137,37.831073,20.824614
520169,37.780864,20.850308
200032,35.493425,23.657297
300002,39.7233,19.718894
440006,40.270983,22.511121
20402,38.383031,21.684261
440006,40.270983,22.511121
350189,36.794756,22.512681
90349,40.639976,22.934314
240378,35.311413,25.087705
230153,40.613677,22.433423
260285,40.760381,24.63833
430189,40.684987,22.301602
380261,39.055008,26.452217
380262,39.052953,26.453571
380263,39.035047,26.446268
60196,38.006701,23.776359
320443,38.135807,22.490081
320444,38.135375,22.483136
230135,40.5481,22.24019
110802,35.630791,27.108934
30279,37.566587,22.690912
320173,37.805898,22.70336
20674,38.625058,21.406427
340110,36.660457,25.3707
90032,40.778041,22.574834
490064,41.184383,23.281635
490089,40.956932,23.423819
90099,40.635633,22.954865
390065,38.675784,20.706713
390066,38.690994,20.698168
60891,38.02656,23.843043
240380,35.313744,25.091837
90210,40.639976,22.934314
240381,35.302333,25.092009
400276,39.183835,22.744142
400277,39.184637,22.742434
400278,39.183178,22.739522
400279,39.180598,22.75068
400280,39.182536,22.750607
63537,38.046972,23.768844
510021,41.332441,24.885451
60196,38.006701,23.776359
520004,37.801616,20.830979
490027,41.091556,23.548944
490027,41.091556,23.548944
110738,36.266158,28.058655
110739,36.265999,28.060359
40512,37.595843,22.039586
20022,38.623911,21.41029
220027,37.763966,21.616804
10238,38.245369,21.735276
130091,38.05762,24.37874
10252,38.111961,21.64039
460065,35.287864,24.336833
350435,36.510108,23.063065
480106,37.631016,26.177106
60213,37.954053,23.669571
400287,39.415134,23.154692
60213,37.954053,23.669571
67828,38.290198,23.894108
320438,38.101584,22.559129
60213,37.954053,23.669571
67898,38.335338,23.716625
290118,38.170873,20.489319
40263,37.518821,22.070119
290120,38.169762,20.494112
290123,38.169317,20.491883
290124,38.167505,20.495234
290126,38.167644,20.49187
300291,39.606556,19.86792
300292,39.609462,19.853375
110837,36.796372,27.150037
110838,36.782186,27.141277
110839,36.781154,27.141937
110841,36.779841,27.141243
370276,35.24001,25.629395
110842,36.774636,27.13526
60017,37.964376,23.725013
70099,38.213263,23.321478
350437,36.507166,23.062614
520157,37.726958,20.863566
520158,37.722138,20.859346
520159,37.737373,20.862048
520160,37.731526,20.866656
10071,37.980519,21.72517
410162,36.965255,22.144223
60929,37.921424,23.712643
61023,37.91238,23.727605
60904,37.922096,23.710544
20292,38.553367,21.816311
20266,38.556836,21.794139
430052,40.680189,22.269688
91410,40.705216,22.789367
90218,40.662957,22.857832
90219,40.654753,22.852403
400064,39.163847,23.487525
490070,41.053195,23.584446
490062,41.132378,23.303432
300261,39.6878,19.838299
300262,39.681744,19.837376
300263,39.67904,19.83845
470071,41.075985,25.713065
190138,40.162218,23.729421
310011,41.10389,22.560894
310071,41.258342,22.83149
260319,40.627852,24.574203
60235,37.81589,23.779044
410176,37.20954,21.640732
60711,38.113543,23.769529
60693,38.113899,23.766911
60694,38.112638,23.766761
380264,39.029582,26.449295
160060,40.687552,21.625489
230044,40.640869,22.531541
10799,37.898823,22.124914
260107,40.869167,24.311906
260110,40.878895,24.313185
260111,40.879008,24.316071
260112,40.88135,24.316689
40058,37.401486,22.277307
40060,37.45529,22.409489
340622,36.87789,25.932106
230142,40.647903,22.435526
60287,37.980569,23.736412
380236,39.067232,26.57498
380237,39.068562,26.572003
380238,39.070811,26.591305
60287,37.980569,23.736412
380239,39.048133,26.598633
60903,37.92329,23.720056
190253,40.24343,23.287961
350199,36.825984,22.771569
490058,41.085239,23.544024
190254,40.240048,23.293625
190256,40.242972,23.292637
400283,39.185297,22.736932
400284,39.183189,22.733899
510279,40.971633,24.799118
400285,39.179555,22.752022
310154,40.990963,22.569058
60266,38.048383,23.836618
490083,40.921783,23.970629
10829,38.158472,22.342887
190300,40.311944,23.061892
480078,37.68881,26.942239
60257,37.98226,23.763051
230138,40.628967,22.448473
230140,40.624512,22.44299
230150,40.62375,22.43997
230151,40.622117,22.440579
220367,37.639899,21.531174
340701,37.832492,24.928943
360169,39.389494,22.265231
430062,40.798545,21.916146
60299,37.826391,24.043808
140190,38.878797,21.746811
60081,37.985357,23.73388
10280,37.887,21.879419
220146,37.43751,21.905625
40503,37.651617,22.462752
220179,37.413845,21.864877
90094,40.654458,22.926833
120397,41.647772,26.474718
50163,39.126033,20.811656
30290,37.522571,22.861481
20600,38.619527,21.404793
20675,38.644219,21.387364
380207,39.227378,26.440619
380208,39.212465,26.461758
380209,39.212465,26.461758
270038,39.361566,21.597265
10257,38.258667,21.744399
380215,39.367462,26.175437
60265,37.964965,23.650302
91196,40.704648,23.698003
91199,40.68944,23.689187
260290,40.704876,24.535253
91374,40.466782,22.990321
260320,40.636657,24.573723
260321,40.63332,24.574486
400231,39.37133,22.777328
500403,39.587278,22.060542
410291,37.070857,21.967453
340379,36.726217,24.449391
400163,39.333024,22.760737
120128,40.849403,25.856946
68039,37.980839,23.737577
130547,38.485259,23.559129
130548,38.486988,23.567746
110247,36.392499,28.068535
320378,37.817602,22.92628
370171,35.012494,25.837556
370173,35.015579,25.828123
130601,38.576966,23.637578
110836,36.847458,27.171531
150398,38.7638,22.911458
300144,39.624114,19.878212
10835,38.158472,22.342887
120359,40.857994,25.833029
120360,40.851554,25.82779
120361,40.852383,25.826425
320439,38.108922,22.536534
60265,37.964965,23.650302
420079,37.885707,23.463536
290127,38.146359,20.500741
290076,38.41154,20.564346
290010,38.4626,20.556657
370052,35.157118,25.647349
220340,37.674951,21.436019
220341,37.674319,21.433191
340383,36.827833,25.866657
420385,37.963947,23.456891
260313,40.740761,23.966002
260312,40.731045,24.006274
61550,37.99365,23.731034
220384,37.659967,21.556504
20669,38.913868,20.890527
420398,37.97238,23.458125
360106,39.505772,22.641905
470049,41.169238,25.464705
440032,40.230354,22.499664
400211,39.141631,23.427312
60260,38.043077,23.753526
450042,38.955495,20.753068
20555,38.627618,21.408542
20561,38.628483,21.408535
240068,35.362821,25.021124
380086,39.115747,26.414662
240372,35.083994,24.738225
200396,35.542601,23.77913
290121,38.171655,20.492498
20532,38.618513,21.410563
20037,38.512649,21.558983
100121,41.362155,24.375037
20089,38.491061,21.673387
40164,37.582024,21.936061
410173,37.040794,21.941195
500376,39.787807,21.409008
60240,38.080073,23.736107
310039,41.085447,22.676032
60240,38.080073,23.736107
450013,39.217499,20.566568
40068,37.166953,22.861989
90072,40.633778,22.944027
160069,40.908836,21.418836
360004,39.719308,22.757545
90200,40.639976,22.934314
250201,39.604886,20.860829
60343,38.045126,23.804014
420419,37.770995,23.528039
320427,37.915861,23.000967
320428,37.917068,22.999642
270062,39.338094,22.096729
440275,40.099958,22.497395
440276,40.100249,22.49964
440273,40.105269,22.504191
440277,40.105269,22.504191
190208,40.27667,23.169557
190270,40.28636,23.135059
190211,40.291887,23.122922
190271,40.277729,23.147094
500377,39.795032,21.380337
500378,39.807817,21.340541
190286,40.197383,23.328068
190287,40.210605,23.321784
190285,40.19568,23.328689
67920,37.888012,23.471236
67921,37.89109,23.478783
67922,37.87818,23.456188
67923,37.879564,23.447136
370304,35.037319,25.972417
90072,40.633778,22.944027
90072,40.633778,22.944027
90109,40.615029,22.956364
260324,41.017494,24.64255
67820,38.293614,23.916968
130101,38.836816,23.464694
40010,37.444372,22.24323
320430,37.9153,23.002209
320431,37.906721,22.987364
320432,37.898512,22.979288
210182,38.202161,26.044524
400267,39.285804,22.855594
500404,39.603821,22.05219
50013,39.162147,20.985769
91345,40.493793,23.113159
60170,37.889579,23.755293
60170,37.889579,23.755293
60170,37.889579,23.755293
270040,39.403953,21.853327
180162,39.897888,21.282064
350012,36.666067,22.383709
130044,37.967882,24.477106
130555,38.851225,22.987983
240105,35.341156,25.136336
20227,38.397336,21.763094
150078,38.828257,22.446376
440041,40.056983,22.560033
70033,38.428302,22.672392
60251,37.947083,23.715529
120362,40.854743,25.80905
360188,39.615366,22.413823
400235,39.144911,23.86316
400236,39.152388,23.872651
400237,39.151494,23.872238
30293,37.619814,22.799966
130025,38.874105,23.362086
200380,35.539218,23.782252
10819,38.017532,21.960901
490369,40.915369,23.47967
60287,37.980569,23.736412
270017,39.365219,21.920051
67570,38.299528,23.788362
67791,37.84068,24.045779
67575,38.325469,23.769252
67578,38.33141,23.770441
200216,35.585482,24.088491
240297,35.3278,25.199437
220150,37.738765,21.448924
90037,40.748454,23.069701
490319,41.314548,23.580181
70310,38.48023,22.584847
240312,35.133396,24.998917
240391,35.315986,25.240956
500070,39.804636,21.904336
500033,39.805712,21.849973
110446,36.386656,28.135027
200213,35.579683,24.093574
110763,36.378027,28.026533
110764,36.373998,28.035855
110765,36.369749,28.01392
110766,36.380489,28.031007
110768,36.351108,27.983745
20635,38.865357,21.173752
20636,38.863241,21.170078
400009,39.1681,22.884653
340384,36.82642,25.863865
67536,38.322474,23.813462
67537,38.321398,23.815471
67538,38.318023,23.822701
67543,38.319303,23.810089
67544,38.31626,23.81051
67545,38.310889,23.813827
67546,38.316462,23.814156
110181,36.288985,27.942239
10832,38.158472,22.342887
430053,40.83531,22.391412
10805,37.898823,22.124914
240299,35.329373,25.205712
420456,37.237741,23.13674
70127,38.366443,23.536949
190306,40.277927,23.438593
60374,37.97626,23.710291
91438,40.73797,22.984443
67472,37.978134,23.351727
190206,40.19568,23.328689
50138,39.165964,21.021168
60202,37.961355,23.752121
480068,37.616746,26.294961
330049,40.232857,21.749234
360369,39.665431,22.399131
60287,37.980569,23.736412
60287,37.980569,23.736412
250181,40.003356,20.424554
210181,38.553594,26.086228
240105,35.341156,25.136336
64398,37.865314,24.030288
65836,38.002267,23.777752
65850,37.995006,23.792246
90997,40.607794,22.956019
20032,38.666139,21.713487
67924,37.88015,23.445695
340252,37.769037,24.909663
110075,36.786361,27.147717
450172,38.955495,20.753068
150077,38.809499,22.643476
10011,37.928336,21.62971
10206,37.905474,21.655063
250086,40.048305,20.752019
400007,39.180307,22.761365
480014,37.793157,26.705798
60274,38.053916,23.806541
68141,38.021101,23.749798
290013,38.177861,20.487443
200487,35.56516,24.098186
210183,38.191421,26.024646
420420,37.767065,23.534574
240335,35.408138,24.998504
340678,37.83291,24.806107
390067,38.641503,20.707116
190290,40.298269,23.113006
190289,40.302989,23.103061
100014,41.271738,24.176583
500379,39.794383,21.32946
91420,40.459658,22.861419
91346,40.458723,22.863511
91347,40.444578,22.869595
91348,40.443976,22.869624
91349,40.475025,22.868035
67925,37.881342,23.443473
410253,36.925148,21.928734
67894,38.33063,23.704193
67895,38.326465,23.699993
67896,38.329761,23.733611
67897,38.324001,23.711757
220278,37.674843,21.442532
220284,37.671996,21.443234
360064,39.916298,22.602034
480014,37.793157,26.705798
480024,37.75345,26.978699
190314,40.277927,23.438593
350259,36.736625,22.569714
420452,37.494962,23.450033
350456,36.78466,22.569103
300284,39.413497,20.089767
400051,39.388786,22.996919
440022,40.500736,22.543591
190281,40.347507,23.015727
190282,40.347507,23.015727
67579,38.329368,23.765066
67581,38.325316,23.759155
340660,36.372719,25.428414
360400,39.740492,22.374769
250339,39.627098,20.775321
170024,38.381477,22.078209
350098,36.641064,23.027652
250244,39.978071,20.663524
220141,37.736784,21.409654
200510,35.48341,23.828988
240142,35.016291,24.784132
470264,41.096161,25.581974
100092,41.170971,24.215222
320063,37.937308,22.840894
60218,38.112772,23.981113
370044,35.122276,25.732386
68001,38.045126,23.804014
67919,38.088237,23.808159
90117,40.470384,22.968759
60023,38.247618,23.697564
240375,34.993327,24.75089
60030,38.050258,23.586787
300285,39.401859,20.097941
420453,37.495863,23.451809
420454,37.497348,23.444954
360435,39.765756,22.534432
340641,36.414309,25.434888
150430,38.811642,22.413614
310145,40.960956,22.523413
310146,40.960556,22.528645
340666,36.354487,25.46821
250126,40.294059,20.769415
91382,40.470384,22.968759
160014,40.779445,21.409362
190036,40.087892,23.318295
330105,40.254563,22.075134
110815,36.87108,27.181925
160014,40.779445,21.409362
110817,36.878606,27.178461
320397,38.022044,22.502919
110447,36.386589,28.137143
110448,36.387649,28.1382
270330,39.338094,22.096729
220376,37.66397,21.346067
220375,37.664858,21.336883
220377,37.664107,21.352044
220397,37.665627,21.312089
170126,38.428956,22.430956
90192,40.653078,22.90996
90183,40.685236,22.783356
10144,38.181146,21.826049
20300,38.447517,21.117867
260016,40.858927,24.706217
370048,35.110944,26.218774
360125,40.767056,22.926926
30175,37.527126,22.865653
150366,39.013056,22.131444
280016,40.512356,21.318424
290113,38.181859,20.486734
290140,38.173476,20.490497
450030,39.150826,20.659919
70057,38.389202,22.653725
450028,39.197482,20.565939
340607,37.052189,25.499564
90109,40.615029,22.956364
100089,41.105114,24.0847
120087,40.86934,25.987129
90091,40.49926,22.877925
160022,40.58624,21.490111
110179,36.450091,28.222448
110818,36.852253,27.207484
330042,40.299228,21.792746
330042,40.299228,21.792746
10749,38.145308,21.525347
20119,38.452864,21.624475
30278,37.495668,22.9905
91342,40.492662,22.869486
500022,39.598159,21.651551
10262,38.152821,22.316691
320437,38.107437,22.539537
10059,38.187807,22.196443
250076,39.446172,20.706369
61852,38.016918,23.770559
61858,38.019802,23.774192
90491,40.58314,22.949882
90495,40.577956,22.945077
90504,40.580411,22.952247
63443,38.099401,23.797052
63449,38.097368,23.79098
63456,38.090399,23.772378
90216,40.573336,22.991188
90072,40.633778,22.944027
130185,38.904767,24.566051
380058,39.147056,26.529948
440023,40.28699,22.283866
490313,40.76407,23.769436
90103,40.597768,22.965018
200515,35.430934,23.685118
300247,39.725158,19.893895
300248,39.7202,19.874455
390076,38.703566,20.707178
60730,38.028753,23.848955
91405,40.476243,22.870002
300273,39.428599,19.995275
300275,39.442812,19.955255
300276,39.443245,19.943694
300277,39.427782,19.948511
300216,39.729808,19.7029
110256,37.049724,26.954341
430020,40.684987,22.301602
100025,41.258559,24.493933
100031,41.28313,24.208343
220286,37.671159,21.443073
220317,37.670089,21.435626
130184,38.500018,23.356525
220326,37.669504,21.440749
130506,38.382424,23.629145
130507,38.383925,23.629746
130509,38.380586,23.628911
130513,38.407158,23.60581
130514,38.406939,23.602593
130515,38.405402,23.602039
240104,35.334337,25.118779
240104,35.334337,25.118779
400099,39.277269,22.815605
340642,36.409936,25.442093
340643,36.412115,25.442859
340648,36.402633,25.437154
100067,41.22456,24.18895
130497,38.509766,23.637879
130498,38.498862,23.63462
440045,40.375801,22.579178
60170,37.889579,23.755293
68058,37.873029,23.871933
60014,37.994463,23.674592
70274,38.341571,23.355907
260081,40.833367,24.024575
240100,35.234087,25.158503
150117,38.908941,22.127382
90057,40.80214,22.669724
130288,38.516266,24.02975
150159,38.916197,22.302114
240105,35.341156,25.136336
110828,36.871303,27.149242
90168,40.753207,23.468422
120076,41.57866,26.535348
200114,35.488061,24.073449
150165,38.793409,22.725302
370176,35.110944,26.218774
70055,38.308805,23.63758
130008,38.856324,23.043402
67471,37.999647,23.386084
330085,40.667269,21.835381
190294,40.311515,23.07106
190198,39.964022,23.673006
500383,39.583019,21.727414
360162,39.814123,22.818809
330088,40.184701,21.99749
90108,40.540394,23.028096
60256,38.031404,23.709343
170021,38.361264,22.227607
310162,40.941297,22.893266
280023,40.390675,20.952592
110843,36.875038,27.206239
110819,36.870891,27.204364
110820,36.852283,27.209978
110821,36.849426,27.201284
160017,40.851089,21.396667
110822,36.845918,27.204372
110823,36.876778,27.214936
110829,36.873647,27.158433
170127,38.431151,22.430772
110830,36.876639,27.146875
110831,36.879696,27.14573
170132,38.438169,22.422594
100072,41.206447,24.342174
260322,40.994267,24.653306
110834,36.8475,27.161216
260328,40.984748,24.702271
310077,40.889841,22.816835
20133,38.634077,21.707699
110450,36.388885,28.1353
110452,36.384011,28.129742
130501,38.779976,23.428366
110761,36.360504,28.120041
20558,38.625224,21.406376
110762,36.358641,28.11593
20562,38.626755,21.405831
20593,38.62009,21.409246
260326,40.994267,24.653306
520061,37.759373,20.89209
520068,37.758088,20.887119
260327,40.994267,24.653306
260305,40.970895,24.581053
520064,37.744314,20.897273
260307,40.765564,23.909522
90608,40.602147,22.969717
110824,36.877075,27.21892
130546,38.484884,23.554802
60260,38.043077,23.753526
360074,39.737615,22.286221
60260,38.043077,23.753526
60260,38.043077,23.753526
60233,37.952261,23.705442
60020,38.050258,23.586787
60233,37.952261,23.705442
320130,38.004576,22.726938
300056,39.806822,19.869471
100044,41.359698,24.183942
110001,35.427682,27.150305
63459,38.096664,23.791386
67835,38.301664,23.877274
510278,40.946386,24.79029
260257,40.938308,24.391691
70323,38.570936,22.782511
260018,41.013112,24.294688
60265,37.964965,23.650302
90172,40.523445,22.976587
61489,37.960733,23.719903
90663,40.599818,22.981845
370006,35.189506,25.718565
250188,39.716341,20.792058
130282,38.582282,23.710744
270134,39.285869,21.904667
290068,38.250832,20.647654
370067,35.256881,25.607143
210190,38.412404,26.127685
300037,39.789336,19.815434
380036,39.037355,26.455715
130499,38.498446,23.633871
130500,38.507907,23.6366
30282,37.319973,23.15778
30283,37.320281,23.171844
320445,37.963906,22.641576
63232,38.039131,23.629303
63239,38.031346,23.619957
63240,38.029834,23.616965
63241,38.032468,23.617234
390077,38.70554,20.708558
390078,38.713945,20.715457
390079,38.718398,20.72218
20216,38.571247,21.666884
130516,38.40965,23.604812
400286,39.416153,23.161802
130517,38.407579,23.608466
320386,37.942732,23.156291
420416,37.737744,23.525724
67913,38.123624,23.417885
220332,37.671533,21.432373
220335,37.673706,21.432113
220336,37.672773,21.431476
110190,36.605559,27.82911
210191,38.409987,26.125376
360081,39.623152,22.5332
40517,37.059478,22.888865
110011,37.458102,26.971918
320411,37.857045,22.998262
320412,37.866717,22.997057
320413,37.867384,22.997364
320414,37.865903,22.996768
320416,37.882637,22.992161
67825,38.289528,23.924808
67826,38.289304,23.918724
220274,37.808133,21.435708
440272,40.102404,22.49956
440274,40.101132,22.498906
60170,37.889579,23.755293
440018,40.267452,22.592067
40160,37.336336,22.677386
320047,37.8504,22.999724
30281,37.324893,23.154656
230081,40.569207,22.339066
220161,37.714043,21.35022
40429,37.350043,22.747353
40430,37.351271,22.749649
40440,37.16182,22.888713
40441,37.151299,22.88896
40208,37.795662,21.810908
410203,36.955004,21.702656
40210,37.767566,21.857991
110835,36.84171,27.158577
320125,37.976467,22.760823
410258,36.983467,21.713709
390012,38.611022,20.562447
220211,37.862415,21.325035
350333,36.989294,22.434264
350267,36.979274,22.442081
340173,37.060426,25.398929
110228,36.272548,28.024505
20595,38.618386,21.409494
340633,37.388682,24.890401
340635,37.397243,24.882027
340636,37.395036,24.882745
340374,37.399583,24.877374
340632,37.399583,24.877374
290150,38.074211,20.742711
90072,40.633778,22.944027
330195,40.206145,21.75143
500412,39.714617,21.616263
340654,36.396642,25.460133
340655,36.403125,25.463497
340656,36.411289,25.471479
61660,37.907952,23.755281
61672,37.906089,23.75214
61679,37.905281,23.739434
490389,41.022486,23.483362
510065,41.113636,25.021227
130267,38.502798,24.122553
130280,38.389939,24.092785
70328,38.321362,23.317261
510061,41.092216,24.901571
20314,38.364917,21.537738
510060,40.985358,24.796006
90109,40.615029,22.956364
110825,36.879772,27.228855
490118,41.077438,23.529686
90278,40.573715,22.954363
90277,40.573483,22.954176
90268,40.570013,22.957704
320041,37.763939,23.121545
360134,39.926323,22.046893
190315,40.269787,23.446965
130001,38.41304,24.193212
190121,40.512483,23.353905
420070,37.963323,23.61963
330089,40.257418,21.553782
40177,37.656338,21.899761
130483,38.428041,23.667806
380030,39.104354,26.553049
63291,38.08985,23.819201
400198,39.38107,22.981819
90770,40.642294,22.914439
90773,40.649223,22.917045
340266,37.415997,25.348696
240248,35.341156,25.136336
190288,40.19568,23.328689
91359,40.654834,23.000153
91360,40.655646,22.988359
91361,40.657751,22.982297
91362,40.656588,22.985157
91363,40.658189,22.983398
91364,40.662046,22.987858
380245,39.888149,25.077334
340650,36.424722,25.429781
340651,36.425204,25.429107
340652,36.42646,25.429076
67881,38.237424,23.787502
67882,38.237271,23.783403
340668,36.46201,25.382852
200468,35.516931,24.132403
200469,35.511569,24.142199
10122,38.158472,22.342887
260287,40.739595,24.574538
270332,39.371319,21.975671
500400,39.457267,21.62639
500401,39.47173,21.618184
250065,39.728595,20.927272
360396,39.747777,22.365211
250157,39.806178,21.002102
250338,39.641005,20.75591
20022,38.623911,21.41029
340686,37.039921,25.07962
440289,39.992326,22.623917
200129,35.452264,24.212096
440290,39.992326,22.623917
190215,40.013042,23.542474
200016,35.51137,24.013618
200016,35.51137,24.013618
330169,40.274579,21.781575
250257,39.68906,20.827616
240203,35.342459,25.158044
240212,35.341285,25.15576
400194,39.381967,22.974071
67669,37.965327,23.731319
67679,37.96001,23.720536
410042,37.034498,22.111926
10063,38.228231,21.762903
200517,35.493425,23.657297
410042,37.034498,22.111926
10231,38.163666,21.667608
410063,36.797127,21.958224
260121,40.760653,24.178011
170026,38.67366,22.429237
60076,37.807444,23.977684
170121,38.547252,22.418782
410078,37.052502,22.008352
500130,39.560453,21.769054
90072,40.633778,22.944027
200016,35.51137,24.013618
64448,37.995099,23.779449
64446,37.989169,23.764452
400232,39.332809,23.133939
150388,38.691191,23.060214
110751,36.104213,28.063915
110752,36.105621,28.066226
80150,39.62712,20.18592
200470,35.511144,24.145927
200471,35.504395,24.167711
200472,35.517018,24.119492
20379,38.585418,21.428015
20673,38.579776,21.426202
110698,36.99365,26.932668
110699,36.983818,26.933317
340554,36.723102,25.283542
490005,41.376112,23.441691
110758,36.35982,28.116335
110759,36.361584,28.116216
110760,36.362055,28.118861
370302,35.009385,25.739336
270084,39.19214,21.415944
380216,39.365706,26.177124
370292,35.039558,25.978752
220279,37.676641,21.440554
220318,37.672501,21.430429
440046,40.317575,22.590847
200139,35.53382,24.160283
60366,38.028385,23.181597
40172,37.562277,22.029527
50135,39.08742,20.919873
50136,39.16143,20.935384
380080,39.04341,26.50552
400069,39.103402,22.894002
120392,41.452288,26.462896
130549,38.482742,23.54429
450180,39.211686,20.877764
500390,39.598298,21.732501
450182,39.215422,20.897166
450183,39.216905,20.900841
450184,39.195294,20.884869
65195,38.063829,23.60142
90698,40.598001,22.972378
400210,39.379875,22.978937
510059,40.981036,24.952676
510042,41.253648,24.934241
440036,40.295508,22.35053
90109,40.615029,22.956364
320084,37.895729,22.744955
240113,35.38264,24.959395
260014,40.741462,23.98243
420070,37.963323,23.61963
320020,37.808225,22.869352
370298,35.207288,26.262541
370299,35.196179,26.263351
40445,37.248417,22.855176
40446,37.24619,22.861164
40433,37.411846,22.760581
40434,37.410866,22.759685
40435,37.411297,22.758403
40436,37.423202,22.764165
380030,39.104354,26.553049
450068,39.093828,20.70376
60232,38.03776,23.691172
50141,39.129998,21.043116
60210,38.011598,23.826201
490393,40.934353,23.503796
200420,35.233984,23.685363
200432,35.430934,23.685118
65421,38.005051,23.657148
65430,38.002725,23.662018
410153,37.109007,21.943745
30178,37.603361,22.87209
340689,37.040872,25.083137
110690,36.964899,26.959033
110691,36.962636,26.958413
110692,36.965207,26.958077
380246,39.873177,25.064938
380247,39.861037,25.0731
380248,39.871234,25.068387
380267,39.875282,25.06518
450187,38.995223,20.709069
490357,41.026814,23.609196
310151,40.804674,22.708106
310152,40.818526,22.726192
190023,40.222628,23.669416
500413,39.716342,21.619703
70298,38.377147,22.630296
20247,38.650576,21.611468
50013,39.162147,20.985769
62276,37.926693,23.694202
62289,37.932295,23.699502
260354,40.71936,24.730168
200441,35.430934,23.685118
200445,35.470284,23.601116
110082,35.416894,26.921335
200446,35.470284,23.601116
110021,35.48421,27.120402
30105,37.415879,23.124125
90089,40.488656,23.021171
110244,35.486115,27.181972
20538,38.61858,21.411808
67833,38.299215,23.878526
230148,40.622823,22.440325
110694,36.957741,26.965523
110695,36.961333,26.960749
110696,36.966235,26.956762
240080,35.127205,24.905927
64418,37.985656,23.765266
240128,35.017145,24.811056
130264,38.448725,24.112976
410175,37.003638,21.94124
100084,41.120518,24.039821
67697,37.988125,23.729143
10671,38.267348,21.741651
110307,37.350563,26.565564
510272,41.085837,24.912334
130211,38.629369,24.056877
40147,37.627412,22.292932
120008,40.847582,25.83469
130279,38.545371,24.073256
90100,40.639976,22.934314
120094,40.926048,25.917985
410042,37.034498,22.111926
410042,37.034498,22.111926
130302,38.46787,24.15297
60286,37.979561,23.726586
350061,36.7181,22.859967
90165,40.622175,23.561758
500402,39.469601,21.620811
60002,37.953297,23.854004
400061,39.051159,22.955027
360065,39.904493,22.554422
360020,39.342562,22.492078
67556,38.312042,23.836226
67799,37.813301,23.866735
67800,37.827206,23.858863
290154,38.204967,20.43613
440037,40.253814,22.344833
410168,36.999588,21.683338
20138,38.368997,21.431419
240104,35.334337,25.118779
480024,37.75345,26.978699
190072,40.016597,23.522959
60198,37.927925,23.749884
340558,36.724042,25.275572
110700,36.986685,26.93488
340559,36.723387,25.272394
340560,36.727449,25.273914
110703,37.006066,26.940733
110704,36.970254,26.937532
110705,36.959916,26.947874
410054,37.238222,21.909983
340637,36.422815,25.432514
200475,35.563962,24.092103
340600,37.042006,25.43293
110800,36.848862,27.076251
110801,36.845806,27.077309
70125,38.333398,23.600067
110807,36.745829,26.969972
70126,38.324377,23.608531
240302,35.326751,25.178737
290155,38.205226,20.437613
290157,38.202699,20.432693
130493,38.521484,23.63216
130494,38.523374,23.632219
130495,38.522184,23.637377
130496,38.518356,23.646917
67583,38.317068,23.773612
240103,35.328471,25.136269
60323,38.026548,23.998977
510062,41.060521,24.962071
150079,38.998059,22.263429
240082,35.009994,24.865756
170089,38.597405,22.494412
70329,38.321362,23.317261
70330,38.321362,23.317261
320122,37.925027,23.019123
90036,40.635046,23.246331
20688,38.578596,21.238367
100078,41.131879,24.209659
260091,40.937601,24.408921
300014,39.619755,19.919074
310153,40.815214,22.726821
240384,35.289771,25.084363
240386,35.273111,25.080724
240379,35.318503,25.084818
240382,35.30216,25.076093
410382,36.963751,21.925674
460244,35.389174,24.609175
40442,37.111683,22.88949
40443,37.114694,22.896404
40444,37.187395,22.898308
67584,38.30748,23.759503
67585,38.304907,23.754743
67586,38.303635,23.752537
340661,36.375089,25.431685
440283,40.448158,22.587308
120379,41.195665,26.296123
500399,39.494163,21.68397
510264,41.12835,25.042281
510266,41.108943,25.023243
90508,40.579176,22.955301
130249,38.633333,24.103557
110809,36.745523,26.96006
110810,36.746889,26.959423
67901,37.971047,23.217009
410384,36.915185,21.698819
410385,36.915047,21.699029
190210,40.299826,23.129002
70291,38.332635,23.666062
370284,35.018745,25.855444
70318,38.359792,22.959955
350304,37.079187,22.435304
10807,37.898823,22.124914
350306,37.078352,22.433226
350309,37.079735,22.436109
91366,40.662522,22.979941
91367,40.65893,22.984445
91369,40.66192,22.987848
340688,37.039907,25.082912
150115,39.00736,21.994597
260348,40.71936,24.730168
63319,38.090943,23.820322
63324,38.089929,23.823944
63345,38.087187,23.815893
90227,40.566173,22.997236
260079,40.765564,23.909522
260091,40.937601,24.408921
90516,40.5805,22.956208
90522,40.585106,22.966543
90530,40.588734,22.961674
62954,38.007295,23.784007
62959,38.010666,23.784475
240247,35.333482,25.165454
240217,35.336113,25.16082
67802,37.830944,23.854739
70293,38.340188,23.655886
350442,36.698977,23.031488
250212,39.639328,20.94404
260056,40.819792,24.241277
68036,38.134886,23.860946
220081,37.673441,21.4379
61475,38.137732,23.869668
61476,38.135374,23.876535
170109,38.350008,22.155546
400262,39.316853,22.919204
400289,39.435131,23.09785
420388,37.960447,23.470136
350055,36.686192,23.035837
150145,38.905935,22.509392
260083,40.900592,24.337263
200511,35.436805,23.843767
220136,37.627429,21.493444
220085,37.685648,21.355865
340638,36.422743,25.439033
130088,38.015022,24.420561
20138,38.368997,21.431419
90065,40.66444,23.696194
90125,40.705216,22.789367
10276,38.105994,21.505227
63880,38.026454,23.874169
64184,37.951121,23.674681
68034,38.064693,23.512836
40212,37.588285,22.06662
310157,40.989721,22.578721
310156,40.99192,22.575575
310155,40.994911,22.576793
67811,37.819256,23.863602
40211,37.590956,22.026164
110258,36.85537,27.113951
120358,40.506078,25.570483
250468,40.048305,20.752019
61479,38.136881,23.871639
400082,39.366872,22.954572
400082,39.366872,22.954572
400078,39.361904,22.946673
240105,35.341156,25.136336
10244,38.245369,21.735276
350376,36.298512,22.964267
340639,36.433899,25.436308
340640,36.435918,25.436542
340647,36.415125,25.433169
340557,36.724709,25.278083
220171,37.921389,21.283722
490125,41.089118,23.598042
240300,35.327068,25.206078
240172,35.334337,25.118779
70123,38.352586,23.583491
410361,36.869891,21.920859
410363,36.900168,21.923024
480137,37.592867,26.253632
340568,37.437914,24.42432
340569,37.441441,24.424543
67771,37.665067,23.991488
67772,37.666462,23.995388
110707,36.347103,27.963922
110708,36.345743,27.935965
120368,40.429977,25.514279
190283,40.347507,23.015727
30093,37.637751,23.153996
30039,37.378821,23.159472
320124,38.048057,22.685518
350375,36.287644,22.960491
350374,36.287713,22.964933
30102,37.556823,22.714322
380241,39.876848,25.060232
200508,35.241172,24.213609
480179,37.769451,27.023928
50068,39.286598,21.058497
130266,38.575784,24.061356
50129,39.221336,21.069123
190141,40.548506,23.447833
60270,38.320039,23.796631
60045,38.105677,23.670608
510067,41.077334,24.7973
300014,39.619755,19.919074
310148,41.018006,22.817054
67867,38.071797,23.165258
500001,39.827696,21.875085
67869,38.069435,23.150525
90173,40.748454,23.069701
67871,38.081219,23.188721
130322,38.418005,23.651308
130329,38.434775,23.64964
420428,37.771707,23.509293
410377,37.202111,21.622506
200079,35.46698,23.799093
450011,39.220411,20.676038
400114,39.340641,23.009023
450185,39.186799,20.885931
300048,39.700371,19.77502
240332,35.39704,24.952015
91422,40.656532,23.699269
330140,40.331951,21.79089
430196,40.781896,22.154833
500387,39.51219,21.863428
280025,40.45627,21.14306
70084,38.346986,23.582268
340366,37.640002,24.331454
190070,40.277927,23.438593
80054,39.407152,20.242735
60323,38.026548,23.998977
370285,35.018745,25.855444
70295,38.335984,23.658318
70297,38.338242,23.647185
70292,38.340913,23.659402
380242,39.881754,25.065218
91356,40.651271,22.998908
91357,40.656926,22.997021
91358,40.654042,22.997276
91370,40.663956,22.983526
91371,40.662423,22.979707
91372,40.659128,22.98439
91373,40.659645,22.973665
350315,37.076601,22.436892
350316,37.072758,22.43901
40513,37.595843,22.039586
250475,39.66616,20.852682
340649,36.421927,25.42972
300014,39.619755,19.919074
300014,39.619755,19.919074
10324,38.226678,21.722
70331,38.321362,23.317261
360439,39.38752,22.498772
190153,40.26116,23.497567
64214,37.953441,23.681185
190106,40.493909,23.652339
70289,38.338118,23.685795
200065,35.289466,23.786364
60272,37.985864,23.72381
90109,40.615029,22.956364
20229,38.664992,21.091776
90109,40.615029,22.956364
60027,38.023176,23.802156
50232,39.163849,20.931493
70299,38.378667,22.633913
63174,38.013892,23.823129
62746,37.917474,23.753723
62760,37.917469,23.751915
62768,37.918667,23.747784
200512,35.496027,23.817084
150168,39.2347,22.27734
340097,37.656677,24.31181
150139,38.850146,22.475241
330305,40.171951,21.865005
150143,38.903685,22.371553
90178,40.682649,22.805777
210178,38.319345,26.152017
60735,38.0324,23.844299
270158,39.416823,21.798855
50224,39.100782,20.913216
80005,39.600138,20.307707
10257,38.258667,21.744399
380030,39.104354,26.553049
67773,37.669221,23.99613
67774,37.66308,24.000592
410364,36.848633,21.923056
60192,37.997205,23.796123
60034,38.045126,23.804014
60287,37.980569,23.736412
310075,40.982711,22.422539
130042,38.94962,23.192031
30294,37.657901,22.790056
130559,38.932806,23.03771
130564,38.871838,23.437626
400078,39.361904,22.946673
400078,39.361904,22.946673
61492,37.968536,23.730491
370077,35.257747,25.727889
370006,35.189506,25.718565
60381,38.064693,23.512836
440291,39.988373,22.629288
440292,39.983907,22.631567
440293,39.992326,22.623917
440294,39.992326,22.623917
190139,40.28593,23.253569
470273,41.025768,25.706931
470274,40.974966,25.720117
190073,40.095051,23.979566
470275,41.017526,25.680012
10005,38.194951,21.80985
190305,40.277927,23.438593
70124,38.321882,23.62764
70122,38.345031,23.591968
190307,40.277927,23.438593
190308,40.277927,23.438593
190311,40.277927,23.438593
190313,40.280943,23.424511
340372,37.420987,24.883351
340373,37.422708,24.892114
67858,38.127395,23.976184
490077,40.893564,23.701091
340066,36.987587,25.183146
190074,40.332682,23.724526
430060,40.84607,22.504845
190110,40.277729,23.147094
190115,40.302723,23.207777
90155,40.887952,23.10089
250089,39.701185,20.944948
200509,35.48505,23.950746
360100,39.602675,22.436883
90073,40.61237,22.96756
490373,41.014254,23.52098
250056,39.652178,20.842256
400213,39.152023,23.407227
90140,40.656617,23.613003
510076,41.117194,24.94512
400108,39.243072,23.304921
60286,37.979561,23.726586
150162,39.101092,22.271619
330024,40.488329,21.559873
60271,37.824473,23.809039
90072,40.633778,22.944027
80162,39.640393,20.395378
410138,36.824975,22.280632
320123,37.92806,23.142784
340229,37.436261,24.933898
410165,37.166046,21.983686
91201,40.687353,23.692693
67567,38.307203,23.790727
67568,38.303071,23.787919
340657,36.354824,25.444209
67569,38.301915,23.786903
67576,38.327124,23.772705
340658,36.35674,25.447004
67577,38.331404,23.772624
67580,38.333284,23.762093
67582,38.329129,23.753173
200387,35.289466,23.786364
400250,39.142415,23.421653
350450,36.729363,22.854058
130602,38.577026,23.630938
350451,36.730824,22.854583
130604,38.574421,23.642977
30308,37.411675,23.32557
220374,37.663748,21.329029
340662,36.357736,25.446932
200077,35.408142,24.197956
340231,37.811149,24.886768
430191,40.733805,22.13782
390033,38.675862,20.69568
430192,40.734318,22.13887
430193,40.714008,22.15912
340018,37.01505,25.132755
330304,40.433392,21.903733
330102,40.262266,21.325431
91204,40.710058,23.698025
67789,37.828123,24.038136
67792,37.836553,24.047133
330042,40.299228,21.792746
60212,38.053502,23.767037
340524,36.643086,24.88894
130504,38.800712,23.426041
330151,40.200471,22.021337
290119,38.172499,20.491497
440006,40.270983,22.511121
60709,38.104274,23.770054
310042,41.008745,22.664184
400101,39.224835,23.218996
190022,40.311944,23.061892
260120,40.792642,24.239867
440297,40.500223,22.439576
290160,38.254958,20.628704
340663,36.354668,25.448879
290161,38.228562,20.642725
250051,40.272426,20.766045
340664,36.35203,25.458559
300267,39.783962,19.708172
300270,39.787565,19.692537
510265,41.128702,25.038623
200518,35.409573,23.928309
240044,35.316539,25.390904
190269,40.277835,23.163887
410174,37.051814,22.045793
490399,41.085239,23.544024
360110,39.573167,22.304639
60224,37.883295,23.935476
360144,39.52974,22.268146
490397,41.091556,23.548944
490060,41.068377,23.39301
60257,37.98226,23.763051
480077,37.70337,26.904934
64151,37.938214,23.723402
64155,37.936398,23.727124
64156,37.935679,23.726955
110689,36.963476,26.959852
110693,36.965385,26.955987
110712,36.213502,28.113989
110716,36.221856,28.122859
350221,37.031442,22.522091
68069,37.983164,23.724234
68063,37.985864,23.72381
420074,37.940648,23.645626
68065,37.987979,23.726038
60277,38.130942,23.858555
60277,38.130942,23.858555
350464,36.492644,22.416149
40250,37.798561,21.903176
260091,40.937601,24.408921
68046,37.985525,23.762427
230038,40.523205,22.203688
470262,41.089659,25.558926
60304,37.883295,23.935476
68045,37.98226,23.763051
68048,37.98342,23.76037
320038,37.893662,22.592998
250056,39.652178,20.842256
490027,41.091556,23.548944
290159,38.252648,20.629749
91392,40.475019,22.955331
60251,37.947083,23.715529
210068,38.297931,26.007895
60688,38.045126,23.804014
60286,37.979561,23.726586
150068,38.939809,22.115212
340135,36.932851,24.733966
450198,39.296564,20.718119
440012,40.242929,22.377953
40119,37.507227,22.376137
260002,41.0396,24.613574
410156,37.077432,22.050822
340202,37.885082,24.737692
170038,38.666233,22.00248
140096,39.028946,21.446785
170072,38.643022,22.218392
170009,38.50185,22.132709
340171,37.539835,25.162117
410163,36.994842,22.155702
250210,39.93342,20.464018
90105,40.687845,22.950508
60262,37.997519,23.716955
400074,39.097886,23.077841
250115,40.24231,20.818288
290130,38.391111,20.660639
340705,36.71165,25.296326
200514,35.455361,23.913692
80032,39.466745,20.511453
30142,37.99365,23.731034
120387,41.345238,26.497899
320089,37.956161,22.801015
240151,35.315179,25.021721
490051,41.121752,23.649596
400128,39.327245,22.923281
440043,39.992326,22.623917
60246,38.080073,23.736107
240383,35.300297,25.082395
430195,40.719585,22.129827
260263,40.929982,24.307587
410166,37.300953,21.965642
410076,37.242759,22.001249
410392,36.990783,21.651346
20095,38.739497,21.347926
60136,37.963987,23.571556
68074,37.989242,23.751498
350200,37.023891,22.440738
130143,38.075511,24.378169
130150,38.214474,24.239129
340532,36.796455,25.823517
110081,35.505851,27.210922
200388,35.289466,23.786364
200394,35.542601,23.77913
200395,35.542601,23.77913
200403,35.542601,23.77913
100159,41.151761,24.138448
350339,36.804056,22.851209
250377,39.531963,20.691445
200405,35.542601,23.77913
200406,35.542601,23.77913
450066,39.164739,20.752384
190131,39.987126,23.906255
90151,40.721195,23.173403
340255,37.817599,24.835496
120390,41.507831,26.280187
130332,38.874257,24.564388
250428,39.523086,21.10204
120391,41.348682,26.493696
230049,40.631354,22.130108
400239,39.168292,23.612895
340667,36.340882,25.451978
260265,40.93147,24.306809
390005,38.760072,20.618784
60271,37.824473,23.809039
280015,40.506366,21.380345
380004,39.080086,26.37112
64368,38.010204,23.862354
130311,38.425804,23.670474
430030,40.76783,22.153381
340534,36.792045,25.779392
340535,36.916369,25.983711
61732,37.904435,23.748935
61829,37.99932,23.77019
61928,38.039749,23.842533
62006,38.057985,23.832787
370274,35.295224,25.52981
20090,38.844278,21.547396
400082,39.366872,22.954572
61488,37.963413,23.720169
310061,41.165153,22.80248
60717,38.105832,23.765952
60720,38.106534,23.7687
150135,39.127599,22.303955
100085,41.197361,24.014836
30002,37.520061,22.576806
91375,40.468067,22.994197
60238,38.010149,23.848731
91376,40.47003,22.95668
60356,37.992361,23.39535
360101,39.636192,22.421966
60051,38.010149,23.848731
20553,38.625986,21.407521
300053,39.612696,19.815156
240135,35.2112,25.195603
340226,37.399583,24.877374
320131,37.823342,22.749961
490398,41.091556,23.548944
50216,39.433111,21.075712
150188,38.923827,22.164896
130002,38.109643,24.440345
40276,37.615469,22.348305
260258,40.872979,24.187384
260259,40.881719,24.189658
20163,38.780503,21.5267
20110,38.835015,21.246661
400164,39.163847,23.487525
50104,39.293893,21.422163
10778,38.141708,21.480389
60027,38.023176,23.802156
10257,38.258667,21.744399
340687,37.04007,25.081258
67761,37.980569,23.736412
61481,38.137676,23.879457
61482,38.140754,23.87992
190240,40.013368,23.529771
240102,35.284593,25.190089
170041,38.610691,22.197708
20357,38.687386,21.474936
340671,37.449801,25.33006
60255,37.974386,23.749163
360094,39.665431,22.399131
350227,36.681088,22.430724
20150,38.645895,21.689908
420414,37.500276,23.452339
400031,39.307432,23.120996
290158,38.4514,20.551743
60211,37.989242,23.751498
62146,38.047628,23.809635
62787,37.919872,23.745342
60395,38.010149,23.848731
91459,40.640401,23.027011
510267,41.122236,25.009356
400281,39.183146,22.742618
510276,40.985358,24.796006
500392,39.558591,21.828742
150386,38.650838,23.008741
500394,39.463649,21.69272
300293,39.613688,19.846329
70296,38.339184,23.651316
460125,35.191648,24.394172
380240,39.883206,25.065883
67796,37.839384,23.869236
67804,37.827226,23.849444
67805,37.82639,23.845244
430004,40.972584,22.058679
90077,40.480945,23.138748
20031,38.666334,21.730283
360365,39.631733,22.445528
360366,39.628763,22.460884
91446,40.767686,22.930843
20042,38.689795,21.701281
91447,40.797596,22.961899
20018,38.680557,21.751632
200361,35.536086,24.080289
62174,38.05879,23.795909
450055,39.295548,20.523867
63064,38.017371,23.841927
65365,38.010977,23.754478
200115,35.542601,23.77913
60265,37.964965,23.650302
400249,39.110776,23.726942
440285,40.061956,22.561566
390073,38.799683,20.715918
130059,38.462286,23.594232
420457,37.944345,23.646821
68071,37.982339,23.724352
91477,40.66709,22.896365
68068,37.982902,23.725676
68059,38.012936,23.659206
70096,38.355968,22.910446
490016,40.892125,23.751014
330155,40.5024,21.776786
20690,39.105823,21.226437
430039,40.754908,22.216736
430010,40.980422,22.129247
180127,40.151867,21.43889
90029,40.65147,22.872071
63119,38.011749,23.831512
63124,38.011763,23.835324
60703,38.112983,23.770922
60706,38.108729,23.770416
100019,41.151761,24.138448
460053,35.097875,24.685571
460063,35.36897,24.615782
310031,41.10359,22.62364
310059,41.008974,22.795459
60315,38.03293,23.626503
20114,38.416453,21.569489
390074,38.77169,20.722543
390075,38.799457,20.716197
130605,38.974974,23.158158
370270,35.303092,25.525415
370271,35.306937,25.522267
91377,40.467526,22.995249
91378,40.468288,22.996787
250009,40.153502,20.727036
91379,40.470778,22.992369
440264,40.098097,22.5559
440266,40.089528,22.562939
440267,40.099411,22.562642
420403,37.50396,23.456336
91365,40.66338,22.984156
310150,40.810027,22.706637
350302,37.078181,22.435537
350053,36.64461,22.968889
70032,38.516587,22.732191
420045,37.349025,23.465561
63161,38.013052,23.819013
63186,38.016963,23.818249
90254,40.577282,22.964293
90292,40.577561,22.951036
62990,38.007266,23.792042
60910,37.924189,23.721277
90786,40.701176,22.865499
10264,38.269656,22.044219
67926,37.923975,23.47992
140037,38.915217,21.793509
290139,38.174095,20.488243
290013,38.177861,20.487443
210072,38.293366,26.10442
120384,40.894498,26.171823
91380,40.464464,22.992097
91381,40.465042,22.995355
91383,40.4707,22.958989
91384,40.472799,22.956749
91385,40.475454,22.957441
91386,40.472172,22.957159
400133,39.121846,23.727269
330047,40.265653,21.815667
68066,37.985394,23.725964
68067,37.984307,23.72737
460245,35.127593,24.651465
130193,38.123823,24.31365
350282,36.743913,23.000192
90094,40.654458,22.926833
260072,40.964368,24.354874
120084,40.855068,25.745238
340122,37.449801,25.33006
30277,37.478574,22.99931
90779,40.698848,22.854466
90780,40.702606,22.85247
110179,36.450091,28.222448
10196,38.295248,21.789841
120395,41.269021,26.330606
370035,35.009385,25.739336
120030,41.315448,26.102077
200001,35.455361,23.913692
67806,37.822887,23.850197
67809,37.820976,23.846055
430042,40.858373,22.215978
68056,37.985743,23.733419
60886,37.890763,23.74455
240054,35.306684,25.084931
60689,37.954053,23.669571
10289,38.167942,21.469693
10052,38.007535,22.195992
60690,37.954053,23.669571
150096,38.834813,22.160513
350036,36.760664,22.56516
60211,37.989242,23.751498
100015,41.092813,24.227193
350084,36.850936,22.666111
60265,37.964965,23.650302
60265,37.964965,23.650302
60195,37.97626,23.710291
110523,36.416865,28.151517
340576,37.576288,25.195356
60192,37.997205,23.796123
260256,40.939315,24.394733
67864,38.081074,23.17709
67810,37.814403,23.844124
67813,37.841545,23.858242
67818,38.293927,23.915856
67823,38.292388,23.91985
10876,38.295248,21.789841
70322,38.308805,23.63758
270017,39.365219,21.920051
260334,40.862078,24.31628
68064,37.987056,23.727433
62216,38.06001,23.796232
200362,35.527019,24.073122
200363,35.525491,24.069789
40505,37.566137,21.954073
450196,39.247193,20.577807
440258,40.533453,22.527529
40182,37.558056,21.99
67873,38.20586,23.836824
67874,38.205646,23.834758
40507,37.595843,22.039586
320384,37.936179,23.140419
10777,38.214988,21.798754
320387,37.946782,23.161413
370105,35.309347,25.565106
150397,38.903014,22.510463
320429,37.907302,23.009396
370272,35.306789,25.52561
370273,35.306987,25.518593
290142,38.147327,20.77814
60257,37.98226,23.763051
20249,38.732022,22.00533
340161,37.444931,24.943758
490085,41.042427,23.315139
130294,38.409735,23.523631
350209,36.901992,22.84441
240099,35.258271,25.235554
240107,35.329411,25.258962
200413,35.393986,23.942374
160123,40.839482,21.155919
150400,38.619475,22.556131
160087,40.764442,21.411089
200097,35.420579,24.142418
67759,37.979561,23.726586
420411,37.99365,23.731034
120367,40.433538,25.545016
120394,40.428691,25.52996
340300,37.085748,25.351208
130550,38.485133,23.544913
130551,38.481566,23.521104
340571,37.348398,24.433524
40437,37.690347,22.185777
400212,39.144201,23.438507
350449,36.728487,22.851472
250022,40.259759,20.751568
67587,38.302039,23.75107
290143,38.151277,20.775031
290144,38.145968,20.761012
200017,35.513357,24.021674
60240,38.080073,23.736107
340132,37.085997,25.149012
91387,40.470155,22.956613
91388,40.469967,22.959468
91389,40.472416,22.959085
250108,40.062508,20.569218
350303,37.076944,22.434978
350314,37.075419,22.436222
340670,36.480009,25.391252
340555,36.723168,25.284456
110701,36.989561,26.935097
110697,36.975206,26.937802
450197,39.286624,20.395752
470276,41.013886,25.678053
410391,37.075441,21.863889
150194,38.909008,21.91599
90322,40.606342,22.997211
90343,40.607458,22.984666
90334,40.610502,22.98994
66175,37.989541,23.74074
66554,37.982773,23.72933
300017,39.776572,19.51757
200410,35.542601,23.77913
470007,41.151551,25.900956
67588,38.288644,23.824348
380258,39.156994,26.521707
230137,40.551789,22.246455
260288,40.704876,24.535253
380203,39.229133,26.206602
380204,39.230838,26.217137
380205,39.239966,26.199008
60304,37.883295,23.935476
91390,40.47623,22.958872
91391,40.477234,22.958281
380218,39.362855,26.178346
350436,36.509339,23.061308
340217,36.70037,24.493581
100079,41.050626,24.182512
500384,39.579169,21.726857
260337,40.839591,24.304444
320135,37.836513,22.581771
91479,40.615029,22.956364
320105,37.841552,22.860181
60287,37.980569,23.736412
60286,37.979561,23.726586
63956,37.815129,23.797226
63967,37.8281,23.795227
64142,37.942986,23.720436
91368,40.659415,22.97423
350343,36.965787,22.987782
350341,36.965787,22.987782
300060,39.196299,20.183449
240280,35.34133,25.142091
300220,39.644514,19.850529
320393,37.89147,22.337726
250362,39.806178,21.002102
200384,35.289466,23.786364
200386,35.289466,23.786364
440261,40.493611,22.539112
360441,39.630483,22.409969
150135,39.127599,22.303955
40119,37.507227,22.376137
40119,37.507227,22.376137
440044,40.322571,22.534745
60310,38.136718,23.832355
200001,35.455361,23.913692
260339,40.838535,24.30168
190259,40.24221,23.276908
70113,38.367567,23.451447
290117,38.172177,20.488796
60196,38.006701,23.776359
220378,37.647412,21.316122
120039,40.47953,25.514346
90044,40.626441,23.440194
110840,36.782326,27.138869
91453,40.641136,23.025208
90073,40.61237,22.96756
60712,38.080073,23.736107
400303,39.401015,22.729522
490054,41.124992,23.526038
240106,35.332044,25.18688
410204,36.996187,21.649605
20021,38.395842,21.722667
60286,37.979561,23.726586
270017,39.365219,21.920051
260338,40.838795,24.304543
260340,40.837331,24.299808
260342,40.845667,24.305674
260343,40.83621,24.294163
260344,40.868363,24.283841
67832,38.295854,23.883997
190054,40.338922,23.168053
67908,38.156239,23.431699
67909,38.166022,23.39833
50238,39.070102,21.017317
50239,39.068226,21.021578
20179,38.463701,21.562652
20246,38.674679,21.621691
20092,38.368997,21.431419
150075,38.662976,22.671107
200219,35.524259,24.079093
200220,35.518221,24.07671
400240,39.158763,23.627842
170055,38.492133,22.087567
170016,38.648978,22.070166
170084,38.592575,22.054226
170027,38.643564,22.040404
68076,37.988494,23.751248
170037,38.641216,22.178551
170081,38.460926,22.189036
170085,38.526363,22.264416
68075,37.987742,23.752683
60702,38.114792,23.771052
130478,38.495326,24.078995
340085,37.586555,24.318224
450169,39.000396,20.71211
480014,37.793157,26.705798
330158,40.313408,21.388389
340699,37.051172,25.240406
150420,38.777081,22.77308
350274,36.737862,22.900335
150058,38.901441,22.431399
290114,38.185979,20.482583
320409,37.824453,22.658218
320410,37.815714,22.665629
130071,38.890741,23.169518
130072,38.963898,23.223544
420078,37.939578,23.64084
130181,38.877711,23.210018
130204,38.979573,23.314701
500397,39.512561,21.702158
480046,37.711131,26.700796
120381,40.894498,26.171823
120382,40.894498,26.171823
62353,37.930245,23.710157
240338,35.217265,25.385733
360101,39.636192,22.421966
270140,39.470393,22.083521
470072,41.090312,25.288517
60278,38.110884,23.842257
90098,40.585098,22.9597
190242,40.334701,23.708082
260004,40.606299,24.719426
90098,40.585098,22.9597
460056,35.301519,24.46023
370283,35.014051,25.658114
91469,40.744195,22.85382
290116,38.171172,20.485624
67797,37.819704,23.865048
67803,37.824974,23.854265
67807,37.819032,23.853575
20005,38.486692,21.191625
67812,37.815739,23.860854
68020,37.849141,23.873652
60274,38.053916,23.806541
200215,35.590271,24.092381
440006,40.270983,22.511121
310066,41.048866,22.780494
310060,40.911309,22.87143
60887,38.080073,23.736107
60240,38.080073,23.736107
66832,37.958862,23.746344
490126,41.057179,23.536518
10297,38.295248,21.789841
110687,36.958384,26.968119
110688,36.960434,26.963499
340613,36.744235,24.432206
340615,36.741149,24.435248
340616,36.740436,24.433114
340617,36.738159,24.431728
340618,36.743673,24.435185
340376,36.728479,24.44626
30297,37.660687,22.791072
70172,38.239039,22.887632
520018,37.831014,20.755959
230038,40.523205,22.203688
20100,38.784741,21.115974
230038,40.523205,22.203688
200029,35.328302,23.738821
350467,37.074908,22.430664
130223,38.156032,24.239813
68053,37.974386,23.749163
450107,39.074693,20.688093
240370,35.189727,25.22648
450108,39.06776,20.692046
240371,35.234514,25.211316
450109,39.065791,20.694826
240305,35.145665,25.26526
120388,41.321297,26.484826
240306,35.140738,25.264907
320422,37.925027,23.019123
240313,35.050272,24.878421
240314,35.049281,24.882691
410373,36.799771,21.934245
240316,35.049925,24.896393
240317,35.057846,24.91792
410374,36.790249,21.942901
240319,35.051306,24.872274
90096,40.6605,22.934906
170074,38.426232,22.17652
320104,37.750371,22.878629
130558,38.903773,23.060576
400274,39.350107,22.994554
490385,41.014254,23.52098
150416,38.80976,22.684321
150427,38.785225,22.819559
420424,37.691379,23.458204
30286,37.682484,23.116227
270139,39.388635,22.075229
340377,36.725418,24.445946
64194,37.951491,23.676432
410154,37.155484,22.041658
490082,41.049453,23.686572
350089,37.074908,22.430664
260096,40.809504,24.156229
130635,38.462286,23.594232
91476,40.66709,22.896365
260041,41.105242,24.633383
140106,39.213841,21.606149
170120,38.487057,22.405599
170043,38.433043,22.124606
320423,37.921707,23.03774
320424,37.925027,23.019123
320425,37.91926,23.083733
320426,37.925027,23.019123
130590,38.857154,23.050282
130591,38.855724,23.05089
130592,38.8596,23.04381
340114,37.140416,24.432458
500053,39.611929,21.36112
100265,41.289374,23.931103
40111,37.554556,22.07985
170013,38.640068,22.099693
68070,37.982772,23.724586
68062,37.883295,23.935476
130218,38.009316,24.466307
70139,38.46771,22.919656
63231,38.036457,23.631237
410157,37.225321,21.967886
340380,36.725561,24.453366
340381,36.724476,24.457367
420386,37.962282,23.467509
340620,36.745217,24.430211
420387,37.961716,23.472025
420389,37.956763,23.469254
420390,37.95483,23.467577
370269,35.319064,25.56532
420391,37.95291,23.458254
420422,37.696985,23.467543
340404,37.589003,25.079621
520145,37.840889,20.769001
63099,38.029464,23.831742
63101,38.028219,23.828533
63105,38.025889,23.840663
90098,40.585098,22.9597
270066,39.31033,21.776702
500010,39.651827,21.206221
240377,35.109552,24.760501
150090,38.845839,21.955072
140053,38.950595,21.651166
61255,37.884226,23.766104
64050,37.935274,23.706453
64053,37.93894,23.712474
60104,38.031765,23.735668
50235,39.162377,20.94253
50236,39.160507,20.942735
500386,39.53578,21.863097
400233,39.335511,23.116399
180066,39.963239,21.438696
180082,40.037819,21.177467
180069,40.061096,21.207431
500414,39.716962,21.618007
500415,39.706242,21.621678
62744,37.91942,23.754876
510270,40.934882,24.815327
60210,38.011598,23.826201
50140,39.080782,21.018785
190079,39.971946,23.401476
60198,37.927925,23.749884
400295,39.398928,23.161291
90098,40.585098,22.9597
60231,37.965074,23.745092
20148,38.393606,21.833529
290045,38.199998,20.437267
30050,37.589428,22.739588
330134,40.256301,21.913362
150069,38.620571,23.232959
150072,38.567392,23.22034
60281,37.866011,23.746916
60274,38.053916,23.806541
10079,38.144142,21.924486
60274,38.053916,23.806541
61483,37.969359,23.729865
360154,39.949578,21.965838
410150,37.158106,21.585751
380234,39.077729,26.580141
380235,39.066502,26.577802
410383,36.977594,21.921246
60211,37.989242,23.751498
350441,36.826738,22.680367
490381,41.184383,23.281635
480178,37.68881,26.942239
110770,36.350685,27.980412
400296,39.400382,23.162465
380213,39.216438,26.20778
380214,39.207237,26.210243
63377,38.087574,23.79995
63382,38.079838,23.807032
63638,38.140912,23.833418
420319,37.94273,23.647929
500165,39.516991,21.657137
260267,40.900592,24.337263
50092,39.351806,21.15625
150058,38.901441,22.431399
60255,37.974386,23.749163
230027,40.566347,22.552385
110812,36.878387,27.189923
110814,36.884287,27.185964
210176,38.300762,26.142717
190303,40.075433,23.448013
190165,40.077026,23.444688
190304,40.075919,23.447099
410366,37.104022,22.001504
410369,37.11801,22.026148
220386,37.653221,21.625552
220387,37.667988,21.610484
240320,35.052521,24.868064
260314,40.741462,23.98243
260308,40.765564,23.909522
260269,40.895971,24.335371
260270,40.900592,24.337263
260264,40.932578,24.311004
240321,35.053594,24.873447
240322,35.052947,24.877256
240323,35.213108,25.048199
260268,40.900592,24.337263
520062,37.754234,20.901454
520063,37.747036,20.904233
520065,37.742653,20.898857
520066,37.74208,20.906191
520067,37.741043,20.892141
80097,39.413724,20.507283
60113,37.99365,23.731034
10130,38.206877,21.727355
200134,35.487324,23.762072
340375,37.387325,24.882776
500130,39.560453,21.769054
180117,40.011522,21.510525
64225,37.948048,23.670208
130593,38.86096,23.041328
130594,38.862583,23.044119
130595,38.873296,23.036917
130596,38.87867,23.034381
510235,41.107746,24.855946
490301,41.08801,23.537524
370148,35.205389,25.714495
390070,38.781029,20.67434
320046,37.963906,22.641576
200048,35.522204,24.131562
380061,39.248581,26.105543
350455,36.750315,22.535485
190278,40.25817,23.213501
120120,40.994335,26.26708
400226,39.171024,23.492636
180064,40.127604,21.138683
360043,39.639308,22.41592
500167,39.507319,21.694634
450036,39.28504,20.400957
61486,37.959285,23.720424
360101,39.636192,22.421966
360101,39.636192,22.421966
260306,40.977569,24.592182
460114,35.343818,24.312425
110808,36.743524,26.959486
240368,35.23768,25.185667
64257,37.95753,23.664682
60673,37.97883,23.757892
60678,37.979368,23.758888
60677,37.980036,23.759396
90098,40.585098,22.9597
300045,39.755996,19.675635
64057,37.946766,23.711182
64059,37.949366,23.710181
260286,40.729853,24.549048
450168,39.237542,20.528921
90074,40.635046,23.246331
150396,38.850531,22.387734
68077,37.962081,23.913579
170123,38.354021,22.222349
70300,38.376133,22.628079
70301,38.377699,22.632574
50237,39.07107,21.020911
180063,40.012833,21.428768
160086,40.827302,21.542489
330194,40.218426,21.769208
430201,40.803701,22.36182
400266,39.279254,22.827974
400150,39.140258,23.642666
260329,40.974675,24.705157
260330,40.989066,24.698925
520069,37.757893,20.874932
520070,37.75828,20.872915
410292,37.077853,21.954305
520071,37.757711,20.86887
320380,38.046931,22.691542
470073,41.075581,25.481658
60704,38.111957,23.7708
60705,38.110165,23.770587
460040,35.219487,24.534535
140156,38.894443,21.863779
460028,35.358543,24.571014
100019,41.151761,24.138448
40234,37.651418,21.704502
470250,41.202693,25.523103
30329,37.520216,22.970774
20295,38.534581,21.818494
350340,36.804056,22.851209
350344,36.804056,22.851209
360119,39.797852,22.344117
460055,35.344633,24.426305
130063,38.484734,23.550103
60707,38.107112,23.770224
260090,40.935751,24.394378
10215,38.127011,21.892439
110771,36.350531,27.982393
110772,36.357669,27.981155
380251,39.1462,26.515906
380252,39.133575,26.517797
380253,39.132451,26.517746
380256,39.155795,26.523602
380257,39.163154,26.51778
490383,40.792427,23.841964
430203,40.972584,22.058679
60091,38.064693,23.512836
470088,41.13764,25.277965
450074,39.237542,20.528921
240006,35.052918,25.411606
420418,37.770681,23.524577
210006,38.371315,26.136303
10875,37.904637,21.929568
270028,39.180866,22.13291
260332,40.988971,24.69388
90158,40.843006,22.982597
90163,40.794309,22.862024
100021,41.149044,24.473643
350342,36.965787,22.987782
200397,35.542601,23.77913
350425,36.298512,22.964267
200466,35.289466,23.786364
90072,40.633778,22.944027
110122,35.624794,27.103464
450009,39.230672,20.712944
220388,37.66571,21.614326
220389,37.642128,21.619524
220390,37.644905,21.616281
220391,37.643689,21.652043
220369,37.499647,21.636095
220370,37.498867,21.644277
220371,37.475062,21.651792
220372,37.480644,21.651432
61983,38.032136,23.833365
61988,38.048899,23.830809
260351,40.728231,24.756144
490393,40.934353,23.503796
260350,40.719729,24.754752
260349,40.713589,24.749639
90100,40.639976,22.934314
260333,40.991214,24.696459
260345,40.951058,24.370516
400248,39.118993,23.736711
110681,36.952016,26.990454
110682,36.951236,26.994308
110683,36.946424,26.983566
110684,36.946425,26.984316
340471,37.082004,25.147699
70128,38.48023,22.584847
360115,39.742649,22.088837
240104,35.334337,25.118779
60202,37.961355,23.752121
80159,39.416992,20.3151
150426,38.780068,22.805884
190149,40.294929,23.543729
260331,40.98859,24.697002
410136,37.250576,21.668968
60240,38.080073,23.736107
110671,36.399735,28.079791
320089,37.956161,22.801015
40227,37.626331,22.155769
410191,36.763811,21.907951
130634,38.462286,23.594232
250001,40.310617,20.855255
130633,38.462286,23.594232
400230,39.169318,23.49982
91344,40.480945,23.138748
60736,38.033406,23.844977
300298,39.60323,19.804358
60081,37.985357,23.73388
210006,38.371315,26.136303
400261,39.334997,22.934862
300059,39.566305,19.866574
490384,41.018552,23.517612
490386,40.994202,23.488493
420421,37.769778,23.537372
240334,35.224638,25.020962
170122,38.357942,22.296034
30295,37.648626,22.812251
30296,37.646495,22.799461
110686,36.956464,26.971016
190174,40.016597,23.522959
190180,39.999026,23.580392
63892,37.832911,23.804728
90355,40.638396,22.854276
80163,39.387284,20.276543
340556,36.715455,25.291708
220403,37.453612,21.732513
68080,38.130942,23.858555
150227,38.739305,22.335273
330175,40.255336,21.737091
67674,37.968007,23.732015
90106,40.584704,23.031382
490088,40.883465,23.616598
190116,39.948941,23.531798
60002,37.953297,23.854004
380268,39.862142,25.322439
20151,38.679838,21.652619
420077,37.936331,23.637656
20222,38.462983,21.586678
400258,39.346182,22.925878
400259,39.347174,22.925791
400260,39.33745,22.923574
270070,39.131472,21.954749
490360,41.1463,23.442651
60701,38.116158,23.77267
10229,38.140854,21.909536
220092,37.671912,21.501509
60721,38.115774,23.771169
360093,39.677693,22.477196
60278,38.110884,23.842257
60240,38.080073,23.736107
400133,39.121846,23.727269
290045,38.199998,20.437267
68038,38.045126,23.804014
360102,39.982531,22.189981
68049,37.945932,23.693435
64772,38.019417,23.708761
470086,41.029838,25.574589
310080,40.816414,22.704412
290112,38.183394,20.484532
90152,40.757703,23.253755
260090,40.935751,24.394378
60708,38.105873,23.770077
450064,39.329007,20.943007
390080,38.821362,20.655775
460059,35.32783,24.510161
110805,35.509014,27.20412
110806,35.513082,27.201213
460061,35.237635,24.43153
240374,35.079818,24.745644
200127,35.452843,24.225687
430206,40.968934,22.061033
350447,37.033245,22.442732
440281,40.317575,22.590847
420426,37.772309,23.505388
420427,37.76861,23.509338
420429,37.769598,23.488872
420431,37.770431,23.479872
67783,37.661605,24.034386
410376,37.223118,21.630691
400214,39.084079,23.711309
190262,40.251459,23.249179
480086,37.801332,26.802534
260336,40.866043,24.314162
260341,40.845667,24.305674
30014,37.633725,22.73001
370282,35.010696,25.658676
350165,36.150358,22.987171
60277,38.130942,23.858555
68072,37.982817,23.723423
68073,37.982625,23.723704
250249,39.690988,20.825102
190134,40.038021,23.361164
250421,39.970885,20.947607
40514,37.782742,22.16
240365,35.217529,25.192939
200214,35.58592,24.091488
240366,35.23417,25.185222
240367,35.236492,25.184634
300269,39.791581,19.700781
220373,37.478911,21.650828
240307,35.126783,25.264367
240308,35.156462,25.259397
240310,35.161579,25.247993
360394,39.745741,22.366578
410372,36.794724,21.952511
360395,39.745526,22.365508
360397,39.755126,22.371983
360399,39.741015,22.362058
360402,39.749077,22.351262
90100,40.639976,22.934314
150193,38.608147,22.851236
50013,39.162147,20.985769
150407,38.889145,22.724188
91402,40.722071,22.689924
91403,40.722196,22.687834
240330,35.396939,25.029722
62736,37.920586,23.751014
91480,40.748454,23.069701
350057,36.513867,23.058365
40027,37.544625,22.279647
250479,39.806178,21.002102
70009,38.362577,22.68733
320116,37.817602,22.92628
350466,37.093189,22.534765
410172,37.099657,22.004963
170018,38.516415,22.158195
250470,40.086777,20.7099
90008,40.721209,23.706611
300246,39.619755,19.919074
250160,39.80054,20.518299
240298,35.325598,25.199781
240304,35.330898,25.211398
290110,38.460899,20.575421
360130,39.241735,22.4825
320420,37.925027,23.019123
320421,37.927151,22.998604
240401,35.33989,25.133391
360113,39.741098,22.467917
60255,37.974386,23.749163
60255,37.974386,23.749163
60297,37.844169,23.927833
350082,36.772665,22.420056
490008,41.059585,23.649652
170075,38.467622,22.104123
490019,41.026814,23.609196
490086,41.104603,23.677219
60081,37.985357,23.73388
340468,37.082712,25.146652
360118,39.614826,22.260601
420423,37.691379,23.458204
30287,37.676177,23.134772
420046,37.945997,23.646649
340627,37.392498,24.943698
60233,37.952261,23.705442
60194,37.956481,23.650933
60233,37.952261,23.705442
60194,37.956481,23.650933
70284,38.310356,23.646417
70285,38.311772,23.644905
420351,37.947106,23.642625
110702,36.997786,26.936232
110104,35.624794,27.103464
40136,37.682811,22.295693
200147,35.495165,23.989071
110848,36.180538,28.071941
340397,36.734439,24.44112
430037,40.814097,22.162823
67842,38.307685,23.863755
67843,38.303655,23.855727
50244,39.136772,20.95752
50245,39.13491,20.952235
340685,37.053824,25.20435
60262,37.997519,23.716955
180078,40.113313,21.151181
380250,39.147056,26.529948
130611,38.411368,23.671951
130612,38.429688,23.668425
410375,37.05522,22.04115
400288,39.433448,23.099809
170124,38.362133,22.247038
150413,38.808307,22.740414
150414,38.807767,22.685074
67911,38.16435,23.291095
510268,41.060521,24.962071
340703,37.773713,24.950234
450096,39.286876,20.414241
60905,37.920927,23.710313
60907,37.922821,23.71832
20209,38.706292,21.443025
60908,37.921904,23.716234
60911,37.919034,23.727226
20199,38.67595,21.423808
60915,37.925349,23.725593
60917,37.92679,23.728406
20039,38.640436,21.484239
60919,37.917992,23.720153
350089,37.074908,22.430664
110224,36.29236,28.161642
430035,40.720926,22.143359
40055,37.672473,21.874017
66132,37.968821,23.905608
40125,37.476691,22.285101
130561,38.937845,23.074381
130562,38.934448,23.07717
410209,37.058328,22.097076
360401,39.749389,22.356731
130024,38.393039,23.884949
390068,38.655544,20.685782
220331,37.668464,21.433878
220338,37.673708,21.429503
380150,39.094228,26.55263
310046,41.037499,22.951819
230136,40.551789,22.246455
260063,41.081757,24.402483
260067,41.070145,24.372503
410196,36.992597,21.785454
40207,37.820596,21.864823
60255,37.974386,23.749163
10269,38.106181,21.471062
20321,38.566351,21.294356
400222,39.320689,23.125739
40178,37.358696,22.657721
70056,38.491917,22.977196
63792,38.145535,23.866008
400291,39.448482,23.101087
400290,39.4438,23.103584
150415,38.799874,22.705781
130557,38.958293,23.145768
290152,38.366675,20.711195
60203,38.002826,23.731733
60106,38.08545,23.977012
130124,38.945652,23.276695
130105,38.650528,23.902222
400241,39.29515,23.1402
400243,39.295657,23.137545
400244,39.309571,23.106443
400245,39.311381,23.100168
150418,38.776389,22.776951
150419,38.776067,22.774962
380064,39.070811,26.591305
10237,38.206472,21.997349
360109,39.618744,22.349217
230131,40.555625,22.256493
230132,40.548858,22.266047
230133,40.548001,22.266911
230134,40.545713,22.266595
430190,40.688704,22.311027
67827,38.287426,23.926382
67829,38.292788,23.892956
400246,39.377217,22.878369
500393,39.46426,21.692248
370137,35.132818,26.074294
340692,37.050521,25.247329
520149,37.765796,20.807844
63495,38.060679,23.781634
63508,38.065785,23.78362
240010,35.145665,25.26526
60034,38.045126,23.804014
40205,37.559728,21.924385
280008,40.520598,21.266574
10268,38.137937,21.589314
170004,38.527876,22.378299
120110,41.592455,26.313295
340151,36.973785,24.722886
430006,40.797713,21.835716
200146,35.468354,23.9606
90841,40.594543,22.952192
40244,37.483393,22.044787
60203,38.002826,23.731733
520015,37.787826,20.899928
520015,37.787826,20.899928
20268,38.562267,21.854983
60287,37.980569,23.736412
220081,37.673441,21.4379
180024,40.084763,21.425523
300043,39.782545,19.921217
500185,39.531996,21.698387
270163,39.503682,22.05377
40145,37.647431,22.33704
60282,37.920762,23.700859
40014,37.40522,22.722298
230080,40.604476,22.32949
90211,40.639224,23.486769
340059,37.380113,24.436422
240003,35.138849,25.001737
240095,35.072359,24.766171
20025,38.436034,21.354346
240117,35.407046,24.986418
360370,39.656282,22.404865
50091,39.344725,21.198807
70327,38.321362,23.317261
130116,38.704806,23.584636
420070,37.963323,23.61963
320043,37.938625,22.930735
340577,37.573498,25.186755
340578,37.581894,25.191138
340579,37.560241,25.188705
340624,37.396695,24.947605
150057,38.824081,22.013969
60280,38.078062,23.703829
140011,38.791458,21.635352
340378,36.72548,24.446374
340619,36.742896,24.436594
130636,38.36918,24.180668
350120,36.455958,22.455705
150074,38.941001,21.898051
190244,40.120696,23.811697
60255,37.974386,23.749163
400251,39.33088,23.039106
400252,39.332135,23.040135
70316,38.392817,22.927078
400253,39.330905,23.036655
400255,39.315294,23.069112
410388,37.1299,22.027223
410370,37.056944,22.066914
430202,40.799866,22.362449
150403,38.908897,22.557301
510277,40.957705,24.785862
30292,37.63137,22.823032
130563,38.877729,23.435962
170129,38.428974,22.44149
110833,36.842617,27.157221
65830,38.005533,23.781771
63412,38.097955,23.803105
63419,38.092061,23.798897
70178,38.352573,23.483099
110803,35.500576,27.208957
110804,35.494426,27.196791
60287,37.980569,23.736412
60287,37.980569,23.736412
60287,37.980569,23.736412
80039,39.582647,20.476176
40124,37.707842,22.099168
70047,38.358062,22.788005
60691,37.954053,23.669571
140024,38.919606,21.672611
30289,37.404697,23.264207
170017,38.593669,22.118769
60737,38.029107,23.847129
150421,38.778943,22.768955
150422,38.779216,22.768464
60272,37.985864,23.72381
130624,38.524562,23.631413
40137,37.78275,22.278889
330116,40.411483,21.767283
330001,40.409745,21.929413
120085,40.864025,25.696968
70049,38.438987,22.880481
130247,38.421135,23.831518
10288,38.150986,21.414419
130257,38.471138,23.582985
68055,37.985357,23.73388
20383,38.58988,21.417001
60081,37.985357,23.73388
60319,37.886702,24.003869
170039,38.549483,22.060491
110070,36.953039,26.980266
68084,38.136718,23.832355
20262,38.540389,21.928947
480064,37.779591,26.987119
340706,36.717105,25.286502
320043,37.938625,22.930735
130619,38.015022,24.420561
90351,40.670854,22.806344
200015,35.522204,24.131562
20285,38.689706,21.841078
220405,37.887647,21.136837
68083,38.130942,23.858555
150423,38.775869,22.772811
150424,38.779812,22.765344
150425,38.781378,22.794791
450189,39.233807,20.60037
150380,38.743953,22.976129
150384,38.658816,23.008494
440034,40.375801,22.579178
40075,37.401647,22.134388
500395,39.464103,21.689582
20630,38.929109,21.146309
260311,40.734162,23.991744
60195,37.97626,23.710291
360071,39.759193,22.579192
110748,37.309364,26.551436
270017,39.365219,21.920051
220096,37.48473,21.648779
360096,39.564733,22.466109
40518,37.782742,22.16
400138,39.142369,23.413776
360098,39.567925,22.540319
470080,41.153121,25.341735
290163,38.114948,20.522703
200119,35.502475,23.879506
200513,35.470284,23.601116
460123,35.317022,24.411414
460220,35.34981,24.432618
460221,35.351335,24.433467
460222,35.322965,24.419493
460223,35.29545,24.385803
460224,35.296329,24.367598
500130,39.560453,21.769054
500130,39.560453,21.769054
220368,37.639566,21.537861
240044,35.316539,25.390904
62339,37.93233,23.705274
62342,37.928994,23.703277
110678,36.392499,28.068535
130574,38.405533,23.822302
130575,38.405315,23.835474
68041,37.977564,23.736285
60282,37.920762,23.700859
190118,40.466748,23.276928
50215,39.08742,20.919873
60108,38.088237,23.808159
60108,38.088237,23.808159
350052,36.748172,22.449408
130250,38.514071,23.639048
340119,36.743604,24.425305
10209,37.939075,21.677232
400077,39.388639,23.168647
200046,35.233984,23.685363
410149,36.957189,21.929222
340567,36.973785,24.722886
60279,38.053611,23.720276
380259,38.974056,26.377644
70321,38.346986,23.582268
130324,38.426588,23.641659
380260,38.974806,26.370284
130285,38.877305,23.436424
130325,38.43747,23.641325
400223,39.163847,23.487525
130576,38.392716,23.788507
130577,38.394882,23.77773
20460,38.401387,21.846428
190078,39.987516,23.616935
60320,38.027243,23.929702
290125,38.165574,20.488057
290128,38.16481,20.496858
510280,40.962251,24.805062
510281,40.967205,24.801287
470269,41.072684,25.486671
470270,41.075581,25.481658
380269,39.805315,25.333412
60254,37.94642,23.738443
130505,38.384802,23.628518
470277,41.154183,25.349139
470278,41.161886,25.360123
470279,41.153121,25.341735
63421,38.093197,23.801397
63432,38.089088,23.794399
290151,38.366041,20.714472
180104,40.205698,21.445046
90107,40.658852,22.992553
260352,40.70812,24.757101
10122,38.158472,22.342887
63474,38.062787,23.7696
67691,37.990646,23.739401
270341,39.316935,21.43106
20291,38.514772,21.789833
30039,37.378821,23.159472
150073,38.94656,21.880317
220180,37.498806,21.79694
20368,38.466911,21.814761
60213,37.954053,23.669571
60213,37.954053,23.669571
60213,37.954053,23.669571
10016,38.251325,22.085218
130480,38.411241,23.67539
130481,38.415395,23.673725
410148,36.818293,21.706503
90022,40.558248,22.987884
320114,37.912797,22.988041
420070,37.963323,23.61963
100083,41.189193,24.107068
410024,36.807508,21.915135
61477,38.140551,23.870789
61478,38.13876,23.872022
64125,37.944176,23.720862
110845,36.809446,27.098239
20228,38.442519,21.707742
400075,39.159901,23.076368
20118,38.768534,21.480951
500079,39.592259,21.28066
20205,38.7699,21.414944
20173,39.002222,21.167778
20017,38.672222,21.531389
240385,35.279907,25.078539
30288,37.390926,23.231692
20663,38.434098,21.343022
290162,38.223184,20.644354
190291,40.302989,23.103061
60145,38.020437,24.006723
260064,41.10913,24.443051
250061,39.490348,20.976182
40119,37.507227,22.376137
300303,39.608111,19.790973
450190,39.251091,20.610058
450191,39.260863,20.605761
450192,39.278813,20.595731
450193,39.232637,20.600378
450194,39.231086,20.604268
450195,39.232692,20.599058
110735,36.25262,28.148764
60296,38.04198,23.541069
150146,38.662874,23.200414
360398,39.748293,22.369448
310159,40.991363,22.573651
68029,37.99365,23.731034
250014,39.875631,20.705036
67798,37.819059,23.871666
67801,37.823638,23.861946
63628,37.993717,23.766011
310158,40.992269,22.580234
80034,39.372154,20.302111
360032,39.570333,22.747835
470087,41.035374,25.208279
70324,38.454655,23.220339
70326,38.18096,23.144336
420046,37.945997,23.646649
450033,39.159362,20.853792
200121,35.487032,23.69038
80051,39.620369,20.201242
300057,39.56726,19.885085
310008,41.089835,22.782386
70144,37.99365,23.731034
30089,37.607004,22.820381
90115,40.718086,23.044088
510269,40.928779,24.83365
20560,38.628425,21.409301
60274,38.053916,23.806541
240373,35.072359,24.766171
450027,39.22747,20.644753
50089,39.331452,21.16389
330042,40.299228,21.792746
68043,37.983547,23.734606
400131,39.327646,23.052445
20116,38.9456,21.177225
20325,38.861738,21.165653
130074,38.43877,23.884998
67872,38.202723,23.84082
67875,38.192652,23.844254
420090,37.961985,23.599681
60433,38.050258,23.586787
60282,37.920762,23.700859
440248,40.270983,22.511121
500117,39.660665,21.739567
68040,37.977982,23.736474
70113,38.367567,23.451447
520013,37.744458,20.946634
150367,38.824805,22.409303
380089,39.057494,26.544033
240079,35.069021,24.812552
340119,36.743604,24.425305
210073,38.316935,26.126551
440007,40.480392,22.48739
60272,37.985864,23.72381
410160,36.860642,21.921675
10263,38.169471,22.276517
130326,38.441009,23.6497
130331,38.404491,23.646776
400238,39.175755,23.615753
67467,38.007618,23.335496
67468,37.990381,23.335128
67473,37.991824,23.344902
300288,39.42434,20.064801
30084,37.544332,22.866269
420032,37.691379,23.458204
130520,38.407598,23.601521
130522,38.403522,23.599654
260347,40.964368,24.354874
150410,38.882513,22.774942
67831,38.295791,23.89039
67834,38.298311,23.883644
67836,38.304388,23.873128
67837,38.305331,23.857863
20518,38.621288,21.412113
470035,40.983504,25.210226
250068,40.188056,20.83943
70145,38.346986,23.582268
510273,41.085881,24.901054
510274,41.10045,24.898237
510275,41.1032,24.899468
130482,38.421737,23.679046
130487,38.428808,23.660694
130609,38.416523,23.694716
130610,38.40724,23.668867
10260,38.298467,21.993471
60233,37.952261,23.705442
60233,37.952261,23.705442
250151,39.410604,20.697981
60233,37.952261,23.705442
20219,38.971397,21.446276
320043,37.938625,22.930735
210177,38.301758,26.148829
350054,36.804056,22.851209
150012,38.879954,22.10675
68057,38.053916,23.806541
340104,37.138899,24.459101
410042,37.034498,22.111926
90212,40.679716,22.924972
20536,38.619569,21.410371
310009,41.072909,22.908056
20563,38.626342,21.404979
220135,37.67634,21.590945
380255,39.147056,26.529948
70114,38.316387,23.177376
380254,39.147056,26.529948
110736,36.256834,28.143138
300278,39.570522,19.89348
61480,38.136126,23.87398
240318,35.047977,24.863869
240339,35.289621,25.43615
67906,37.963846,23.204879
20160,38.410994,21.730628
290153,38.205217,20.436749
490310,41.1365,23.619135
190028,40.37895,23.440378
20172,38.435394,21.747347
66565,37.977932,23.731201
68082,37.993717,23.766011
90783,40.714824,22.844273
220041,37.759759,21.434794
300213,39.723465,19.723965
300215,39.709974,19.729912
240324,35.21583,25.050383
300268,39.791984,19.707721
10265,38.238242,22.124062
90104,40.688518,22.851129
350154,36.494073,22.404359
30094,37.676255,23.129529
65536,38.040947,23.774872
380265,39.030736,26.44656
380266,39.029104,26.447879
200506,35.432714,23.91926
130560,38.937563,23.076719
60287,37.980569,23.736412
300279,39.56726,19.885085
50240,39.136554,20.959518
50241,39.151355,20.972948
50242,39.150513,20.972559
50243,39.140976,20.962279
440255,40.375801,22.579178
150385,38.651187,23.006643
270200,39.485875,22.204419
210074,38.334261,26.099523
63748,38.022738,23.850291
90243,40.574172,22.966029
110110,37.154553,26.855208
360043,39.639308,22.41592
430194,40.716235,22.155157
260309,40.769708,23.890723
360372,39.658125,22.403839
210006,38.371315,26.136303
360373,39.65758,22.402477
360374,39.669493,22.394231
360375,39.668056,22.395073
360376,39.663052,22.39393
360377,39.664035,22.391358
360378,39.667812,22.392569
10747,38.137945,21.549627
380094,39.180653,26.497682
10748,38.136449,21.550545
60287,37.980569,23.736412
420046,37.945997,23.646649
170092,38.421323,21.929636
420315,37.942295,23.650554
420325,37.941168,23.647887
420335,37.941767,23.644718
420337,37.942192,23.643464
60282,37.920762,23.700859
60282,37.920762,23.700859
60118,37.953297,23.854004
60156,37.962081,23.913579
270318,39.283547,21.864483
67838,38.305481,23.861481
67841,38.293298,23.885574
500029,39.590597,22.067644
60108,38.088237,23.808159
380243,39.88425,25.067074
380244,39.883013,25.069193
340665,36.35291,25.463252
230021,40.551789,22.246455
500062,39.585391,21.794906
60254,37.94642,23.738443
60272,37.985864,23.72381
450171,39.266239,20.941564
67341,38.047672,23.530044
63543,38.048827,23.7769
63548,38.046258,23.77385
63554,38.045761,23.780313
110267,36.432818,28.235288
110616,36.416733,28.198287
110617,36.413253,28.193127
50165,39.164111,20.989015
110618,36.411934,28.192411
50168,39.161998,20.989945
410067,37.19505,21.929503
330289,40.185234,22.003899
20543,38.616382,21.414292
20617,38.624368,21.407668
270327,39.464754,22.082462
220382,37.669108,21.548998
390084,38.833896,20.708854
240282,35.338744,25.131729
390085,38.833482,20.709077
420046,37.945997,23.646649
150389,38.715357,23.055889
67870,38.08289,23.189125
130258,39.005126,23.207968
130323,38.42369,23.643757
340645,36.411139,25.446655
410386,36.949113,21.704568
340659,36.36665,25.426949
60675,37.979692,23.757665
60936,37.922546,23.722944
60941,37.92427,23.72857
320091,38.077926,22.63089
110070,36.953039,26.980266
320091,38.077926,22.63089
60113,37.99365,23.731034
91011,40.605203,22.956769
91018,40.60343,22.958564
67261,38.089028,23.700129
67262,38.091912,23.700063
67263,38.088575,23.694912
67264,38.087879,23.692371
67265,38.087484,23.689873
66755,37.798321,23.872577
320206,37.936335,22.944328
66759,37.778115,23.904441
66760,37.781474,23.89079
420046,37.945997,23.646649
240331,35.398461,25.022246
220398,37.832814,21.141945
220365,38.04582,21.349035
340626,37.40257,24.953959
390086,38.82673,20.684777
270326,39.470393,22.083521
20670,38.914108,20.888942
60943,37.928376,23.726801
90781,40.701647,22.876169
90782,40.705212,22.850428
64008,37.934616,23.716912
64159,37.935019,23.727211
64161,37.935737,23.719581
64170,37.931865,23.723847
91034,40.601112,22.957695
91035,40.600721,22.958714
91054,40.606454,22.953202
91057,40.605094,22.952793
91072,40.601867,22.953522
91078,40.600153,22.949632
350432,36.841887,22.496038
200476,35.522204,24.131562
350403,36.666067,22.383709
30123,37.631987,22.740876
30298,37.640438,22.763269
30192,37.630623,22.735453
30299,37.628561,22.729934
80157,39.572696,20.316698
30300,37.62892,22.728028
260235,40.940666,24.400417
260236,40.938722,24.403283
260237,40.939519,24.404617
260238,40.94008,24.403666
70287,38.335426,23.676469
420395,37.963653,23.445012
420396,37.964336,23.4501
420397,37.967126,23.453475
70288,38.33732,23.681632
230123,40.486056,22.343886
310161,40.929812,22.972996
500381,39.580149,21.693915
91465,40.783137,22.575818
70163,38.44127,22.8637
200210,35.507056,23.985326
340694,37.044527,25.249825
150401,38.913021,22.606964
150402,38.914077,22.606346
150404,38.911838,22.6042
360386,39.630788,22.354557
320047,37.8504,22.999724
350434,36.841887,22.496038
350405,36.687834,22.495803
350431,36.760664,22.56516
420364,37.742635,23.451438
420365,37.748575,23.455297
420366,37.724886,23.450373
91191,40.754896,23.735998
65455,38.013514,23.649467
91192,40.757301,23.742134
500277,39.553289,21.767989
500278,39.55346,21.768755
500279,39.552701,21.767113
500280,39.552597,21.768205
190246,40.100207,23.779393
190247,40.092266,23.788389
220275,37.805903,21.473947
67946,37.89506,24.007685
91466,40.783411,22.577581
91467,40.782467,22.580275
490356,41.004357,23.629368
91393,40.730123,22.599673
91394,40.733983,22.592054
190114,40.380738,23.925994
190119,40.259075,23.33362
70290,38.34103,23.662107
62710,37.937073,23.757952
30291,37.525045,22.863684
300289,39.613904,19.887372
400292,39.3828,23.176303
400293,39.37933,23.17949
400294,39.364243,23.185509
500421,39.539848,21.464633
68081,38.038874,23.945086
60420,37.988264,23.706814
20224,38.860534,21.30412
91193,40.708107,23.700137
67239,38.076342,23.698668
91195,40.708572,23.6979
91197,40.702914,23.696126
91198,40.699875,23.697895
80146,39.456805,20.513874
80147,39.485178,20.474256
67947,37.896273,24.009063
67948,37.897765,24.012728
67949,37.898069,24.005819
64388,37.903037,24.003666
66990,37.893776,24.014523
65473,38.015735,23.644097
65474,38.014984,23.636747
65477,38.016937,23.635434
60227,37.954053,23.669571
340696,37.038236,25.257505
310089,40.951018,22.822917
90120,40.624129,22.736696
490390,41.017741,23.540813
470282,41.174252,25.410146
340589,37.53402,25.166986
110192,36.614986,27.83478
240261,35.027949,24.76188
60422,37.990338,23.703619
60421,37.991833,23.701422
20637,38.865875,21.176786
20638,38.866697,21.161744
260325,40.994267,24.653306
10816,38.031554,22.111821
160059,40.764015,21.611873
90002,40.715781,22.728882
220132,37.853898,21.256621
60113,37.99365,23.731034
360383,39.627206,22.518152
360403,39.623064,22.517295
190248,40.090917,23.790538
360404,39.621352,22.52771
91406,40.74188,22.851673
91079,40.599862,22.951748
91135,40.619189,22.959285
66762,37.779623,23.90016
66764,37.784369,23.889391
65008,38.013847,23.695855
66771,37.801401,23.876518
10576,38.237386,21.736901
67253,38.083701,23.701839
320177,37.939097,22.935595
10578,38.241877,21.734701
490366,40.917627,23.481506
490367,40.914761,23.487521
490368,40.917057,23.483695
200381,35.535151,23.794177
200382,35.530965,23.807812
150173,38.949132,22.843787
190001,40.249877,23.698837
270154,39.268465,21.53379
90109,40.615029,22.956364
150005,38.71297,22.88103
70303,38.380943,23.113978
70304,38.381434,23.109561
70305,38.373579,23.060042
160047,40.636395,21.084859
60065,38.171123,24.023724
40502,37.707842,22.099168
320408,37.931317,22.902723
40482,37.730723,21.960061
40481,37.730723,21.960061
40486,37.730723,21.960061
91136,40.619665,22.962304
91137,40.619792,22.961112
91138,40.619264,22.959373
91139,40.619951,22.959719
91141,40.620404,22.957607
310056,40.987115,22.543317
91230,40.637232,22.947377
10579,38.241475,21.732376
10580,38.24065,21.73697
280043,40.50417,21.215652
10582,38.240121,21.738337
10586,38.235553,21.739992
10790,37.887,21.879419
91395,40.61545,22.693528
91396,40.606286,22.685979
260085,40.950713,24.639478
240160,35.341372,25.048648
10325,38.295248,21.789841
60676,37.98027,23.760357
40265,37.33588,22.808529
67366,38.060395,23.532186
190105,40.038988,23.944217
200461,35.511907,23.87594
200442,35.493425,23.657297
200436,35.487324,23.762072
200435,35.487324,23.762072
10686,38.158472,22.342887
200422,35.233984,23.685363
200415,35.292633,23.644195
10715,38.055211,21.859535
360342,39.719308,22.757545
10834,38.158472,22.342887
65441,38.00996,23.647803
65442,38.013374,23.654931
91231,40.637893,22.946971
91232,40.637115,22.948542
91239,40.636959,22.948329
10528,38.225978,21.743355
66474,37.972128,23.754889
91321,40.717086,23.705134
65456,38.014342,23.648567
91397,40.608627,22.684061
66991,37.894672,24.014664
100263,41.14881,24.157495
67950,37.898959,24.014109
67951,37.899053,24.01269
67006,37.874594,24.01781
20498,38.633258,21.414397
20499,38.628861,21.413808
260225,40.938362,24.398905
60918,37.921124,23.719629
490370,40.911622,23.500913
490364,40.907864,23.501769
430197,40.782135,22.156054
240376,35.028776,24.760046
430198,40.760994,22.148221
490378,41.213972,23.291406
240296,35.126294,25.142197
60027,38.023176,23.802156
60027,38.023176,23.802156
65443,38.01349,23.65596
67235,38.091238,23.706958
65445,38.014207,23.653048
65446,38.015386,23.651935
65447,38.015818,23.653022
91133,40.61047,22.956745
65041,37.69026,24.047564
65457,38.011891,23.648707
65458,38.012267,23.647432
65459,38.018321,23.650759
65460,38.013769,23.645697
65461,38.01745,23.64754
60113,37.99365,23.731034
260226,40.940301,24.398016
260227,40.936636,24.400713
260228,40.935441,24.401146
260229,40.936415,24.401648
260230,40.936028,24.401922
10581,38.242632,21.733574
10583,38.242189,21.734217
10584,38.239627,21.740009
60027,38.023176,23.802156
61793,37.933114,23.884179
60017,37.964376,23.725013
250480,39.68985,21.036522
90477,40.55472,23.015146
60233,37.952261,23.705442
90109,40.615029,22.956364
60252,38.154856,23.964179
440043,39.992326,22.623917
64834,38.00167,23.697453
65962,37.957217,23.744665
66078,37.937731,23.731831
66453,37.978707,23.744912
66471,37.97328,23.754164
67031,37.999853,23.913975
67254,38.084759,23.699801
67255,38.083527,23.695376
91407,40.739263,22.850008
60113,37.99365,23.731034
360355,39.686456,22.46001
60113,37.99365,23.731034
60113,37.99365,23.731034
320182,37.937358,22.936995
67259,38.084648,23.691174
10587,38.241475,21.736233
10589,38.236146,21.741685
10590,38.238591,21.74249
10591,38.2379,21.743963
10593,38.240287,21.737668
10592,38.235402,21.742351
500272,39.554101,21.771256
500273,39.553994,21.771744
330157,40.591658,21.777267
340233,37.766447,24.950101
160064,40.739478,21.480121
500382,39.581002,21.693109
280005,40.482167,21.291621
90101,40.749904,23.386585
250099,39.969047,20.718554
240337,35.000917,24.759664
240387,35.26321,25.074215
320179,37.937325,22.935222
320180,37.936052,22.93412
67256,38.086164,23.698005
67257,38.086485,23.70098
20515,38.635274,21.419499
20516,38.633969,21.420883
10783,38.057718,21.751309
10789,38.055211,21.859535
360320,39.294579,22.388582
10813,38.031554,22.111821
20526,38.623934,21.417048
320185,37.93774,22.943221
67260,38.083648,23.687349
20527,38.622869,21.415911
320187,37.935352,22.931585
480080,37.807324,26.816023
240057,34.94175,24.847168
10536,38.223543,21.732329
500274,39.553798,21.77301
500275,39.553531,21.773617
500276,39.553804,21.774726
260233,40.939149,24.402119
260234,40.937816,24.402235
67952,37.872828,24.019995
67009,37.877897,24.006398
360347,39.697096,22.875484
67012,37.886702,24.003869
60286,37.979561,23.726586
340204,37.885082,24.737692
400082,39.366872,22.954572
130140,38.494732,23.965715
130145,38.475711,23.960517
91478,40.558248,22.987884
120107,41.513251,26.455461
91119,40.6109,22.961077
67731,37.981809,23.994437
220401,37.887,21.879419
420355,37.741065,23.43082
220402,37.887,21.879419
360321,39.294728,22.391692
10823,38.031554,22.111821
200389,35.455361,23.913692
10824,38.031554,22.111821
420046,37.945997,23.646649
67236,38.070294,23.701651
65448,38.017591,23.65285
10537,38.221513,21.731824
66525,37.967474,23.764098
30153,37.296322,23.192039
66490,37.968144,23.759011
66494,37.967093,23.760225
10548,38.226968,21.728519
320193,37.934043,22.938732
65462,38.01829,23.645365
360348,39.72836,22.86615
360349,39.744545,22.863157
360350,39.733894,22.865244
40448,37.730723,21.960061
70317,38.29478,23.386199
20444,38.403674,21.443928
260231,40.937501,24.401516
260232,40.938611,24.401773
20500,38.628303,21.415613
62297,37.926102,23.692461
62305,37.930171,23.691108
62311,37.923549,23.694869
62319,37.92697,23.69151
420071,37.952937,23.630392
130335,38.353369,24.099541
440017,39.993343,22.570482
350247,36.919722,22.437174
200462,35.492674,23.89036
65450,38.016243,23.650606
67237,38.070109,23.703239
65451,38.015124,23.650285
65453,38.016709,23.651049
67238,38.069903,23.704772
67204,37.899706,23.868904
67497,38.09539,23.975729
65463,38.014908,23.646268
65464,38.016914,23.644609
65465,38.019242,23.648579
65466,38.019912,23.649558
65469,38.020016,23.644509
60113,37.99365,23.731034
20502,38.626149,21.416424
50167,39.162503,20.992438
50169,39.16174,20.99265
50170,39.160272,20.990742
50171,39.159429,20.990149
80156,39.587729,20.328876
260239,40.940552,24.402966
260240,40.941903,24.400885
260241,40.938294,24.397089
40162,37.812706,21.847127
330107,40.220637,21.260273
350190,36.804056,22.851209
40519,37.497144,22.727462
20053,38.696037,21.647523
20019,38.636244,21.749558
60232,38.03776,23.691172
320095,37.865497,22.380725
340166,36.419793,25.432418
250201,39.604886,20.860829
10812,38.031554,22.111821
10814,38.031554,22.111821
10826,38.031554,22.111821
40463,37.507227,22.376137
40461,37.361908,22.539032
110615,36.414443,28.197585
480149,37.800936,26.842986
480150,37.803749,26.826486
220361,37.708074,21.560624
410302,37.100209,22.234582
350353,36.993742,22.703253
330271,40.262266,21.325431
60113,37.99365,23.731034
210143,38.367405,26.136084
210145,38.366918,26.133914
210146,38.36641,26.133824
210148,38.369582,26.130663
30193,37.633725,22.73001
30305,37.619467,22.712805
67756,37.974386,23.749163
20529,38.621641,21.418802
420425,37.682442,23.469484
400268,39.29057,22.86817
400269,39.29423,22.874591
60062,37.945932,23.693435
60062,37.945932,23.693435
60081,37.985357,23.73388
420392,37.95412,23.444226
420393,37.959603,23.431997
60319,37.886702,24.003869
90099,40.635633,22.954865
210070,38.206378,26.041428
260065,41.008288,24.414641
90022,40.558248,22.987884
63797,38.141653,23.854946
63799,38.145094,23.848367
330279,40.20965,21.290299
440221,40.270983,22.511121
91134,40.610634,22.957487
90992,40.609818,22.956156
90995,40.608067,22.954271
91005,40.606155,22.956106
240265,35.322057,25.379889
420362,37.746807,23.441143
420363,37.745694,23.448391
30309,37.387293,23.246065
20531,38.619158,21.415287
20534,38.620824,21.420623
20535,38.619522,21.422337
20394,38.60901,21.444671
20397,38.611674,21.443326
20540,38.618248,21.415674
320194,37.939299,22.937669
10557,38.241313,21.729557
460225,35.415125,24.78255
420394,37.959572,23.436006
320381,38.045809,22.69837
320382,38.057989,22.670699
450178,39.17913,20.789684
450179,39.16904,20.759962
260151,40.963515,24.479518
60062,37.945932,23.693435
63807,38.138061,23.855286
63811,38.133405,23.865655
63816,38.140688,23.861223
290156,38.207202,20.43326
10293,38.295248,21.789841
270334,39.177021,21.75925
130252,38.069354,24.540733
63630,38.140407,23.841579
130068,38.079095,24.56459
410359,37.077432,22.050822
30312,37.613349,23.035716
360323,39.296011,22.393945
350383,36.760664,22.56516
360326,39.297012,22.39247
350457,37.169699,22.303734
350384,36.760664,22.56516
360379,39.569529,22.46199
65454,38.015851,23.648235
91173,40.72362,23.702988
10562,38.243569,21.73178
10564,38.244659,21.730609
10568,38.241834,21.731533
10570,38.243239,21.728999
320203,37.933931,22.943404
10573,38.244735,21.731288
65470,38.021712,23.648052
60062,37.945932,23.693435
60062,37.945932,23.693435
10759,38.173765,21.48685
10760,38.172676,21.450537
340684,37.057914,25.209132
60315,38.03293,23.626503
270328,39.470807,22.091196
63975,37.939918,23.718998
63976,37.943218,23.716769
64007,37.936447,23.716396
20022,38.623911,21.41029
20022,38.623911,21.41029
60329,37.97002,24.005386
63820,38.140313,23.867252
91175,40.729097,23.704839
91178,40.729661,23.71022
91179,40.732888,23.713728
91180,40.736006,23.716496
91185,40.743573,23.723583
91189,40.750901,23.729821
60113,37.99365,23.731034
65471,38.020147,23.64784
60211,37.989242,23.751498
30021,37.746445,22.475678
67273,38.096439,23.686045
67274,38.080202,23.695371
30184,37.633725,22.73001
30185,37.633725,22.73001
370004,35.052328,25.847344
200501,35.491919,23.651676
67865,38.07769,23.174418
67866,38.073787,23.170764
440286,40.064167,22.566742
440287,40.060374,22.565603
440288,40.061485,22.558193
67868,38.071083,23.160151
320132,37.921678,22.808599
340530,36.827248,25.869248
91404,40.731852,22.690499
91107,40.777659,22.948752
91106,40.771205,22.934959
91445,40.766469,22.937654
320418,37.925027,23.019123
320419,37.920054,23.009128
320446,37.89147,22.337726
320043,37.938625,22.930735
150405,38.88987,22.721365
60027,38.023176,23.802156
60027,38.023176,23.802156
60027,38.023176,23.802156
60027,38.023176,23.802156
150006,38.92859,22.388904
60348,38.283025,23.676268
60386,38.08545,23.977012
410378,36.812693,21.91248
410381,36.80499,21.924637
67775,37.663151,24.00306
67776,37.66875,23.964874
67777,37.678422,23.945876
91336,40.496195,22.996217
91337,40.495011,23.006917
91338,40.494021,23.014607
340531,36.830882,25.865758
50220,39.118732,21.047274
50221,39.139822,21.025846
50222,39.085864,20.926049
50223,39.083246,20.91761
50246,39.103326,20.949068
430200,40.805091,22.359905
63470,38.059556,23.774383
400254,39.330615,23.041945
220399,37.592709,21.622655
220400,37.593464,21.623276
10080,38.158085,21.835465
90174,40.689399,22.816429
90221,40.580697,22.980215
20036,38.43495,21.514222
90356,40.584154,22.981171
90176,40.682784,22.811964
220133,37.863939,21.207637
160056,40.69151,21.680592
110462,36.413567,28.192068
460226,35.410999,24.782406
190292,40.31706,23.0637
420404,37.50692,23.458476
420405,37.508722,23.458299
420406,37.508537,23.464985
420407,37.508612,23.469626
520152,37.730468,20.834699
520153,37.719797,20.834608
520154,37.732795,20.830235
520155,37.735221,20.825827
520156,37.731801,20.863093
490081,41.274635,23.292851
280014,40.536594,21.466952
67879,38.252854,23.694468
67880,38.247618,23.697564
67885,38.331014,23.735061
67886,38.33181,23.731907
67888,38.3366,23.69337
67889,38.331686,23.720041
67890,38.324492,23.715672
67891,38.323028,23.706515
67892,38.332659,23.711445
67893,38.335785,23.701418
60212,38.053502,23.767037
80151,39.368271,20.304416
380210,39.035998,26.511002
400270,39.33747,23.016665
400271,39.334571,23.020458
400272,39.334552,23.017231
400273,39.341271,23.002767
340536,36.905458,25.995789
170005,38.699204,22.037534
60255,37.974386,23.749163
150058,38.901441,22.431399
10258,38.234396,21.73088
90008,40.721209,23.706611
10258,38.234396,21.73088
140037,38.915217,21.793509
310030,40.997812,22.570212
400127,39.383932,22.746476
60713,37.98226,23.763051
410159,37.074078,21.694972
140160,39.060754,21.870821
70049,38.438987,22.880481
150150,38.744091,23.029497
320392,37.9291,23.128622
260346,40.964368,24.354874
450188,39.000396,20.71211
220013,37.64273,21.624813
340625,37.398497,24.948022
210187,38.409137,26.133536
210188,38.411752,26.133012
210189,38.413503,26.130282
67900,38.286994,23.825352
170050,38.449183,22.146728
130152,38.097207,24.239971
170033,38.637705,22.0136
350089,37.074908,22.430664
270339,39.349749,21.455787
90172,40.523445,22.976587
170073,38.502774,22.227208
67784,38.026045,23.469364
67788,38.026291,23.464287
90094,40.654458,22.926833
63691,37.991751,23.8596
63714,37.979685,23.852202
63716,37.97751,23.84779
400012,39.224024,22.660288
64481,38.03441,23.815935
170035,38.572114,22.15038
170078,38.598064,22.177237
170029,38.552965,22.171204
90109,40.615029,22.956364
60017,37.964376,23.725013
490376,41.204729,23.283311
67474,37.995459,23.347693
67475,37.996335,23.351407
67476,37.981381,23.354504
67477,37.990868,23.343168
110740,36.069053,28.058458
110741,36.066405,28.061353
110725,35.94374,27.84952
110726,35.960422,27.88492
130582,38.589727,24.066153
520140,37.791376,20.853048
67814,38.294289,23.900784
67815,38.293036,23.90251
67816,38.29151,23.904325
67817,38.29412,23.907559
67819,38.294909,23.910892
67821,38.293139,23.914325
67822,38.290979,23.916182
67824,38.292,23.922053
260266,40.900592,24.337263
50120,39.307782,21.216412
360160,39.82897,22.05376
90094,40.654458,22.926833
20044,38.535559,21.08065
230054,40.497475,22.241357
90094,40.654458,22.926833
340171,37.539835,25.162117
90180,40.689846,22.797795
190209,40.289434,23.127505
290109,38.125498,20.517035
240096,35.131618,24.942408
260074,40.874932,24.178192
40142,37.705322,22.142431
20045,38.530547,21.700708
68037,38.134486,23.857956
240097,35.058421,24.960463
40120,37.617058,21.799448
40431,37.398136,22.725028
91339,40.495495,22.986868
460129,35.184736,24.40928
67902,37.96136,23.20101
67903,37.956552,23.189359
67904,37.968782,23.21281
67905,37.969976,23.214736
67907,37.958626,23.197089
120363,40.853514,25.801047
120364,40.852601,25.793896
520163,37.79316,20.899354
60170,37.889579,23.755293
130067,38.392817,23.794139
130255,38.425804,23.670474
320043,37.938625,22.930735
61579,38.062217,23.624649
500385,39.583994,21.853632
20642,38.580692,21.646735
67785,38.027262,23.472942
67786,38.027192,23.468922
67787,38.023756,23.45047
260261,41.013112,24.294688
150408,38.890273,22.781337
150409,38.882513,22.774942
90182,40.69323,22.782755
340537,36.906254,25.998991
420408,37.509583,23.470561
420409,37.508068,23.454811
30284,37.611977,23.041925
30285,37.612185,23.045935
320021,38.13195,22.422387
110052,36.434329,27.349866
70110,38.341513,23.673103
340232,37.860893,24.78538
90121,40.663739,22.712645
130088,38.015022,24.420561
260094,40.777212,23.95199
10195,38.134989,21.946818
120115,40.930889,26.214462
130027,38.121277,24.574722
130005,38.135791,24.49383
60108,38.088237,23.808159
190077,40.133168,23.395535
10769,38.107832,21.647136
10770,38.104406,21.652488
370113,35.122176,25.856094
60262,37.997519,23.716955
220131,37.908799,21.268631
67378,38.046238,23.548065
10653,38.242513,22.073149
67719,37.960768,23.649599
320144,37.976467,22.760823
330309,40.110052,21.934335
67899,38.324397,23.702475
340653,36.400362,25.456297
500405,39.70265,21.62742
500406,39.704356,21.626955
500407,39.702106,21.628603
500408,39.703305,21.630232
500409,39.702006,21.623784
500410,39.701812,21.633809
500411,39.700037,21.637417
150058,38.901441,22.431399
10258,38.234396,21.73088
150058,38.901441,22.431399
200016,35.51137,24.013618
60034,38.045126,23.804014
170088,38.642309,22.52959
360153,39.629844,22.453876
500178,39.548437,21.590585
410158,37.049843,21.716597
500169,39.549355,21.660598
67928,37.928956,23.478366
67929,37.932806,23.47603
67930,37.935069,23.478526
250144,40.212606,20.809583
67931,37.936747,23.480454
120090,41.29043,26.256147
340391,36.988687,24.679127
340394,36.991913,24.680006
340561,36.978858,24.7242
340562,36.980304,24.724884
340563,36.976494,24.731458
340564,36.975275,24.743647
340565,36.973785,24.722886
340566,36.967571,24.727275
160014,40.779445,21.409362
110685,36.954758,26.973536
170056,38.537953,22.099146
260108,40.873356,24.31061
260109,40.875795,24.311867
70078,38.371874,23.012377
240399,35.127205,24.905927
64262,37.955298,23.662354
64282,37.953561,23.657718
91411,40.713973,22.781063
260084,40.970716,24.580263
430025,40.737224,21.824511
90143,40.483449,23.051024
270099,39.158372,21.832223
60210,38.011598,23.826201
67466,38.002843,23.346435
67469,37.998814,23.352405
67470,37.991182,23.347918
40432,37.408099,22.714375
90130,40.739833,22.872751
150133,38.913668,22.617068
60210,38.011598,23.826201
490072,41.064632,23.956485
490024,40.944876,23.997989
380065,39.946094,25.225656
200398,35.32479,24.336992
60269,38.214113,23.875824
120011,41.348682,26.493696
340122,37.449801,25.33006
160006,40.804039,21.457625
340049,37.064194,25.484799
60307,37.724808,23.944946
380217,39.367121,26.178395
150059,38.565665,23.284447
64420,37.985609,23.766727
100081,41.166337,24.072553
100082,41.061844,24.050345
320057,37.821168,22.66262
180112,40.087815,21.652308
61474,38.138026,23.866612
100087,41.066298,24.254236
140087,38.972599,21.732555
20176,38.487185,21.113182
440048,40.017138,22.55363
40025,37.671277,21.845566
410371,37.05706,22.057411
340132,37.085997,25.149012
40169,37.652883,21.933249
40181,37.618503,21.948731
60288,37.942475,24.009749
260091,40.937601,24.408921
350032,36.993742,22.703253
340073,36.719901,25.280434
520164,37.792063,20.898875
520165,37.790783,20.897321
520166,37.792469,20.898752
520167,37.795162,20.900201
360391,39.719609,22.464864
70286,38.374935,23.452109
430199,40.980422,22.129247
130552,38.765231,23.316205
340570,37.381451,24.432955
380219,39.367704,26.175093
380220,39.368847,26.171571
200502,35.490482,23.906394
250058,39.66616,20.852682
370293,35.039604,25.983363
370294,35.038632,25.989955
370295,35.032523,25.959703
370297,35.033527,25.94371
90079,40.591439,22.957607
120066,41.380888,26.611105
110242,36.876797,27.204394
360440,39.630483,22.409969
260355,40.976818,24.471739
30061,37.712178,22.841129
10771,38.102809,21.661091
340230,36.387725,25.463563
280031,40.565941,21.429462
340031,37.836826,24.936311
120092,41.622417,26.422321
340035,37.073818,25.520075
340032,37.13596,25.540223
300255,39.74898,19.655358
300256,39.744017,19.650816
60330,37.901271,23.873896
50228,39.166882,21.034923
50229,39.168208,21.034694
50230,39.16088,21.013157
50231,39.159406,21.01561
130587,39.011216,23.226564
500398,39.495703,21.684543
80109,39.457902,20.418557
130203,38.721234,23.43044
60199,37.989594,23.665008
10146,38.013877,22.081828
220050,37.590982,21.617936
340371,37.416753,24.884022
120070,40.894498,26.171823
320383,37.934223,23.137134
320385,37.939676,23.152538
320388,37.932739,23.132393
70325,38.355968,22.910446
320389,37.922908,23.125544
320390,37.920552,23.120713
320391,37.91743,23.10336
130078,38.66975,23.921611
130521,38.408802,23.604381
260275,40.587936,24.653393
410387,37.139986,22.008287
50139,39.182848,20.97566
60014,37.994463,23.674592
250187,39.589766,20.914397
60034,38.045126,23.804014
190015,40.443166,23.681483
50130,39.290314,21.125899
50022,39.264175,20.997056
490387,41.014254,23.52098
100080,41.099731,24.289996
330065,40.2391,21.967248
300014,39.619755,19.919074
60210,38.011598,23.826201
10821,38.031554,22.111821
67932,37.939083,23.47986
67934,37.938649,23.484893
67935,37.92057,23.467692
67936,37.92341,23.467571
67937,37.920402,23.46057
67938,37.918916,23.45789
67939,37.923336,23.458731
67940,37.922282,23.454811
67941,37.923176,23.451279
67942,37.923258,23.448273
67943,37.924158,23.445211
67547,38.315425,23.815573
67548,38.312244,23.818479
67549,38.310954,23.821595
67550,38.314089,23.821765
67551,38.312825,23.825199
67552,38.316307,23.825995
67553,38.31517,23.828258
67554,38.312161,23.82759
67555,38.312044,23.831848
67557,38.296601,23.818539
67558,38.290603,23.823684
240369,35.1943,25.202135
60887,38.080073,23.736107
90086,40.474338,23.092408
340161,37.444931,24.943758
70023,38.496569,22.846107
260102,41.062406,24.744116
60287,37.980569,23.736412
60108,38.088237,23.808159
63946,37.815941,23.798096
67454,37.99636,23.336442
20647,38.603987,21.484427
10797,37.904637,21.929568
20648,38.603557,21.48138
20649,38.602671,21.478745
500159,39.849293,21.660416
130041,38.308349,24.148545
130578,38.394388,23.770135
130579,38.394887,23.767838
340223,37.122599,25.234098
170103,38.453086,22.004851
250012,40.162292,20.726331
67368,38.052437,23.52285
420067,37.769446,23.495284
490076,40.926162,23.869226
490018,41.028117,23.830039
160068,40.746427,21.511833
220081,37.673441,21.4379
280169,40.455143,21.257794
60286,37.979561,23.726586
91333,40.612654,23.099378
110773,36.814137,27.095871
110774,36.817653,27.093452
110775,36.804573,27.092394
110811,36.874775,27.190743
110813,36.88213,27.186962
230065,40.600522,22.5569
60027,38.023176,23.802156
60027,38.023176,23.802156
340171,37.539835,25.162117
60027,38.023176,23.802156
430008,40.800194,22.048137
430008,40.800194,22.048137
60309,38.128837,23.75823
350031,37.1954,22.279665
90072,40.633778,22.944027
300257,39.753143,19.645931
310147,41.035762,22.797973
310149,40.993114,22.771652
380211,39.326428,26.179378
380212,39.326745,26.173716
340734,37.856892,24.842121
470271,41.081052,25.695155
470272,41.080501,25.697933
470267,41.081953,25.54913
470268,41.085335,25.537849
90116,40.495495,22.986868
160067,40.786266,21.689243
360413,39.634227,22.416296
360414,39.634318,22.41484
360422,39.634248,22.416864
360423,39.634453,22.418423
67878,38.248181,23.699482
110826,36.882409,27.201449
110827,36.88924,27.190032
340196,36.354824,25.444209
90159,40.816012,23.280914
30092,37.597701,22.841004
340222,36.462051,25.373803
200112,35.451635,24.17361
410362,36.885694,21.921838
410365,36.903207,21.92155
350446,37.030545,22.439448
63003,38.011668,23.794382
490379,41.214114,23.297223
490380,41.213043,23.302131
490377,41.184383,23.281635
320051,38.007789,22.645764
110003,36.457889,27.332722
30306,37.633045,23.154085
350444,36.949971,22.457271
30307,37.631687,23.153001
60263,37.972506,23.647313
470280,40.960094,25.135907
190020,40.240536,23.284456
400282,39.183154,22.736689
60371,38.278045,23.65335
450186,38.997533,20.703305
68021,38.254493,23.693179
68022,38.255226,23.691794
68023,38.269899,23.696685
450177,39.222602,20.522577
400257,39.333902,22.933131
80152,39.361224,20.290828
380003,39.541489,24.990576
80153,39.352369,20.289115
80154,39.364078,20.304248
80144,39.386954,20.378741
450176,39.224482,20.528597
400256,39.331651,22.925713
400265,39.278531,22.824305
240136,35.186021,25.280051
110070,36.953039,26.980266
180024,40.084763,21.425523
350438,36.513867,23.058365
130586,39.009955,23.211411
360166,39.792437,22.066046
10258,38.234396,21.73088
67910,38.161017,23.295019
260091,40.937601,24.408921
20161,38.782578,20.882371
420070,37.963323,23.61963
110816,36.874455,27.181118
130603,38.577363,23.645406
450025,39.256161,20.62686
80090,39.453591,20.277614
130580,38.39705,23.763958
67944,37.925113,23.443633
67945,37.922588,23.441783
150428,38.804516,22.445137
500416,39.709487,21.607861
190295,40.309192,23.075014
190261,40.249696,23.25312
260335,40.845667,24.305674
150429,38.825763,22.432799
70319,38.212193,23.268432
66702,38.062037,23.589276
110604,36.404093,28.202008
67927,37.928087,23.475762
400224,39.268948,23.167637
130019,38.410493,24.037125
250204,39.705585,20.729567
260254,40.93546,24.399735
170036,38.551164,22.124869
67912,38.106433,23.425721
60108,38.088237,23.808159
60108,38.088237,23.808159
290164,38.185402,20.520008
430048,41.023651,22.012183
10096,38.055211,21.859535
360148,39.630483,22.409969
60882,38.047962,23.739769
130581,38.39876,23.761172
200377,35.449022,24.196792
200379,35.456935,24.168166
300033,39.619755,19.919074
110232,36.045527,27.947805
10794,37.904637,21.929568
10796,37.904637,21.929568
330306,40.383379,21.772712
200444,35.493425,23.657297
330307,40.411483,21.767283
190284,40.388589,23.0401
300238,39.741382,19.760872
130232,38.63534,23.615207
490365,40.917876,23.481702
380066,39.246067,26.269038
120048,41.232855,26.021747
150151,38.763803,22.911605
30091,37.537538,22.894505
420354,37.743768,23.430141
120104,41.450546,26.261711
130568,38.910232,24.568476
110584,36.416226,28.211329
110614,36.41352,28.201019
40484,37.730723,21.960061
10792,37.887,21.879419
40485,37.730723,21.960061
40464,37.345627,22.761482
10565,38.245149,21.730175
10569,38.241914,21.728771
10571,38.243727,21.729809
200402,35.46698,23.799093
200392,35.414926,23.760139
350424,36.298512,22.964267
200390,35.414926,23.760139
10804,37.898823,22.124914
370165,35.262802,25.720527
130538,38.389707,23.888704
130540,38.387982,23.893169
130541,38.387584,23.897594
130542,38.387532,23.905674
130543,38.387973,23.911284
250393,39.806178,21.002102
10572,38.243458,21.731058
10585,38.240616,21.736068
10588,38.240976,21.737263
90958,40.608927,22.960758
360352,39.959339,22.69276
360353,39.964483,22.6825
20423,38.369498,21.425666
20426,38.365257,21.428997
40458,37.416246,22.765965
10719,38.057718,21.751309
66708,38.056092,23.602926
300152,39.615099,19.920195
66592,38.001135,23.721067
66732,37.805863,23.982803
66744,37.809487,23.969926
360305,39.630483,22.409969
320406,37.92202,22.924608
60215,38.24894,23.992889
320407,37.913362,22.916528
40466,37.246312,22.179658
30124,37.628355,22.737295
30125,37.62582,22.743778
30302,37.625173,22.728976
30303,37.62344,22.730446
66756,37.792089,23.884049
66757,37.794475,23.874914
66758,37.787936,23.886079
66774,37.796361,23.883593
91116,40.611327,22.958982
500266,39.554883,21.772646
500267,39.555048,21.770717
20497,38.629223,21.408832
240048,35.049799,24.873469
500268,39.554832,21.771867
500269,39.554558,21.773096
500270,39.554664,21.767649
91117,40.611245,22.957956
40388,37.50603,22.36739
91118,40.609862,22.958585
90954,40.609664,22.960299
60192,37.997205,23.796123
340587,37.535184,25.165689
340279,37.539834,25.193955
220187,37.692683,21.402371
220190,37.686346,21.39195
10666,38.265541,21.741099
10670,38.268064,21.7419
150271,38.907193,22.425773
91130,40.610788,22.957484
91131,40.610308,22.956311
91132,40.61033,22.955953
91167,40.754008,23.06619
340280,37.538992,25.202702
340396,37.544323,25.149755
340282,37.552093,25.1401
340583,37.537395,25.166325
91129,40.611286,22.956581
420115,37.933688,23.531959
420117,37.930937,23.531771
91170,40.762702,23.080093
91171,40.763592,23.078769
91334,40.748454,23.069701
91335,40.748454,23.069701
500242,39.566792,21.260022
30096,37.325833,23.142882
90090,40.414009,23.009652
120117,41.692831,26.378189
140169,38.911733,21.792461
420269,37.956699,23.536546
420307,37.96283,23.514399
67613,37.955449,23.656208
410269,37.391139,21.926876
220350,37.756617,21.690465
30304,37.616103,22.730144
30205,37.63058,22.725536
420035,37.500276,23.452339
20435,38.372127,21.428399
170069,38.589369,22.336514
66831,37.958251,23.744366
280010,40.516673,21.253761
67231,38.084835,23.715498
91120,40.610362,22.960943
40391,37.504919,22.364438
91121,40.610229,22.961817
91123,40.609869,22.963319
40394,37.510967,22.372618
40395,37.511181,22.372272
40396,37.511545,22.371906
40397,37.510992,22.371046
340584,37.536708,25.166331
410308,37.300953,21.965642
410355,37.075441,21.863889
20455,38.392133,21.839497
20473,38.391771,21.825816
90100,40.639976,22.934314
240104,35.334337,25.118779
350422,36.298512,22.964267
10567,38.240659,21.732201
10574,38.2453,21.730362
66761,37.793982,23.879657
10575,38.236033,21.737286
66767,37.796631,23.878782
10577,38.240947,21.733534
10707,38.055211,21.859535
100100,41.013277,24.209747
10709,38.055211,21.859535
10723,38.109097,21.782148
66833,37.958436,23.748345
60330,37.901271,23.873896
67232,38.084421,23.71852
67233,38.087111,23.714401
67758,37.979561,23.726586
67234,38.091086,23.710164
80017,39.560199,20.195962
40398,37.512851,22.37125
10662,38.266666,21.742582
10663,38.267061,21.740583
170053,38.702825,22.357342
220337,37.676253,21.431158
220339,37.677739,21.428504
220342,37.675781,21.433067
30209,37.629143,22.717768
30210,37.628616,22.721853
30211,37.628303,22.719625
91436,40.721777,23.010452
91439,40.724385,23.004793
91441,40.746619,22.980374
91442,40.745948,22.977362
91443,40.750088,22.975346
200417,35.292633,23.644195
200418,35.292633,23.644195
340222,36.462051,25.373803
150152,38.759488,22.859147
10822,38.031554,22.111821
200421,35.328302,23.738821
410107,36.91213,21.695455
220007,37.795263,21.349432
110238,36.075904,28.05525
67240,38.070761,23.698028
10531,38.224259,21.742757
30301,37.627322,22.726991
360345,39.717834,22.869986
360344,39.711603,22.872703
120311,41.503391,26.528351
60014,37.994463,23.674592
470017,41.235055,25.772323
10710,38.055211,21.859535
520122,37.876567,20.663739
470254,41.11727,25.403166
410338,36.824975,22.280632
360026,39.293092,22.382997
250430,39.898895,20.398567
250425,39.531963,20.691445
65970,37.957721,23.746523
120325,41.534974,26.524353
120341,41.494258,26.50113
120389,41.501716,26.531983
80145,39.461683,20.510376
360351,39.954668,22.699982
500281,39.552383,21.771509
220328,37.669375,21.437724
220329,37.666252,21.442972
20490,38.628829,21.412437
500263,39.555112,21.769476
20492,38.629586,21.410707
500264,39.555516,21.77116
20493,38.626394,21.413837
500265,39.555243,21.772874
130131,38.178056,24.209941
30212,37.62688,22.718966
220330,37.656906,21.429588
220234,37.649089,21.432801
220334,37.670562,21.429122
220194,37.668505,21.424405
220196,37.672357,21.414406
130377,38.465842,23.602372
340501,37.006356,25.141719
110573,36.404575,28.225175
110580,36.398601,28.226774
110583,36.420029,28.215535
30213,37.626098,22.718009
130379,38.466172,23.600322
130380,38.467484,23.597431
130381,38.468125,23.598493
10664,38.26114,21.740474
60716,37.883295,23.935476
220193,37.693394,21.42163
220189,37.687576,21.409708
10828,38.158472,22.342887
80158,39.600138,20.307707
370117,35.083059,26.098784
190239,40.025249,23.509404
370106,35.158888,25.940088
320395,37.755056,22.834968
61645,37.914403,23.752819
61652,37.910716,23.750324
330299,40.237504,21.573111
400157,39.27388,23.164768
70112,38.328908,23.139788
130098,38.641868,23.937614
370158,35.015324,25.692095
370159,35.015007,25.688661
370166,35.008091,25.75581
370167,35.001052,25.772169
370168,34.999886,25.791407
370220,35.013846,25.738694
370221,35.012319,25.743649
370222,35.01312,25.743344
220232,37.675809,21.459715
220314,37.683487,21.472118
220315,37.67821,21.44752
220316,37.680877,21.450694
220233,37.689055,21.456867
220319,37.671346,21.429906
100201,41.154856,24.150387
100202,41.156566,24.148999
420046,37.945997,23.646649
110791,36.385203,28.217016
110792,36.386375,28.214742
10787,38.290848,21.780535
110793,36.390957,28.219327
10788,38.278137,21.791063
130529,38.408266,24.041489
130530,38.406569,24.043265
300286,39.410606,20.02247
300287,39.42434,20.064801
150058,38.901441,22.431399
420413,37.580476,23.390315
10772,38.327603,21.872926
10773,38.324197,21.838166
10774,38.330229,21.843929
10775,38.324517,21.883497
10776,38.328636,21.875966
390081,38.662058,20.786248
220118,37.40269,21.815106
68079,37.849964,23.858615
67278,37.719832,24.049312
67284,37.716581,24.058921
67288,37.70457,24.054263
40415,37.510349,22.367232
220001,40.253814,22.344833
63252,38.020642,23.690537
200449,35.493425,23.657297
65909,38.075935,23.809913
65921,38.087063,23.811576
40495,37.595843,22.039586
40497,37.595843,22.039586
40496,37.595843,22.039586
40498,37.595843,22.039586
40499,37.595843,22.039586
40500,37.595843,22.039586
240343,35.167514,25.094172
60265,37.964965,23.650302
150058,38.901441,22.431399
20035,38.487067,21.442383
400264,39.386507,22.779249
500024,39.634027,21.347834
130070,38.075086,24.382262
50112,39.31108,21.308037
130060,38.720374,23.455811
130120,38.091823,24.391144
460007,35.226762,24.653144
130153,38.130741,24.375154
340012,37.885082,24.737692
50127,39.204626,21.340306
91482,40.65147,22.872071
340109,37.13682,25.584412
460062,35.203957,24.633151
91454,40.640668,23.025758
250040,39.83385,20.496998
250213,39.774498,20.477055
91450,40.63036,23.043244
91451,40.628315,23.042436
91452,40.640441,23.026907
250148,39.732632,20.617604
91456,40.640123,23.02504
91455,40.639531,23.021715
68030,37.972506,23.647313
370300,35.20824,26.105293
62177,38.054248,23.795144
62211,38.062327,23.802201
66651,37.971772,23.7461
340628,37.389137,24.940482
340629,37.386582,24.930149
340630,37.408132,24.96323
210192,38.413786,26.134211
300290,39.611103,19.88623
400247,39.382056,22.854354
91448,40.780079,22.964158
400242,39.291525,23.14282
91352,40.465349,22.860726
130523,38.354275,23.643709
130524,38.358441,23.645901
130525,38.355322,23.648717
130526,38.354208,23.650698
130423,38.46335,23.601103
140182,39.211814,21.639292
340201,37.885082,24.737692
420455,37.479432,23.470074
40051,37.635311,22.085611
90104,40.688518,22.851129
90095,40.66709,22.896365
210019,38.261824,25.922643
290028,38.43503,20.582997
40316,37.512446,22.372409
67845,38.307667,23.847711
65813,38.008865,23.780909
64661,38.05811,23.727182
66294,38.031765,23.735668
67017,37.892297,24.002211
90976,40.605739,22.959597
91048,40.608481,22.953232
61884,38.052285,23.854642
240315,35.0495,24.889751
410379,36.83503,21.922617
410380,36.820087,21.91349
40509,37.361908,22.539032
110717,36.216614,28.107121
370275,35.246422,25.637357
270331,39.299655,22.126818
110449,36.388165,28.137751
270329,39.338094,22.096729
40515,37.730723,21.960061
130424,38.465595,23.604126
130426,38.462747,23.605946
130427,38.464681,23.607587
150277,38.916034,22.429056
150278,38.910855,22.427879
30226,37.639919,22.729177
30227,37.6405,22.729108
100203,41.15668,24.147511
140163,38.911374,21.800065
40317,37.513387,22.373499
40318,37.513203,22.374769
40319,37.512652,22.373355
40320,37.515004,22.376352
40321,37.516833,22.375767
40322,37.514237,22.373271
300280,39.421218,20.057178
300281,39.423216,20.072694
300251,39.781562,19.744737
91351,40.465349,22.860726
300271,39.555084,19.911926
300272,39.522791,19.922692
30280,37.560539,22.709862
410356,37.300953,21.965642
300218,39.659614,19.838362
430024,40.815633,22.352964
370223,35.011341,25.747312
370249,35.010858,25.744523
370227,35.015102,25.737133
370228,35.014336,25.739972
370229,35.01618,25.741285
370230,35.012567,25.744995
370231,35.014861,25.745256
370232,35.020217,25.749285
90982,40.605528,22.960597
500332,39.549136,21.762854
65854,37.996582,23.791128
130192,38.580479,23.835492
390027,38.791116,20.719326
120069,41.705006,26.295179
390017,38.667673,20.642712
320039,38.011051,22.751111
80057,39.765348,20.388532
300282,39.42434,20.064801
300283,39.42434,20.064801
240346,35.327764,25.307147
240347,35.33213,25.308638
240348,35.327471,25.300165
240350,35.330062,25.297576
70179,38.514026,22.950066
300062,39.585839,19.882389
220178,37.55075,21.819663
20297,38.537794,21.764683
460111,35.352988,24.437144
60714,37.920762,23.700859
340221,37.446868,25.391311
440265,40.093972,22.563803
150180,39.178705,22.287566
340698,37.030336,25.248705
90023,40.731852,22.690499
66045,37.94624,23.763099
350411,36.760664,22.56516
290095,38.301594,20.594981
60267,38.295631,23.902158
60267,38.295631,23.902158
250033,39.665481,20.657537
350418,36.830768,22.438331
60245,38.021101,23.749798
350412,36.760664,22.56516
350349,36.965787,22.987782
420399,37.971496,23.456132
67760,37.979561,23.726586
370172,35.018745,25.855444
70294,38.344892,23.656191
460126,35.190369,24.397542
130527,38.363845,23.641437
130528,38.365884,23.639406
300063,39.588866,19.900692
60270,38.320039,23.796631
300065,39.594082,19.892776
91485,40.615029,22.956364
300064,39.62298,19.884777
90061,40.670854,22.806344
60255,37.974386,23.749163
340691,37.044917,25.247922
150184,38.706702,22.55815
230051,40.486712,22.318354
190263,40.250461,23.248171
190255,40.242795,23.290687
150063,38.711108,23.052206
380006,39.237627,25.977232
440268,40.098496,22.54678
210193,38.417756,26.133532
210194,38.420593,26.133965
320433,38.135847,22.428475
320434,38.131688,22.445441
320435,38.13088,22.412294
320436,38.134542,22.401133
210184,38.307972,26.115164
210185,38.311941,26.11863
450167,39.089494,20.743232
450173,39.087758,20.747234
450174,39.083546,20.724892
110746,37.3094,26.54547
60274,38.053916,23.806541
150279,38.913087,22.425796
150280,38.913772,22.432455
30228,37.641062,22.729696
260075,40.933996,24.710642
60272,37.985864,23.72381
60272,37.985864,23.72381
10034,38.036404,22.168612
50217,39.190724,21.135069
250466,40.239885,20.885908
470261,41.088077,25.234769
40323,37.515043,22.375045
90122,40.753791,22.771514
290148,38.070539,20.79308
290149,38.078386,20.800544
300233,39.704313,19.790982
300234,39.707156,19.796103
300240,39.786794,19.79016
290115,38.172924,20.490084
91142,40.62136,22.957177
91143,40.62093,22.958699
91144,40.621408,22.958249
91145,40.622173,22.958227
91146,40.620363,22.959618
91147,40.621299,22.958918
91148,40.621146,22.959739
91149,40.62023,22.960319
150281,38.915999,22.427549
150282,38.916113,22.431155
91124,40.611272,22.963192
91125,40.609262,22.962752
91126,40.612152,22.955171
120023,41.155819,26.295684
240344,35.328513,25.318753
380075,39.917084,25.11731
40324,37.514725,22.377115
40325,37.515829,22.37516
40326,37.51352,22.379685
40327,37.513083,22.381323
40328,37.515966,22.372159
40329,37.514679,22.381623
40330,37.517881,22.372649
200376,35.347656,24.297427
110798,35.476023,27.11845
150383,38.656168,23.00325
60211,37.989242,23.751498
260030,40.584534,24.637375
60211,37.989242,23.751498
340702,37.849229,24.937812
250048,40.150356,20.936727
370233,35.011903,25.749167
370234,35.014064,25.747671
370237,35.012244,25.735543
370238,35.015349,25.735594
370239,35.017091,25.739822
370241,35.005277,25.737301
370242,35.005476,25.735763
370243,35.009385,25.739336
240345,35.327856,25.323368
380082,39.863404,25.150639
130261,38.950675,23.090172
390013,38.709392,20.710483
70309,38.471958,22.952128
130545,38.386675,23.928091
90266,40.569506,22.959451
240301,35.318989,25.186119
20453,38.407462,21.851753
20462,38.409799,21.849926
220381,37.679465,21.553471
220383,37.679391,21.582235
220385,37.685757,21.615193
260277,40.946833,24.21095
340520,37.124773,25.243571
420458,37.955333,23.528371
68031,37.967738,23.185332
20556,38.627642,21.406547
20557,38.626797,21.408442
250107,40.125813,20.814279
60423,37.974945,23.397101
150244,38.995678,22.112391
260260,40.886662,24.202197
440260,40.495115,22.542988
440262,40.494638,22.545814
91449,40.625181,23.064057
90943,40.64071,22.945712
320184,37.938727,22.940465
350407,36.760664,22.56516
40460,37.361908,22.539032
40487,37.730723,21.960061
40488,37.730723,21.960061
40489,37.681935,22.025803
40490,37.681935,22.025803
40450,37.059478,22.888865
40451,37.059478,22.888865
40452,37.059478,22.888865
320086,37.910182,22.697975
40462,37.361908,22.539032
66829,37.743945,23.908039
300274,39.424503,19.959066
130084,38.451661,24.183113
500418,39.538582,21.357212
50218,39.047841,21.032233
110846,36.603177,27.178375
10252,38.111961,21.64039
450170,39.157579,20.823301
60274,38.053916,23.806541
500388,39.516219,21.804661
260310,41.1208,24.583806
90099,40.635633,22.954865
150392,38.902724,22.333014
300305,39.612696,19.815156
240248,35.341156,25.136336
340229,37.436261,24.933898
170131,38.439833,22.421176
40046,37.689376,21.925023
190117,40.390256,23.054379
70008,38.371873,23.103545
190260,40.250731,23.253528
370281,35.009132,25.653538
150131,38.696437,22.630338
230038,40.523205,22.203688
20068,38.695839,21.18693
230038,40.523205,22.203688
90166,40.837472,23.205822
160065,40.741491,21.440833
110240,36.840174,27.078732
210186,38.311422,26.131596
460051,35.364052,24.477255
60257,37.98226,23.763051
60257,37.98226,23.763051
220032,37.738534,21.535922
67083,37.965446,23.975942
190113,40.302989,23.103061
190108,40.347507,23.015727
240357,35.395731,24.992258
420417,37.752055,23.546457
67808,37.818612,23.850309
60113,37.99365,23.731034
91127,40.611492,22.9556
490070,41.053195,23.584446
60885,38.023176,23.802156
60257,37.98226,23.763051
270152,39.288521,21.577499
320448,37.910593,22.817495
110680,36.951408,26.988896
260090,40.935751,24.394378
390069,38.666953,20.692659
180048,40.061417,21.116957
300241,39.787018,19.790109
520150,37.776005,20.802617
300242,39.786376,19.797368
300259,39.788845,19.920562
300258,39.787872,19.920617
300253,39.782602,19.736956
300252,39.786865,19.749765
91150,40.621063,22.961256
91151,40.621127,22.961201
91152,40.621515,22.960543
91153,40.622112,22.960483
91154,40.622189,22.961992
370250,35.00858,25.734628
370226,35.010743,25.748355
91128,40.611469,22.955254
40399,37.514506,22.371489
40400,37.513671,22.371101
40403,37.510083,22.368353
40404,37.511802,22.370439
70242,38.436388,22.873615
40405,37.513182,22.368575
20406,38.584992,21.436474
60232,38.03776,23.691172
60728,38.027905,23.84388
60729,38.027079,23.845282
60731,38.029714,23.844786
60732,38.031554,23.84638
510057,41.253085,24.51569
130268,38.860811,23.396517
130283,38.967788,23.35659
360371,39.660573,22.402218
300299,39.383989,20.113664
200378,35.448711,24.175297
60211,37.989242,23.751498
460051,35.364052,24.477255
460051,35.364052,24.477255
370246,35.009199,25.731126
370247,35.015068,25.719855
370248,35.012508,25.712674
40363,37.505594,22.395582
420209,37.964204,23.496315
420210,37.963281,23.493762
420211,37.965997,23.492993
100200,41.155004,24.14808
130539,38.393039,23.884949
20665,38.428059,21.320553
20666,38.439179,21.364483
20667,38.438848,21.367716
20668,38.462232,21.363094
240342,35.290057,25.457519
240340,35.282888,25.467532
340575,37.651939,25.049074
110789,36.390277,28.21647
100046,41.253085,24.51569
420410,37.512869,23.444049
100035,41.412952,24.155443
290145,38.116419,20.53542
290105,38.124124,20.537099
290106,38.125196,20.522974
290107,38.122339,20.510988
290097,38.186816,20.416318
470095,41.003845,25.492228
110430,36.433963,28.228893
110435,36.428943,28.22906
460190,35.361888,24.480136
460199,35.358543,24.476327
66909,38.017287,23.728378
66603,38.0157,23.722806
350400,36.666067,22.383709
66838,38.020251,23.992778
90095,40.66709,22.896365
140036,38.802231,21.722251
40473,37.401486,22.277307
80022,39.62906,20.444172
150183,38.965371,22.193468
40453,37.345627,22.761482
10696,37.980519,21.72517
360143,39.44597,22.35699
340704,37.772103,24.950577
140017,39.043134,21.680334
91432,40.73797,22.984443
380202,39.070811,26.591305
130127,38.561332,24.16806
60211,37.989242,23.751498
340103,37.585617,24.273915
190072,40.016597,23.522959
130015,38.147366,24.359687
400152,39.190923,23.285383
260032,40.71936,24.730168
440006,40.270983,22.511121
200367,35.543761,24.062432
200366,35.544014,24.065064
200365,35.546307,24.082773
280177,40.486262,21.19298
310144,40.943524,22.737014
20302,38.492719,21.759372
110179,36.450091,28.222448
370107,35.196772,26.253369
300217,39.652287,19.842219
300223,39.643441,19.849312
110239,36.975206,26.937802
67790,37.827907,24.032147
340533,36.787773,25.801615
130519,38.409083,23.606582
20639,38.930377,21.177423
220145,37.411921,21.671923
110844,36.882484,27.334338
410161,37.064757,21.639284
67933,37.939525,23.482252
300300,39.386101,20.11183
300301,39.389445,20.108059
150008,38.638046,22.591513
130415,38.481917,23.628945
490391,41.005295,23.558405
60113,37.99365,23.731034
67726,37.960373,23.656386
380249,39.15566,26.520257
130194,38.820815,23.407687
430204,40.976852,22.059701
430205,40.961381,22.07935
490382,40.792427,23.841964
70222,38.438199,22.888554
160124,40.861988,21.613359
80165,39.723615,20.348109
62957,38.005623,23.785778
130625,38.902811,23.156516
70049,38.438987,22.880481
130102,38.929575,23.282511
90204,40.683308,22.790139
60733,38.030856,23.848754
60734,38.030016,23.851012
340161,37.444931,24.943758
90132,40.743755,23.589473
220160,37.860204,21.15434
490065,41.177355,23.397
220140,37.898386,21.311845
430070,40.756643,22.521548
340065,37.885082,24.737692
190068,40.348264,23.30881
130417,38.486475,23.631988
30222,37.637677,22.723376
30223,37.638983,22.724519
30224,37.639709,22.724738
150276,38.915743,22.426878
30225,37.638939,22.7218
130421,38.463399,23.598965
130422,38.464996,23.601597
220312,37.671904,21.464936
220313,37.670395,21.473356
70223,38.441032,22.890401
70236,38.432786,22.869566
70224,38.438814,22.891555
70225,38.440207,22.893955
150275,38.912238,22.425979
60113,37.99365,23.731034
130346,38.461717,23.60198
110790,36.387239,28.214408
300294,39.629442,19.803776
300295,39.607817,19.81211
300297,39.593626,19.809167
300296,39.612696,19.815156
340690,37.042475,25.249641
340695,37.05111,25.246288
340700,37.050233,25.238597
290147,38.119054,20.520357
80155,39.600138,20.307707
240104,35.334337,25.118779
230058,40.558526,22.188377
90235,40.569929,22.983717
240103,35.328471,25.136269
460027,35.370711,24.702183
60262,37.997519,23.716955
110261,36.772485,27.053096
70129,38.453989,22.797068
360125,40.767056,22.926926
240137,35.201125,24.999188
110259,36.618419,27.170703
60108,38.088237,23.808159
240122,35.326613,25.343451
60288,37.942475,24.009749
320137,37.960077,22.970081
230038,40.523205,22.203688
60203,38.002826,23.731733
270162,39.396493,21.898709
60211,37.989242,23.751498
90094,40.654458,22.926833
60927,37.918305,23.715718
60203,38.002826,23.731733
250058,39.66616,20.852682
370006,35.189506,25.718565
61020,37.913854,23.723227
230001,40.629075,22.439927
60195,37.97626,23.710291
60272,37.985864,23.72381
20148,38.393606,21.833529
90181,40.691602,22.790382
10257,38.258667,21.744399
420074,37.940648,23.645626
90355,40.638396,22.854276
60959,37.913186,23.715767
480053,37.71618,27.050714
290042,38.157697,20.385425
60932,37.923222,23.714125
60997,37.908093,23.717442
60913,37.92107,23.72543
460088,35.383247,24.587906
20330,38.667318,21.313808
60034,38.045126,23.804014
90073,40.61237,22.96756
420080,37.963323,23.61963
400078,39.361904,22.946673
60944,37.928012,23.728813
330083,40.513196,21.680117
240103,35.328471,25.136269
60017,37.964376,23.725013
520015,37.787826,20.899928
90095,40.66709,22.896365
210004,38.377132,26.021961
10251,38.108606,21.594671
230071,40.652786,22.122639
500007,39.868305,21.465922
500030,39.842461,21.786359
340223,37.122599,25.234098
190130,40.281155,23.294801
380046,38.987554,26.489649
220219,37.936828,21.262901
120086,40.85754,25.934772
320107,37.977954,22.558471
320121,37.893939,22.927024
520056,37.794729,20.888701
170004,38.527876,22.378299
260046,40.779688,24.709862
70128,38.48023,22.584847
60126,38.080073,23.736107
500038,39.706242,21.621678
400103,39.438403,22.888754
130286,38.898756,23.40243
110081,35.505851,27.210922
320076,37.865666,22.528569
310020,40.979494,22.390044
90092,40.465349,22.860726
90037,40.748454,23.069701
150189,39.077361,22.315098
460108,35.362406,24.438292
320100,38.066363,22.980274
310120,40.981431,22.944217
170054,38.70069,22.290409
140057,39.080339,21.581087
140158,38.749558,21.635744
20288,38.633203,21.792339
140146,38.776197,21.872927
140118,38.82204,21.797447
60288,37.942475,24.009749
140083,38.871438,21.68392
330055,40.248935,21.678407
340105,37.413272,24.427826
180012,40.193853,21.342757
140184,39.128351,21.452378
300044,39.536725,19.871298
20259,38.615387,21.886933
490055,41.159302,23.61122
64326,37.96119,23.674149
64293,37.959023,23.67014
64294,37.958009,23.673464
64328,37.960298,23.677987
20265,38.593228,21.735092
50103,39.280825,21.390584
270018,39.238127,21.798195
50118,39.385716,21.237008
30117,37.4445,23.266681
140110,39.007959,21.522165
500101,39.439395,21.34875
420459,37.951562,23.521838
410406,37.290101,21.856134
130158,38.015022,24.420561
20153,38.875916,21.496605
140150,38.978666,21.672096
40309,37.473004,22.369182
150182,38.955348,22.9676
420461,37.946956,23.516046
420462,37.955431,23.515791
420463,37.957826,23.518138
420479,37.959713,23.52186
420480,37.959443,23.521379
420481,37.956017,23.521168
380276,39.864802,25.146759
500069,39.464066,21.410058
260358,40.935974,24.41613
410189,37.24508,21.831291
350195,36.929793,22.535112
210196,38.372845,26.133638
270014,39.238127,21.798195
500370,39.599221,21.296468
65693,37.954502,23.686417
110849,36.953039,26.980266
410402,37.298981,21.698676
410403,37.250576,21.668968
320031,38.022362,22.886814
280054,40.426708,21.234303
450166,39.133805,20.67256
280051,40.339622,21.031411
260359,40.741462,23.98243
60316,38.335955,23.723965
130630,38.099861,24.327858
350463,36.503874,22.395133
110847,36.421828,27.380099
350045,36.5123,22.402289
360132,39.523636,22.366705
91483,40.431839,23.133491
40128,37.720413,22.251061
280073,40.379161,21.104986
140051,39.069124,21.538242
64251,37.957971,23.668627
64271,37.957392,23.665605
64292,37.960654,23.669576
68114,37.964965,23.650302
240136,35.186021,25.280051
10059,38.187807,22.196443
180062,40.163926,21.180695
370305,35.018745,25.855444
270336,39.271306,21.595611
20679,38.56631,21.918383
350136,36.422804,22.475036
270019,39.251231,21.658408
20676,38.60725,21.852775
140089,38.915217,21.793509
140032,38.957108,21.604213
140098,38.802167,21.629139
500049,39.631306,21.237004
140091,38.9365,21.53727
140175,38.869518,21.728078
500020,39.682675,21.189972
350114,36.500899,22.385106
140177,38.915217,21.793509
140196,38.790603,21.683133
140192,39.144269,21.402813
91425,40.662274,22.638335
140010,38.755777,21.573387
240402,35.032624,25.26757
340644,36.410742,25.44513
150064,38.913668,22.617068
420430,37.770325,23.482973
140181,38.739811,21.717846
350118,36.442935,22.469239
350127,36.445563,22.484315
20334,38.769884,20.803861
140040,38.762522,21.592002
140041,39.074787,21.488258
180126,40.178664,21.52216
64370,38.028226,23.856241
440303,40.230354,22.499664
280063,40.419414,21.176217
140034,38.925813,21.719122
140035,38.885229,21.800731
180061,39.924965,21.518838
90172,40.558248,22.987884
64324,37.959574,23.673637
64291,37.959739,23.672808
340195,36.428653,25.343182
64198,37.962928,23.678674
64200,37.96233,23.680894
240139,34.999689,25.382183
20289,38.627811,21.775711
140100,39.043534,21.539729
260297,40.936138,24.414345
20275,38.680411,21.898128
350144,36.518278,22.382676
65694,37.955803,23.685451
65696,37.953333,23.686012
65699,37.954222,23.681962
65761,37.954832,23.689115
20055,38.874931,21.567304
20056,38.838271,21.54002
20206,38.723835,21.514124
50249,39.22471,21.309623
20167,38.925975,21.409722
140179,39.06836,21.445551
50248,39.2421,21.305979
340150,37.157301,24.504678
410404,37.338476,21.772572
380113,39.110267,26.095258
130621,38.410493,24.037125
20111,38.656498,21.749533
110026,36.547647,26.352359
350151,36.509836,22.370382
68117,37.948943,23.768949
510026,41.156585,24.885049
68116,37.947936,23.771693
20139,38.457747,21.643069
20695,38.696077,21.603267
400006,39.025716,22.809886
500046,39.635596,21.58532
200495,35.516318,24.017769
68127,38.024468,23.856014
270317,39.270123,21.782316
68128,38.024713,23.853967
140195,39.004834,21.638737
260295,40.933364,24.413995
340709,37.035552,25.078436
20260,38.533518,21.898501
20273,38.514211,21.914328
20010,38.855502,21.499968
20208,38.792538,21.502348
330152,40.460082,21.672447
20040,38.496019,21.875822
150185,38.589293,22.944945
140155,38.739709,21.761763
350465,36.501325,22.469317
90054,40.687238,23.27745
500152,39.756853,21.33574
500156,39.759329,21.36686
470097,41.077388,25.333643
420460,37.949364,23.522861
340152,37.195129,24.474174
180161,40.143728,21.288582
60364,38.279894,23.794732
250484,39.939537,20.604622
250485,39.939316,20.640293
210088,38.334113,26.129842
140176,39.004834,21.638737
460246,35.18369,24.402581
350462,36.422209,22.489076
270096,39.247325,21.406776
150436,38.756972,22.150472
20686,38.575706,21.75235
350105,36.436098,22.482965
380098,39.291799,26.133776
20693,38.672858,21.807778
20074,38.491389,21.891425
270335,39.138819,21.790102
130100,38.399262,24.137194
240099,35.258271,25.235554
340712,37.034779,24.651605
130336,38.809016,23.230753
140064,38.951245,21.681745
270083,39.349749,21.455787
270039,39.271306,21.542251
110850,35.505851,27.210922
450200,39.374311,20.940402
340719,36.632192,24.894247
190108,40.347507,23.015727
450012,39.277777,20.646043
130064,38.848916,23.289444
340205,37.885082,24.737692
68120,37.946843,23.773359
70336,38.428302,22.672392
140178,38.834209,21.810059
340208,37.885082,24.737692
140185,38.881214,21.824343
340733,37.082366,25.348053
250066,39.898895,20.398567
280062,40.623258,21.20101
500074,39.83899,21.8663
240080,35.127205,24.905927
490057,41.195889,23.546038
350461,36.841887,22.496038
20135,38.483806,21.585544
490403,41.360865,23.359239
120401,41.647772,26.474718
68122,37.944822,23.768478
68121,37.945501,23.770723
68119,37.945768,23.771911
430184,40.714146,22.00032
190243,40.368843,23.159825
180072,40.1397,21.202976
340015,36.752576,25.322102
400083,39.068243,22.801805
400110,39.286148,23.258933
390082,38.654412,20.788219
190087,40.396878,23.879229
260298,40.935285,24.413684
68118,37.943588,23.770468
330047,40.265653,21.815667
130006,38.959801,23.29299
100095,41.190353,23.931213
170139,38.527876,22.378299
350156,36.525897,22.473302
210022,38.514677,26.218044
110241,36.339638,27.949867
270092,39.353606,21.454019
240327,35.2112,25.195603
68133,38.082628,23.567541
140063,39.017261,21.551887
20283,38.574797,21.830597
180057,40.192841,21.320955
170137,38.381477,22.078209
250483,39.969781,20.626298
130640,38.28237,24.140545
64197,37.960689,23.680194
110227,36.253343,28.158757
370145,35.214243,26.188139
340732,37.122599,25.234098
340717,37.073818,25.520075
340716,37.073818,25.520075
340715,37.019614,25.571381
450014,39.177685,20.629694
130135,38.939629,23.429842
490342,41.094793,23.503821
490343,41.085239,23.544024
490344,41.101581,23.496543
130269,38.397246,23.620968
350086,36.67089,22.393482
20016,38.866747,21.613058
20280,38.72135,21.915025
64295,37.959444,23.669191
64289,37.957355,23.671235
68115,37.948156,23.768778
65690,37.95658,23.689573
40148,37.640385,22.383992
40143,37.648906,22.425695
140183,38.903425,21.600837
370103,35.045294,26.060444
280077,40.366336,21.121528
270095,39.153913,21.870065
280079,40.592992,21.366656
490345,41.098854,23.495248
490347,41.10341,23.49625
490348,41.099421,23.493049
20197,38.873017,21.597876
130637,38.010164,24.563801
200529,35.393986,23.942374
120103,41.375767,26.379107
460247,35.295258,24.831181
460248,35.343773,24.600915
410405,36.824975,22.280632
140055,38.987892,21.819754
65691,37.956638,23.689295
65692,37.956083,23.687127
20104,38.789208,21.484558
64296,37.961841,23.6716
64317,37.957589,23.672413
220409,37.738534,21.535922
340731,37.485656,25.325415
350378,36.666067,22.383709
40122,37.730723,21.960061
340710,37.03664,25.06722
20365,38.684875,21.524857
270259,39.319606,21.917729
270343,39.365219,21.920051
64369,38.019981,23.861762
140111,38.957108,21.604213
240103,35.328471,25.136269
240103,35.328471,25.136269
240105,35.341156,25.136336
260006,40.984748,24.702271
90073,40.61237,22.96756
50013,39.162147,20.985769
460051,35.364052,24.477255
150058,38.901441,22.431399
320118,37.976901,22.977173
390009,38.833253,20.704361
60893,38.026548,23.998977
200196,35.233984,23.685363
60975,37.918184,23.711119
10258,38.234396,21.73088
160073,40.818306,21.524654
60262,37.997519,23.716955
60203,38.002826,23.731733
40272,37.435464,22.735628
60136,37.963987,23.571556
60199,37.989594,23.665008
490123,41.291152,23.502619
180119,40.049667,21.179108
10291,37.841625,21.976122
190129,40.282933,23.400147
200027,35.419098,24.066609
350057,36.513867,23.058365
450029,39.246718,20.746452
450036,39.28504,20.400957
120309,40.980425,26.209221
500043,39.648148,21.488838
50254,39.224376,21.181818
50085,39.295012,21.197851
420006,37.709792,23.349831
280086,40.350095,21.080189
80168,39.594364,20.391517
100147,41.231493,24.164998
400167,39.285312,22.642231
70077,38.387703,23.394645
320022,38.099253,22.491937
67423,38.126809,23.530921
320449,38.029892,22.367616
160089,40.727638,21.672164
280116,40.571723,21.270734
120310,40.973722,26.188837
440104,40.385168,22.514381
80052,39.525269,20.556551
50078,39.18535,21.336101
500011,39.486924,21.310583
500093,39.526736,21.307712
150195,39.070962,22.545009
500064,39.444939,21.256133
130093,38.799471,23.476539
340016,37.572144,25.113741
280055,40.27425,20.975557
150097,39.002728,21.912603
390087,38.773883,20.603829
20113,38.637581,21.687927
80004,39.414597,20.534867
140031,38.807065,21.650252
130219,38.015022,24.420561
140079,38.744113,21.634452
500380,39.762605,21.468603
390023,38.621854,20.929481
220408,37.908548,21.203382
50048,39.241232,21.041927
500423,39.46685,21.300876
300307,39.619117,19.840605
50252,39.237624,21.140689
270091,39.323333,21.484157
130073,38.144893,24.394034
500080,39.365583,21.323393
500006,39.505645,21.314771
500091,39.472594,21.256222
20699,38.623911,21.41029
340724,37.035552,25.078436
500425,39.456232,21.333568
80035,39.516865,20.602876
20272,38.636314,21.835328
150127,38.953089,22.059406
80067,39.685189,20.364256
350469,36.298512,22.964267
80050,39.628225,20.412347
370314,35.20824,26.105293
370312,35.20824,26.105293
370313,35.20824,26.105293
170104,38.446517,22.303396
350245,37.292435,22.502454
140052,39.138302,21.504494
140174,38.749856,21.889108
280081,40.356842,21.203419
70156,38.423417,23.354421
130147,38.75637,23.585769
20198,39.000462,21.232304
370311,35.20824,26.105293
130645,38.621066,23.697847
500085,39.469206,21.365148
500132,39.407422,21.388529
340631,37.869178,24.837265
140186,39.031249,21.725899
40171,37.642935,21.987421
20108,38.421323,21.929636
140019,39.132744,21.423427
70010,38.198528,23.051197
130195,38.619666,23.890821
150053,38.78675,22.077778
20700,38.660283,21.901494
340145,36.734578,25.361375
150084,38.83759,22.044169
50126,39.209168,21.329389
130090,37.975404,24.536291
150082,38.79896,22.194856
450201,39.2033,20.611538
80166,39.576534,20.397042
140001,39.056219,21.679772
270192,39.308757,21.716969
80007,39.570887,20.441605
270104,39.228511,21.372753
270322,39.403878,22.220175
50040,39.255752,21.036745
150098,38.829603,22.090195
140191,38.957952,21.614085
140187,38.985706,21.555819
420482,37.349025,23.465561
380277,39.104354,26.553049
260296,40.93543,24.416723
260357,40.933009,24.415331
280087,40.175606,21.029358
20105,38.737538,21.518564
280061,40.361653,21.156011
130122,38.625223,23.95233
80055,39.418005,20.610837
80053,39.35703,20.64047
270325,39.379166,21.465268
80060,39.607882,20.430441
20093,38.759044,21.536754
50119,39.24876,21.372855
20043,38.917753,21.2652
20692,38.874225,21.254222
20233,38.9732,21.206689
340206,37.901943,24.783685
340573,37.625426,25.049175
80065,39.555219,20.373575
170094,38.438775,21.946475
80061,39.581625,20.415783
80063,39.677889,20.304749
80064,39.655497,20.369867
68134,37.961355,23.752121
150015,38.798974,22.055398
10744,38.159639,22.329922
10745,38.161182,22.33203
80040,39.615763,20.498759
20128,38.99285,21.191131
150437,38.985212,21.900406
150435,38.939809,22.115212
450056,39.216593,20.635493
50102,39.379531,21.230942
20296,38.497364,21.803764
150111,38.805,22.171111
270350,39.340364,21.678053
330136,40.274787,21.755081
90209,40.653496,22.909935
300014,39.619755,19.919074
60262,37.997519,23.716955
320063,37.937308,22.840894
60113,37.99365,23.731034
420071,37.952937,23.630392
60062,37.945932,23.693435
130088,38.015022,24.420561
430030,40.76783,22.153381
60034,38.045126,23.804014
60200,37.993717,23.766011
40129,37.530935,22.010611
40063,37.474364,21.995282
250002,39.76938,20.541244
200188,35.514916,24.043111
190158,40.325903,23.267839
270194,39.401495,22.014107
68053,37.974386,23.749163
290033,38.364905,20.720566
130008,38.856324,23.043402
180098,40.044829,21.688028
320457,38.053519,23.029464
320456,38.053519,23.029464
40001,37.328291,22.693291
50056,39.265821,21.050912
50041,39.179257,21.081027
140145,38.751541,21.81505
270100,39.3575,21.504157
180075,40.138505,21.228626
490023,41.360865,23.359239
510014,41.197689,24.825421
30338,37.325833,23.142882
240101,35.328045,25.310826
91495,40.483216,23.055274
91496,40.483821,23.04813
91497,40.481305,23.048373
310021,41.164311,22.89598
490085,41.042427,23.315139
40277,37.302026,22.758419
250061,39.490348,20.976182
50117,39.332616,21.241042
360105,39.566767,22.603922
500055,39.536584,21.563752
460056,35.301519,24.46023
360003,39.395339,22.424835
500068,39.6715,21.837695
240113,35.38264,24.959395
500087,39.447507,21.228078
250229,39.415817,20.83848
500065,39.6536,21.823088
360130,39.241735,22.4825
90145,40.458298,23.181864
360002,39.792445,22.119798
440299,40.189198,22.482211
110045,35.757522,27.206652
40159,37.358381,22.678774
90184,39.990443,23.986742
430185,40.79592,22.415238
120098,41.480493,26.394965
20691,38.890546,21.383289
250492,39.645035,21.02844
410206,37.12039,21.576909
410182,37.033851,21.617132
110001,35.427682,27.150305
430207,40.790955,22.046867
500138,39.6085,21.603485
140081,39.149127,21.481033
350081,36.842398,22.423268
510048,41.362955,25.00469
240106,35.332044,25.18688
20344,38.417197,21.621658
440001,40.248663,22.269095
330083,40.513196,21.680117
380030,39.104354,26.553049
60156,37.962081,23.913579
160014,40.779445,21.409362
50013,39.162147,20.985769
210006,38.371315,26.136303
180024,40.084763,21.425523
30014,37.633725,22.73001
10016,38.251325,22.085218
30048,37.565198,22.801926
70049,38.438987,22.880481
20138,38.368997,21.431419
60087,37.713661,24.053943
230026,40.632509,22.068259
120011,41.348682,26.493696
410078,37.052502,22.008352
60279,38.053611,23.720276
60150,37.747546,23.908209
320043,37.938625,22.930735
370079,35.20824,26.105293
70074,38.321362,23.317261
260090,40.935751,24.394378
80012,39.503707,20.263673
40119,37.507227,22.376137
60240,38.080073,23.736107
450042,38.955495,20.753068
60296,38.04198,23.541069
140037,38.915217,21.793509
120033,41.501716,26.531983
60194,37.956481,23.650933
360088,39.630483,22.409969
340122,37.449801,25.33006
90103,40.597768,22.965018
90061,40.670854,22.806344
60193,38.008248,23.698936
350089,37.074908,22.430664
60198,37.927925,23.749884
60260,38.043077,23.753526
60014,37.994463,23.674592
340223,37.122599,25.234098
90103,40.597768,22.965018
90093,40.42387,22.925093
110179,36.450091,28.222448
90110,40.730702,22.917343
60198,37.927925,23.749884
60027,38.023176,23.802156
90073,40.61237,22.96756
60257,37.98226,23.763051
60323,38.026548,23.998977
270017,39.365219,21.920051
60274,38.053916,23.806541
60027,38.023176,23.802156
90103,40.597768,22.965018
60282,37.920762,23.700859
460051,35.364052,24.477255
60307,37.724808,23.944946
60276,38.016111,23.736109
90105,40.687845,22.950508
60274,38.053916,23.806541
90073,40.61237,22.96756
340708,37.556096,25.11853
60255,37.974386,23.749163
200016,35.51137,24.013618
110213,36.415401,28.138047
260091,40.937601,24.408921
90072,40.633778,22.944027
60257,37.98226,23.763051
60278,38.110884,23.842257
420046,37.945997,23.646649
20022,38.623911,21.41029
90008,40.721209,23.706611
60276,38.016111,23.736109
60293,38.005789,23.876095
90104,40.688518,22.851129
60260,38.043077,23.753526
130059,38.462286,23.594232
370035,35.009385,25.739336
150058,38.901441,22.431399
90105,40.687845,22.950508
60051,38.010149,23.848731
60318,38.203309,23.964059
60257,37.98226,23.763051
90103,40.597768,22.965018
60260,38.043077,23.753526
90073,40.61237,22.96756
90072,40.633778,22.944027
60027,38.023176,23.802156
60276,38.016111,23.736109
180115,39.947725,21.622777
60325,38.129229,23.787889
60930,37.922887,23.711961
60200,37.993717,23.766011
60954,37.913724,23.715253
440059,40.303559,22.466142
190020,40.240536,23.284456
420035,37.500276,23.452339
240141,35.126468,24.828295
250193,39.902507,20.821092
110141,36.133835,27.743425
500205,39.526711,21.765622
500206,39.528215,21.767246
460254,35.219487,24.534535
460255,35.36897,24.615782
480182,37.75345,26.978699
50090,39.371865,21.138136
130144,38.314918,24.226346
470075,41.041313,25.404083
360150,40.06643,22.229915
310060,40.911309,22.87143
110010,35.624794,27.103464
350379,36.760664,22.56516
240102,35.284593,25.190089
270144,39.336409,22.013349
67627,37.958233,23.645131
350148,36.637861,22.380247
460256,35.219487,24.534535
110852,35.505851,27.210922
67646,37.958934,23.645469
220414,37.736784,21.409654
460253,35.219487,24.534535
400307,39.374487,22.934747
510285,41.275121,24.970451
510286,41.275878,24.972301
60283,37.841691,23.765129
60027,38.023176,23.802156
60257,37.98226,23.763051
90072,40.633778,22.944027
60257,37.98226,23.763051
60027,38.023176,23.802156
420046,37.945997,23.646649
90103,40.597768,22.965018
130019,38.410493,24.037125
111111,38.021101,23.749798
111111,38.021101,23.749798
60298,37.766157,24.074709
40105,37.616609,21.838849
360064,39.916298,22.602034
230162,40.659783,22.511896
130337,38.75637,23.585769
130658,38.833204,23.36339
140082,38.815199,21.61282
130657,38.835955,23.389789
400306,39.180307,22.761365
130654,38.788379,23.39307
130653,38.239012,24.222771
130652,38.249828,24.210314
480011,37.531655,25.993156
200532,35.522204,24.131562
130655,38.809016,23.230753
130656,38.832828,23.341158
490027,41.091556,23.548944
20148,38.393606,21.833529
60027,38.023176,23.802156
60276,38.016111,23.736109
60278,38.110884,23.842257
60260,38.043077,23.753526
200472,35.517018,24.119492
91501,40.427688,23.027432
240406,35.269955,25.138297
91499,40.431067,23.029078
91500,40.428967,23.029257
240407,35.292071,25.43597
240409,35.294589,25.424041
470129,41.12032,25.394545
510162,41.131987,24.894482
20371,38.646554,21.374152
240408,35.292663,25.429264
110853,36.253343,28.158757
240410,35.331693,25.345524
240411,35.331921,25.344507
90073,40.61237,22.96756
60282,37.920762,23.700859
90072,40.633778,22.944027
1000528,39.531963,20.691445
10802,37.898823,22.124914
10806,37.898823,22.124914
250366,39.596052,20.572677
90103,40.597768,22.965018
60233,37.952261,23.705442
60257,37.98226,23.763051
10808,37.898823,22.124914
200016,35.51137,24.013618
110219,36.413493,28.210201
60027,38.023176,23.802156
360101,39.636192,22.421966
90103,40.597768,22.965018
90425,40.725467,22.921677
90429,40.721583,22.905339
91498,40.426875,23.029248
110097,36.892389,27.290065
90252,40.577051,22.959781
130314,38.441755,23.62564
60276,38.016111,23.736109
130317,38.438513,23.627653
60260,38.043077,23.753526
410358,37.287186,21.817236
410168,36.999588,21.683338
60027,38.023176,23.802156
60027,38.023176,23.802156
10800,37.898823,22.124914
250443,39.548674,21.011355
250052,39.63595,20.628578
250400,39.596052,20.572677
40469,37.401647,22.134388
350427,36.298512,22.964267
330281,40.262266,21.325431
330283,40.262266,21.325431
90103,40.597768,22.965018
60264,37.957945,23.731942
200537,35.233984,23.685363
330272,40.262266,21.325431
330274,40.262266,21.325431
250407,39.523086,21.10204
250380,39.523086,21.10204
